Name,Date,habitat,country,locality,site,strata,Height..cm.,Latitude,Longitude,Depth,Camera,Photographer,Water.quality,Strobes,Framing.gear.used,White.balance.card,Comments,Annotation.status,Annotation.area,CNTR.A,CRB.A,MOB.A,SP.A,WPOT.A,SU.A,SC.A,MAA.A,MAEN.A,MAENRC.A,MAFG.A,MAFR.A,MAG.A,MALCB.A,MASB.A,MASG.A,CNTR,CRB,MOB,SP,WPOT,SU,SC,MAA,MAEN,MAENRC,MAFG,MAFR,MAG,MALCB,MASB,MASG
DSCN8743.jpg,05/11/2018,ROCKY SHORE,ARGENTINA,PUERTO MADRYN,PUNTA CUEVAS,HIGHTIDE,60,-42.77986,-65.00171,NA,COOLPIX AW130,Bigatti,INTERTIDAL.AUTO,0,50 X 50,0,Intertidal Argentina,Photoquadrat Robot,X: 0 - 100% / Y: 0 - 100%,0,0,0,0,0,0,93,0,0,0,4,0,0,0,0,3,0,0,1,0,0,0,86,0,0,0,13,0,0,0,0,0
DSCN8744.jpg,05/11/2018,ROCKY SHORE,ARGENTINA,PUERTO MADRYN,PUNTA CUEVAS,HIGHTIDE,60,-42.77986,-65.00171,NA,COOLPIX AW130,Bigatti,INTERTIDAL.AUTO,0,50 X 50,0,Intertidal Argentina,Photoquadrat Robot,X: 0 - 100% / Y: 0 - 100%,0,0,0,0,0,0,94,0,0,0,6,0,0,0,0,0,0,2,2,0,0,0,23,0,0,0,73,0,0,0,0,0
DSCN8745.jpg,05/11/2018,ROCKY SHORE,ARGENTINA,PUERTO MADRYN,PUNTA CUEVAS,HIGHTIDE,60,-42.77986,-65.00171,NA,COOLPIX AW130,Bigatti,INTERTIDAL.AUTO,0,50 X 50,0,Intertidal Argentina,Photoquadrat Robot,X: 0 - 100% / Y: 0 - 100%,0,0,0,0,0,0,92,0,0,0,6,0,0,0,0,2,0,0,0,0,0,0,32,0,0,0,68,0,0,0,0,0
DSCN8746.jpg,05/11/2018,ROCKY SHORE,ARGENTINA,PUERTO MADRYN,PUNTA CUEVAS,HIGHTIDE,60,-42.77986,-65.00171,NA,COOLPIX AW130,Bigatti,INTERTIDAL.AUTO,0,50 X 50,0,Intertidal Argentina,Photoquadrat Robot,X: 0 - 100% / Y: 0 - 100%,0,0,0,0,0,0,94,0,0,0,6,0,0,0,0,0,0,0,0,0,0,0,18,0,0,0,82,0,0,0,0,0
DSCN8747.jpg,05/11/2018,ROCKY SHORE,ARGENTINA,PUERTO MADRYN,PUNTA CUEVAS,HIGHTIDE,60,-42.77986,-65.00171,NA,COOLPIX AW130,Bigatti,INTERTIDAL.AUTO,0,50 X 50,0,Intertidal Argentina,Photoquadrat Robot,X: 0 - 100% / Y: 0 - 100%,0,0,1,0,0,0,76,0,0,0,22,0,0,0,0,1,0,0,0,0,0,0,14,0,0,0,86,0,0,0,0,0
DSCN8748.jpg,05/11/2018,ROCKY SHORE,ARGENTINA,PUERTO MADRYN,PUNTA CUEVAS,HIGHTIDE,60,-42.77986,-65.00171,NA,COOLPIX AW130,Bigatti,INTERTIDAL.AUTO,0,50 X 50,0,Intertidal Argentina,Photoquadrat Robot,X: 0 - 100% / Y: 0 - 100%,0,0,0,0,0,0,72,1,0,0,27,0,0,0,0,0,0,0,10,0,0,0,28,0,0,0,62,0,0,0,0,0
DSCN8749.jpg,05/11/2018,ROCKY SHORE,ARGENTINA,PUERTO MADRYN,PUNTA CUEVAS,HIGHTIDE,60,-42.77986,-65.00171,NA,COOLPIX AW130,Bigatti,INTERTIDAL.AUTO,0,50 X 50,0,Intertidal Argentina,Photoquadrat Robot,X: 0 - 100% / Y: 0 - 100%,0,0,0,0,0,0,24,0,0,0,76,0,0,0,0,0,0,0,15,0,0,0,55,0,0,0,30,0,0,0,0,0
DSCN8750.jpg,05/11/2018,ROCKY SHORE,ARGENTINA,PUERTO MADRYN,PUNTA CUEVAS,HIGHTIDE,60,-42.77986,-65.00171,NA,COOLPIX AW130,Bigatti,INTERTIDAL.AUTO,0,50 X 50,0,Intertidal Argentina,Photoquadrat Robot,X: 0 - 100% / Y: 0 - 100%,0,0,0,0,0,0,41,0,0,0,58,0,0,0,0,1,0,0,0,0,0,0,81,0,0,0,17,0,0,0,0,2
DSCN8751.jpg,05/11/2018,ROCKY SHORE,ARGENTINA,PUERTO MADRYN,PUNTA CUEVAS,HIGHTIDE,60,-42.77986,-65.00171,NA,COOLPIX AW130,Bigatti,INTERTIDAL.AUTO,0,50 X 50,0,Intertidal Argentina,Photoquadrat Robot,X: 0 - 100% / Y: 0 - 100%,0,0,0,0,0,0,29,0,0,0,71,0,0,0,0,0,0,0,0,0,0,0,82,0,0,0,18,0,0,0,0,0
DSCN8752.jpg,05/11/2018,ROCKY SHORE,ARGENTINA,PUERTO MADRYN,PUNTA CUEVAS,HIGHTIDE,60,-42.77986,-65.00171,NA,COOLPIX AW130,Bigatti,INTERTIDAL.AUTO,0,50 X 50,0,Intertidal Argentina,Photoquadrat Robot,X: 0 - 100% / Y: 0 - 100%,0,0,0,0,0,0,52,0,0,0,48,0,0,0,0,0,0,0,0,0,0,0,78,0,0,0,22,0,0,0,0,0
DSCN8582.jpg,25/10/2018,ROCKY SHORE,ARGENTINA,PUERTO MADRYN,PUNTA ESTE,HIGHTIDE,60,-42.78511,-64.95264,NA,COOLPIX AW130,Bigatti,INTERTIDAL.AUTO,0,50 X 50,0,Intertidal Argentina,Photoquadrat Robot,X: 0 - 100% / Y: 0 - 100%,0,0,0,0,0,0,72,0,0,0,23,0,0,0,0,5,0,11,1,0,0,0,84,0,0,0,4,0,0,0,0,0
DSCN8584.jpg,25/10/2018,ROCKY SHORE,ARGENTINA,PUERTO MADRYN,PUNTA ESTE,HIGHTIDE,60,-42.78511,-64.95264,NA,COOLPIX AW130,Bigatti,INTERTIDAL.AUTO,0,50 X 50,0,Intertidal Argentina,Photoquadrat Robot,X: 0 - 100% / Y: 0 - 100%,0,0,1,0,0,0,60,0,0,0,35,0,0,0,0,4,0,4,0,0,0,0,89,0,0,0,7,0,0,0,0,0
DSCN8587.jpg,25/10/2018,ROCKY SHORE,ARGENTINA,PUERTO MADRYN,PUNTA ESTE,HIGHTIDE,60,-42.78511,-64.95264,NA,COOLPIX AW130,Bigatti,INTERTIDAL.AUTO,0,50 X 50,0,Intertidal Argentina,Photoquadrat Robot,X: 0 - 100% / Y: 0 - 100%,0,0,0,0,0,0,99,0,0,0,1,0,0,0,0,0,0,2,0,0,0,0,92,0,0,0,6,0,0,0,0,0
DSCN8588.jpg,25/10/2018,ROCKY SHORE,ARGENTINA,PUERTO MADRYN,PUNTA ESTE,HIGHTIDE,60,-42.78511,-64.95264,NA,COOLPIX AW130,Bigatti,INTERTIDAL.AUTO,0,50 X 50,0,Intertidal Argentina,Photoquadrat Robot,X: 0 - 100% / Y: 0 - 100%,0,0,0,0,0,0,100,0,0,0,0,0,0,0,0,0,0,3,0,0,0,0,93,0,1,0,3,0,0,0,0,0
DSCN8589.jpg,25/10/2018,ROCKY SHORE,ARGENTINA,PUERTO MADRYN,PUNTA ESTE,HIGHTIDE,60,-42.78511,-64.95264,NA,COOLPIX AW130,Bigatti,INTERTIDAL.AUTO,0,50 X 50,0,Intertidal Argentina,Photoquadrat Robot,X: 0 - 100% / Y: 0 - 100%,0,0,0,0,0,0,96,0,0,0,4,0,0,0,0,0,0,4,0,0,0,0,85,0,2,0,9,0,0,0,0,0
DSCN8590.jpg,25/10/2018,ROCKY SHORE,ARGENTINA,PUERTO MADRYN,PUNTA ESTE,HIGHTIDE,60,-42.78511,-64.95264,NA,COOLPIX AW130,Bigatti,INTERTIDAL.AUTO,0,50 X 50,0,Intertidal Argentina,Photoquadrat Robot,X: 0 - 100% / Y: 0 - 100%,0,1,0,0,0,0,94,0,0,0,4,0,0,1,0,0,0,9,0,0,0,0,86,0,0,0,5,0,0,0,0,0
DSCN8591.jpg,25/10/2018,ROCKY SHORE,ARGENTINA,PUERTO MADRYN,PUNTA ESTE,HIGHTIDE,60,-42.78511,-64.95264,NA,COOLPIX AW130,Bigatti,INTERTIDAL.AUTO,0,50 X 50,0,Intertidal Argentina,Photoquadrat Robot,X: 0 - 100% / Y: 0 - 100%,0,0,0,0,0,0,98,0,0,0,2,0,0,0,0,0,0,3,0,0,0,0,93,0,3,0,1,0,0,0,0,0
DSCN8594.jpg,25/10/2018,ROCKY SHORE,ARGENTINA,PUERTO MADRYN,PUNTA ESTE,HIGHTIDE,60,-42.78511,-64.95264,NA,COOLPIX AW130,Bigatti,INTERTIDAL.AUTO,0,50 X 50,0,Intertidal Argentina,Photoquadrat Robot,X: 0 - 100% / Y: 0 - 100%,0,0,0,0,0,0,96,0,0,0,4,0,0,0,0,0,0,1,0,0,0,0,63,0,4,0,32,0,0,0,0,0
DSCN8595.jpg,25/10/2018,ROCKY SHORE,ARGENTINA,PUERTO MADRYN,PUNTA ESTE,HIGHTIDE,60,-42.78511,-64.95264,NA,COOLPIX AW130,Bigatti,INTERTIDAL.AUTO,0,50 X 50,0,Intertidal Argentina,Photoquadrat Robot,X: 0 - 100% / Y: 0 - 100%,0,2,0,0,0,0,95,0,0,0,3,0,0,0,0,0,0,11,0,0,0,0,61,0,17,0,11,0,0,0,0,0
DSCN8596.jpg,25/10/2018,ROCKY SHORE,ARGENTINA,PUERTO MADRYN,PUNTA ESTE,HIGHTIDE,60,-42.78511,-64.95264,NA,COOLPIX AW130,Bigatti,INTERTIDAL.AUTO,0,50 X 50,0,Intertidal Argentina,Photoquadrat Robot,X: 0 - 100% / Y: 0 - 100%,0,0,0,0,0,0,83,0,0,0,16,0,0,0,0,1,0,1,0,0,0,0,78,0,0,0,21,0,0,0,0,0
DSCN2659.jpg,26/10/2018,ROCKY SHORE,ARGENTINA,PUERTO MADRYN,PUNTA LOMA,HIGHTIDE,60,-42.81202756,-64.89174161,NA,COOLPIX AW130,Bigatti,INTERTIDAL.AUTO,0,50 X 50,0,Intertidal Argentina,Photoquadrat Robot,X: 0 - 100% / Y: 0 - 100%,0,0,0,0,0,0,29,0,0,0,71,0,0,0,0,0,0,0,2,0,0,0,70,0,0,0,28,0,0,0,0,0
DSCN2660.jpg,26/10/2018,ROCKY SHORE,ARGENTINA,PUERTO MADRYN,PUNTA LOMA,HIGHTIDE,60,-42.81202756,-64.89174161,NA,COOLPIX AW130,Bigatti,INTERTIDAL.AUTO,0,50 X 50,0,Intertidal Argentina,Photoquadrat Robot,X: 0 - 100% / Y: 0 - 100%,0,0,0,0,0,0,51,0,0,0,49,0,0,0,0,0,0,0,1,0,0,0,75,0,0,0,24,0,0,0,0,0
DSCN2661.jpg,26/10/2018,ROCKY SHORE,ARGENTINA,PUERTO MADRYN,PUNTA LOMA,HIGHTIDE,60,-42.81202756,-64.89174161,NA,COOLPIX AW130,Bigatti,INTERTIDAL.AUTO,0,50 X 50,0,Intertidal Argentina,Photoquadrat Robot,X: 0 - 100% / Y: 0 - 100%,0,0,0,0,0,0,36,0,0,0,64,0,0,0,0,0,0,0,1,0,0,0,90,0,0,0,9,0,0,0,0,0
DSCN2662.jpg,26/10/2018,ROCKY SHORE,ARGENTINA,PUERTO MADRYN,PUNTA LOMA,HIGHTIDE,60,-42.81202756,-64.89174161,NA,COOLPIX AW130,Bigatti,INTERTIDAL.AUTO,0,50 X 50,0,Intertidal Argentina,Photoquadrat Robot,X: 0 - 100% / Y: 0 - 100%,0,0,0,0,0,0,39,0,0,0,61,0,0,0,0,0,0,0,2,0,0,0,84,0,0,0,14,0,0,0,0,0
DSCN2663.jpg,26/10/2018,ROCKY SHORE,ARGENTINA,PUERTO MADRYN,PUNTA LOMA,HIGHTIDE,60,-42.81202756,-64.89174161,NA,COOLPIX AW130,Bigatti,INTERTIDAL.AUTO,0,50 X 50,0,Intertidal Argentina,Photoquadrat Robot,X: 0 - 100% / Y: 0 - 100%,0,0,0,0,0,0,46,0,0,0,54,0,0,0,0,0,0,0,2,0,0,0,84,0,0,0,14,0,0,0,0,0
DSCN2664.jpg,26/10/2018,ROCKY SHORE,ARGENTINA,PUERTO MADRYN,PUNTA LOMA,HIGHTIDE,60,-42.81202756,-64.89174161,NA,COOLPIX AW130,Bigatti,INTERTIDAL.AUTO,0,50 X 50,0,Intertidal Argentina,Photoquadrat Robot,X: 0 - 100% / Y: 0 - 100%,0,0,0,0,0,0,46,0,0,0,52,0,0,0,0,2,0,0,3,0,0,0,73,0,0,0,24,0,0,0,0,0
DSCN2665.jpg,26/10/2018,ROCKY SHORE,ARGENTINA,PUERTO MADRYN,PUNTA LOMA,HIGHTIDE,60,-42.81202756,-64.89174161,NA,COOLPIX AW130,Bigatti,INTERTIDAL.AUTO,0,50 X 50,0,Intertidal Argentina,Photoquadrat Robot,X: 0 - 100% / Y: 0 - 100%,0,0,0,0,0,0,57,1,0,0,39,0,0,0,0,3,0,0,1,0,0,0,77,0,0,0,22,0,0,0,0,0
DSCN2666.jpg,26/10/2018,ROCKY SHORE,ARGENTINA,PUERTO MADRYN,PUNTA LOMA,HIGHTIDE,60,-42.81202756,-64.89174161,NA,COOLPIX AW130,Bigatti,INTERTIDAL.AUTO,0,50 X 50,0,Intertidal Argentina,Photoquadrat Robot,X: 0 - 100% / Y: 0 - 100%,0,0,0,0,0,0,46,0,0,0,53,0,0,0,0,1,0,0,1,0,0,0,57,0,0,0,42,0,0,0,0,0
DSCN2667.jpg,26/10/2018,ROCKY SHORE,ARGENTINA,PUERTO MADRYN,PUNTA LOMA,HIGHTIDE,60,-42.81202756,-64.89174161,NA,COOLPIX AW130,Bigatti,INTERTIDAL.AUTO,0,50 X 50,0,Intertidal Argentina,Photoquadrat Robot,X: 0 - 100% / Y: 0 - 100%,0,0,1,0,0,0,73,2,0,0,22,0,0,0,0,2,0,0,0,0,0,0,73,0,0,0,27,0,0,0,0,0
DSCN2668.jpg,26/10/2018,ROCKY SHORE,ARGENTINA,PUERTO MADRYN,PUNTA LOMA,HIGHTIDE,60,-42.81202756,-64.89174161,NA,COOLPIX AW130,Bigatti,INTERTIDAL.AUTO,0,50 X 50,0,Intertidal Argentina,Photoquadrat Robot,X: 0 - 100% / Y: 0 - 100%,0,0,0,0,0,0,46,0,0,0,54,0,0,0,0,0,0,0,1,0,0,0,79,0,0,0,20,0,0,0,0,0
DSCN8692.jpg,05/11/2018,ROCKY SHORE,ARGENTINA,PUERTO MADRYN,PUNTA CUEVAS,LOWTIDE,60,-42.77986,-65.00171,NA,COOLPIX AW130,Bigatti,INTERTIDAL.AUTO,0,50 X 50,0,Intertidal Argentina,Photoquadrat Robot,X: 0 - 100% / Y: 0 - 100%,0,0,0,0,0,0,46,24,0,0,0,0,0,0,0,30,0,0,0,0,2,0,30,43,0,2,1,8,0,0,0,14
DSCN8693.jpg,05/11/2018,ROCKY SHORE,ARGENTINA,PUERTO MADRYN,PUNTA CUEVAS,LOWTIDE,60,-42.77986,-65.00171,NA,COOLPIX AW130,Bigatti,INTERTIDAL.AUTO,0,50 X 50,0,Intertidal Argentina,Photoquadrat Robot,X: 0 - 100% / Y: 0 - 100%,0,0,0,0,0,0,63,15,0,0,0,0,0,0,0,22,0,0,0,0,8,0,71,5,0,0,4,3,0,0,0,9
DSCN8694.jpg,05/11/2018,ROCKY SHORE,ARGENTINA,PUERTO MADRYN,PUNTA CUEVAS,LOWTIDE,60,-42.77986,-65.00171,NA,COOLPIX AW130,Bigatti,INTERTIDAL.AUTO,0,50 X 50,0,Intertidal Argentina,Photoquadrat Robot,X: 0 - 100% / Y: 0 - 100%,0,0,2,0,0,0,72,13,0,0,0,3,0,0,0,10,0,0,0,0,0,0,62,22,0,0,0,4,0,0,0,12
DSCN8695.jpg,05/11/2018,ROCKY SHORE,ARGENTINA,PUERTO MADRYN,PUNTA CUEVAS,LOWTIDE,60,-42.77986,-65.00171,NA,COOLPIX AW130,Bigatti,INTERTIDAL.AUTO,0,50 X 50,0,Intertidal Argentina,Photoquadrat Robot,X: 0 - 100% / Y: 0 - 100%,0,0,1,0,0,0,59,18,0,0,0,4,0,0,0,18,0,0,0,1,18,0,58,21,0,0,0,2,0,0,0,0
DSCN8696.jpg,05/11/2018,ROCKY SHORE,ARGENTINA,PUERTO MADRYN,PUNTA CUEVAS,LOWTIDE,60,-42.77986,-65.00171,NA,COOLPIX AW130,Bigatti,INTERTIDAL.AUTO,0,50 X 50,0,Intertidal Argentina,Photoquadrat Robot,X: 0 - 100% / Y: 0 - 100%,0,0,0,0,0,0,43,20,0,0,0,2,0,0,0,35,0,0,0,0,7,0,54,6,0,0,0,1,0,0,0,32
DSCN8697.jpg,05/11/2018,ROCKY SHORE,ARGENTINA,PUERTO MADRYN,PUNTA CUEVAS,LOWTIDE,60,-42.77986,-65.00171,NA,COOLPIX AW130,Bigatti,INTERTIDAL.AUTO,0,50 X 50,0,Intertidal Argentina,Photoquadrat Robot,X: 0 - 100% / Y: 0 - 100%,0,0,0,0,0,0,67,2,0,0,6,0,0,0,0,25,0,0,0,0,5,0,62,10,0,0,0,6,0,0,0,17
DSCN8698.jpg,05/11/2018,ROCKY SHORE,ARGENTINA,PUERTO MADRYN,PUNTA CUEVAS,LOWTIDE,60,-42.77986,-65.00171,NA,COOLPIX AW130,Bigatti,INTERTIDAL.AUTO,0,50 X 50,0,Intertidal Argentina,Photoquadrat Robot,X: 0 - 100% / Y: 0 - 100%,0,1,0,0,0,0,29,8,0,0,0,2,0,0,0,60,0,0,0,0,4,0,57,16,0,0,0,3,0,0,0,20
DSCN8699.jpg,05/11/2018,ROCKY SHORE,ARGENTINA,PUERTO MADRYN,PUNTA CUEVAS,LOWTIDE,60,-42.77986,-65.00171,NA,COOLPIX AW130,Bigatti,INTERTIDAL.AUTO,0,50 X 50,0,Intertidal Argentina,Photoquadrat Robot,X: 0 - 100% / Y: 0 - 100%,0,0,1,0,0,0,50,4,0,0,1,1,0,0,0,43,0,0,0,0,0,0,63,23,0,0,0,6,0,0,0,8
DSCN8700.jpg,05/11/2018,ROCKY SHORE,ARGENTINA,PUERTO MADRYN,PUNTA CUEVAS,LOWTIDE,60,-42.77986,-65.00171,NA,COOLPIX AW130,Bigatti,INTERTIDAL.AUTO,0,50 X 50,0,Intertidal Argentina,Photoquadrat Robot,X: 0 - 100% / Y: 0 - 100%,0,0,0,0,0,0,67,4,1,0,7,0,0,0,0,21,0,0,0,0,2,0,48,18,0,0,0,15,0,0,0,17
DSCN8701.jpg,05/11/2018,ROCKY SHORE,ARGENTINA,PUERTO MADRYN,PUNTA CUEVAS,LOWTIDE,60,-42.77986,-65.00171,NA,COOLPIX AW130,Bigatti,INTERTIDAL.AUTO,0,50 X 50,0,Intertidal Argentina,Photoquadrat Robot,X: 0 - 100% / Y: 0 - 100%,0,0,0,0,0,0,37,35,0,0,0,0,0,1,0,27,0,0,0,0,8,0,58,10,0,0,1,7,0,0,0,16
DSCN8531.jpg,25/10/2018,ROCKY SHORE,ARGENTINA,PUERTO MADRYN,PUNTA ESTE,LOWTIDE,60,-42.78511,-64.95264,NA,COOLPIX AW130,Bigatti,INTERTIDAL.AUTO,0,50 X 50,0,Intertidal Argentina,Photoquadrat Robot,X: 0 - 100% / Y: 0 - 100%,0,0,0,0,0,0,9,36,0,0,8,6,0,1,0,40,1,0,2,0,0,0,6,60,0,0,6,14,1,0,0,10
DSCN8532.jpg,25/10/2018,ROCKY SHORE,ARGENTINA,PUERTO MADRYN,PUNTA ESTE,LOWTIDE,60,-42.78511,-64.95264,NA,COOLPIX AW130,Bigatti,INTERTIDAL.AUTO,0,50 X 50,0,Intertidal Argentina,Photoquadrat Robot,X: 0 - 100% / Y: 0 - 100%,0,0,1,0,0,0,4,28,0,0,1,16,0,1,0,49,1,0,2,0,0,0,1,58,0,0,10,12,0,0,1,15
DSCN8533.jpg,25/10/2018,ROCKY SHORE,ARGENTINA,PUERTO MADRYN,PUNTA ESTE,LOWTIDE,60,-42.78511,-64.95264,NA,COOLPIX AW130,Bigatti,INTERTIDAL.AUTO,0,50 X 50,0,Intertidal Argentina,Photoquadrat Robot,X: 0 - 100% / Y: 0 - 100%,0,0,0,0,0,0,3,47,0,0,4,8,0,0,0,38,0,0,1,0,0,0,1,2,0,0,3,79,1,4,0,9
DSCN8534.jpg,25/10/2018,ROCKY SHORE,ARGENTINA,PUERTO MADRYN,PUNTA ESTE,LOWTIDE,60,-42.78511,-64.95264,NA,COOLPIX AW130,Bigatti,INTERTIDAL.AUTO,0,50 X 50,0,Intertidal Argentina,Photoquadrat Robot,X: 0 - 100% / Y: 0 - 100%,0,0,1,0,0,0,10,9,0,0,4,28,0,0,0,48,0,0,1,0,0,0,3,9,0,0,3,58,1,8,2,15
DSCN8535.jpg,25/10/2018,ROCKY SHORE,ARGENTINA,PUERTO MADRYN,PUNTA ESTE,LOWTIDE,60,-42.78511,-64.95264,NA,COOLPIX AW130,Bigatti,INTERTIDAL.AUTO,0,50 X 50,0,Intertidal Argentina,Photoquadrat Robot,X: 0 - 100% / Y: 0 - 100%,0,0,2,0,0,0,15,7,0,0,3,35,0,0,0,38,1,0,1,0,1,0,2,9,0,0,3,54,2,4,0,23
DSCN8536.jpg,25/10/2018,ROCKY SHORE,ARGENTINA,PUERTO MADRYN,PUNTA ESTE,LOWTIDE,60,-42.78511,-64.95264,NA,COOLPIX AW130,Bigatti,INTERTIDAL.AUTO,0,50 X 50,0,Intertidal Argentina,Photoquadrat Robot,X: 0 - 100% / Y: 0 - 100%,0,0,1,0,0,0,9,57,0,0,5,6,0,0,0,22,1,0,0,0,0,0,5,18,0,0,5,51,1,1,1,17
DSCN8538.jpg,25/10/2018,ROCKY SHORE,ARGENTINA,PUERTO MADRYN,PUNTA ESTE,LOWTIDE,60,-42.78511,-64.95264,NA,COOLPIX AW130,Bigatti,INTERTIDAL.AUTO,0,50 X 50,0,Intertidal Argentina,Photoquadrat Robot,X: 0 - 100% / Y: 0 - 100%,0,0,3,0,0,0,13,17,0,0,0,39,0,6,0,22,1,0,2,0,1,0,2,58,0,0,10,10,2,0,1,13
DSCN8539.jpg,25/10/2018,ROCKY SHORE,ARGENTINA,PUERTO MADRYN,PUNTA ESTE,LOWTIDE,60,-42.78511,-64.95264,NA,COOLPIX AW130,Bigatti,INTERTIDAL.AUTO,0,50 X 50,0,Intertidal Argentina,Photoquadrat Robot,X: 0 - 100% / Y: 0 - 100%,0,1,2,0,0,0,3,20,0,0,3,34,0,0,0,37,0,0,1,0,1,0,3,7,0,0,6,20,1,0,0,61
DSCN8540.jpg,25/10/2018,ROCKY SHORE,ARGENTINA,PUERTO MADRYN,PUNTA ESTE,LOWTIDE,60,-42.78511,-64.95264,NA,COOLPIX AW130,Bigatti,INTERTIDAL.AUTO,0,50 X 50,0,Intertidal Argentina,Photoquadrat Robot,X: 0 - 100% / Y: 0 - 100%,0,1,2,0,0,0,8,24,0,0,0,23,0,1,0,41,1,0,1,0,1,0,1,13,1,0,52,13,2,1,0,14
DSCN8541.jpg,25/10/2018,ROCKY SHORE,ARGENTINA,PUERTO MADRYN,PUNTA ESTE,LOWTIDE,60,-42.78511,-64.95264,NA,COOLPIX AW130,Bigatti,INTERTIDAL.AUTO,0,50 X 50,0,Intertidal Argentina,Photoquadrat Robot,X: 0 - 100% / Y: 0 - 100%,0,0,1,0,0,0,7,21,0,0,1,3,0,0,0,67,2,0,1,0,1,0,4,50,1,0,24,8,0,1,1,7
DSCN2685.jpg,26/10/2018,ROCKY SHORE,ARGENTINA,PUERTO MADRYN,PUNTA LOMA,LOWTIDE,60,-42.81202756,-64.89174161,NA,COOLPIX AW130,Bigatti,INTERTIDAL.AUTO,0,50 X 50,0,Intertidal Argentina,Photoquadrat Robot,X: 0 - 100% / Y: 0 - 100%,0,0,0,0,0,0,0,25,0,0,0,0,0,0,0,75,0,0,0,0,0,0,0,55,1,0,0,7,1,7,0,29
DSCN2686.jpg,26/10/2018,ROCKY SHORE,ARGENTINA,PUERTO MADRYN,PUNTA LOMA,LOWTIDE,60,-42.81202756,-64.89174161,NA,COOLPIX AW130,Bigatti,INTERTIDAL.AUTO,0,50 X 50,0,Intertidal Argentina,Photoquadrat Robot,X: 0 - 100% / Y: 0 - 100%,0,0,1,0,0,0,0,27,0,0,1,3,0,9,0,59,1,0,1,0,1,0,3,59,2,1,0,0,2,7,0,23
DSCN2687.jpg,26/10/2018,ROCKY SHORE,ARGENTINA,PUERTO MADRYN,PUNTA LOMA,LOWTIDE,60,-42.81202756,-64.89174161,NA,COOLPIX AW130,Bigatti,INTERTIDAL.AUTO,0,50 X 50,0,Intertidal Argentina,Photoquadrat Robot,X: 0 - 100% / Y: 0 - 100%,0,0,4,0,0,0,0,35,0,0,0,1,0,6,0,54,0,0,1,0,0,0,0,52,0,0,2,6,2,0,0,37
DSCN2688.jpg,26/10/2018,ROCKY SHORE,ARGENTINA,PUERTO MADRYN,PUNTA LOMA,LOWTIDE,60,-42.81202756,-64.89174161,NA,COOLPIX AW130,Bigatti,INTERTIDAL.AUTO,0,50 X 50,0,Intertidal Argentina,Photoquadrat Robot,X: 0 - 100% / Y: 0 - 100%,0,0,0,0,0,0,1,18,0,0,0,0,0,0,0,81,0,0,1,0,0,0,1,49,2,0,1,6,0,7,0,33
DSCN2689.jpg,26/10/2018,ROCKY SHORE,ARGENTINA,PUERTO MADRYN,PUNTA LOMA,LOWTIDE,60,-42.81202756,-64.89174161,NA,COOLPIX AW130,Bigatti,INTERTIDAL.AUTO,0,50 X 50,0,Intertidal Argentina,Photoquadrat Robot,X: 0 - 100% / Y: 0 - 100%,0,0,1,0,0,0,2,22,0,0,0,1,0,5,0,69,0,0,1,0,0,0,1,71,0,0,0,6,2,0,1,18
DSCN2690.jpg,26/10/2018,ROCKY SHORE,ARGENTINA,PUERTO MADRYN,PUNTA LOMA,LOWTIDE,60,-42.81202756,-64.89174161,NA,COOLPIX AW130,Bigatti,INTERTIDAL.AUTO,0,50 X 50,0,Intertidal Argentina,Photoquadrat Robot,X: 0 - 100% / Y: 0 - 100%,0,0,1,0,0,0,0,18,0,0,0,2,0,2,0,77,0,0,1,0,0,0,1,60,0,1,1,9,2,1,0,24
DSCN2691.jpg,26/10/2018,ROCKY SHORE,ARGENTINA,PUERTO MADRYN,PUNTA LOMA,LOWTIDE,60,-42.81202756,-64.89174161,NA,COOLPIX AW130,Bigatti,INTERTIDAL.AUTO,0,50 X 50,0,Intertidal Argentina,Photoquadrat Robot,X: 0 - 100% / Y: 0 - 100%,0,0,1,0,0,0,2,32,0,0,0,1,0,1,0,63,0,0,1,0,0,0,0,69,0,0,1,4,2,1,0,22
DSCN2692.jpg,26/10/2018,ROCKY SHORE,ARGENTINA,PUERTO MADRYN,PUNTA LOMA,LOWTIDE,60,-42.81202756,-64.89174161,NA,COOLPIX AW130,Bigatti,INTERTIDAL.AUTO,0,50 X 50,0,Intertidal Argentina,Photoquadrat Robot,X: 0 - 100% / Y: 0 - 100%,0,0,1,0,0,0,1,35,0,0,0,0,0,0,0,63,0,0,1,0,1,0,1,59,1,0,0,9,3,1,0,24
DSCN2693.jpg,26/10/2018,ROCKY SHORE,ARGENTINA,PUERTO MADRYN,PUNTA LOMA,LOWTIDE,60,-42.81202756,-64.89174161,NA,COOLPIX AW130,Bigatti,INTERTIDAL.AUTO,0,50 X 50,0,Intertidal Argentina,Photoquadrat Robot,X: 0 - 100% / Y: 0 - 100%,0,0,1,0,0,0,2,27,0,0,0,0,0,0,0,70,0,0,1,0,0,0,1,64,0,0,1,5,1,2,1,24
DSCN2694.jpg,26/10/2018,ROCKY SHORE,ARGENTINA,PUERTO MADRYN,PUNTA LOMA,LOWTIDE,60,-42.81202756,-64.89174161,NA,COOLPIX AW130,Bigatti,INTERTIDAL.AUTO,0,50 X 50,0,Intertidal Argentina,Photoquadrat Robot,X: 0 - 100% / Y: 0 - 100%,0,0,0,0,0,0,2,26,0,0,0,1,0,0,0,71,0,0,0,0,1,0,2,64,3,0,0,6,2,0,0,22
DSCN8711.jpg,05/11/2018,ROCKY SHORE,ARGENTINA,PUERTO MADRYN,PUNTA CUEVAS,MIDTIDE,60,-42.77986,-65.00171,NA,COOLPIX AW130,Bigatti,INTERTIDAL.AUTO,0,50 X 50,0,Intertidal Argentina,Photoquadrat Robot,X: 0 - 100% / Y: 0 - 100%,0,0,87,0,0,0,10,1,2,0,0,0,0,0,0,0,0,3,90,0,0,0,2,0,3,0,2,0,0,0,0,0
DSCN8712.jpg,05/11/2018,ROCKY SHORE,ARGENTINA,PUERTO MADRYN,PUNTA CUEVAS,MIDTIDE,60,-42.77986,-65.00171,NA,COOLPIX AW130,Bigatti,INTERTIDAL.AUTO,0,50 X 50,0,Intertidal Argentina,Photoquadrat Robot,X: 0 - 100% / Y: 0 - 100%,0,2,86,0,0,0,7,0,4,0,0,0,0,0,0,1,0,6,88,0,0,0,1,0,3,0,2,0,0,0,0,0
DSCN8713.jpg,05/11/2018,ROCKY SHORE,ARGENTINA,PUERTO MADRYN,PUNTA CUEVAS,MIDTIDE,60,-42.77986,-65.00171,NA,COOLPIX AW130,Bigatti,INTERTIDAL.AUTO,0,50 X 50,0,Intertidal Argentina,Photoquadrat Robot,X: 0 - 100% / Y: 0 - 100%,0,3,82,0,0,0,8,0,7,0,0,0,0,0,0,0,0,5,82,0,0,0,5,0,4,0,2,0,0,0,0,2
DSCN8715.jpg,05/11/2018,ROCKY SHORE,ARGENTINA,PUERTO MADRYN,PUNTA CUEVAS,MIDTIDE,60,-42.77986,-65.00171,NA,COOLPIX AW130,Bigatti,INTERTIDAL.AUTO,0,50 X 50,0,Intertidal Argentina,Photoquadrat Robot,X: 0 - 100% / Y: 0 - 100%,0,3,90,0,0,0,4,0,3,0,0,0,0,0,0,0,0,7,83,0,0,0,3,0,5,0,1,0,0,0,0,1
DSCN8716.jpg,05/11/2018,ROCKY SHORE,ARGENTINA,PUERTO MADRYN,PUNTA CUEVAS,MIDTIDE,60,-42.77986,-65.00171,NA,COOLPIX AW130,Bigatti,INTERTIDAL.AUTO,0,50 X 50,0,Intertidal Argentina,Photoquadrat Robot,X: 0 - 100% / Y: 0 - 100%,0,4,80,0,0,0,7,0,9,0,0,0,0,0,0,0,0,2,84,0,0,0,5,0,3,0,2,2,0,0,0,2
DSCN8717.jpg,05/11/2018,ROCKY SHORE,ARGENTINA,PUERTO MADRYN,PUNTA CUEVAS,MIDTIDE,60,-42.77986,-65.00171,NA,COOLPIX AW130,Bigatti,INTERTIDAL.AUTO,0,50 X 50,0,Intertidal Argentina,Photoquadrat Robot,X: 0 - 100% / Y: 0 - 100%,0,15,47,0,0,0,22,1,13,0,0,2,0,0,0,0,0,4,87,0,0,0,2,1,3,0,1,1,0,0,0,1
DSCN8718.jpg,05/11/2018,ROCKY SHORE,ARGENTINA,PUERTO MADRYN,PUNTA CUEVAS,MIDTIDE,60,-42.77986,-65.00171,NA,COOLPIX AW130,Bigatti,INTERTIDAL.AUTO,0,50 X 50,0,Intertidal Argentina,Photoquadrat Robot,X: 0 - 100% / Y: 0 - 100%,0,3,69,0,0,0,14,0,11,0,0,3,0,0,0,0,0,7,89,0,0,0,2,0,1,0,1,0,0,0,0,0
DSCN8719.jpg,05/11/2018,ROCKY SHORE,ARGENTINA,PUERTO MADRYN,PUNTA CUEVAS,MIDTIDE,60,-42.77986,-65.00171,NA,COOLPIX AW130,Bigatti,INTERTIDAL.AUTO,0,50 X 50,0,Intertidal Argentina,Photoquadrat Robot,X: 0 - 100% / Y: 0 - 100%,0,8,62,0,0,0,17,0,13,0,0,0,0,0,0,0,0,5,94,0,0,0,1,0,0,0,0,0,0,0,0,0
DSCN8720.jpg,05/11/2018,ROCKY SHORE,ARGENTINA,PUERTO MADRYN,PUNTA CUEVAS,MIDTIDE,60,-42.77986,-65.00171,NA,COOLPIX AW130,Bigatti,INTERTIDAL.AUTO,0,50 X 50,0,Intertidal Argentina,Photoquadrat Robot,X: 0 - 100% / Y: 0 - 100%,0,3,92,0,0,0,4,0,0,0,0,0,0,1,0,0,0,4,86,0,0,0,6,0,1,0,3,0,0,0,0,0
DSCN8721.jpg,05/11/2018,ROCKY SHORE,ARGENTINA,PUERTO MADRYN,PUNTA CUEVAS,MIDTIDE,60,-42.77986,-65.00171,NA,COOLPIX AW130,Bigatti,INTERTIDAL.AUTO,0,50 X 50,0,Intertidal Argentina,Photoquadrat Robot,X: 0 - 100% / Y: 0 - 100%,0,8,74,0,0,0,6,0,11,0,0,0,0,0,0,1,0,7,87,0,0,0,1,0,4,0,1,0,0,0,0,0
DSCN8556.jpg,25/10/2018,ROCKY SHORE,ARGENTINA,PUERTO MADRYN,PUNTA ESTE,MIDTIDE,60,-42.78511,-64.95264,NA,COOLPIX AW130,Bigatti,INTERTIDAL.AUTO,0,50 X 50,0,Intertidal Argentina,Photoquadrat Robot,X: 0 - 100% / Y: 0 - 100%,0,2,96,0,0,0,2,0,0,0,0,0,0,0,0,0,0,5,90,0,0,0,2,1,2,0,0,0,0,0,0,0
DSCN8558.jpg,25/10/2018,ROCKY SHORE,ARGENTINA,PUERTO MADRYN,PUNTA ESTE,MIDTIDE,60,-42.78511,-64.95264,NA,COOLPIX AW130,Bigatti,INTERTIDAL.AUTO,0,50 X 50,0,Intertidal Argentina,Photoquadrat Robot,X: 0 - 100% / Y: 0 - 100%,0,0,99,0,0,0,1,0,0,0,0,0,0,0,0,0,0,3,89,0,0,0,2,2,3,0,1,0,0,0,0,0
DSCN8559.jpg,25/10/2018,ROCKY SHORE,ARGENTINA,PUERTO MADRYN,PUNTA ESTE,MIDTIDE,60,-42.78511,-64.95264,NA,COOLPIX AW130,Bigatti,INTERTIDAL.AUTO,0,50 X 50,0,Intertidal Argentina,Photoquadrat Robot,X: 0 - 100% / Y: 0 - 100%,0,1,96,0,0,0,2,0,1,0,0,0,0,0,0,0,0,1,96,0,0,0,2,0,1,0,0,0,0,0,0,0
DSCN8560.jpg,25/10/2018,ROCKY SHORE,ARGENTINA,PUERTO MADRYN,PUNTA ESTE,MIDTIDE,60,-42.78511,-64.95264,NA,COOLPIX AW130,Bigatti,INTERTIDAL.AUTO,0,50 X 50,0,Intertidal Argentina,Photoquadrat Robot,X: 0 - 100% / Y: 0 - 100%,0,2,78,0,0,0,17,0,3,0,0,0,0,0,0,0,0,2,89,0,0,0,2,0,5,0,2,0,0,0,0,0
DSCN8561.jpg,25/10/2018,ROCKY SHORE,ARGENTINA,PUERTO MADRYN,PUNTA ESTE,MIDTIDE,60,-42.78511,-64.95264,NA,COOLPIX AW130,Bigatti,INTERTIDAL.AUTO,0,50 X 50,0,Intertidal Argentina,Photoquadrat Robot,X: 0 - 100% / Y: 0 - 100%,0,6,75,0,0,0,12,3,3,0,1,0,0,0,0,0,0,6,83,0,0,0,2,1,5,0,3,0,0,0,0,0
DSCN8562.jpg,25/10/2018,ROCKY SHORE,ARGENTINA,PUERTO MADRYN,PUNTA ESTE,MIDTIDE,60,-42.78511,-64.95264,NA,COOLPIX AW130,Bigatti,INTERTIDAL.AUTO,0,50 X 50,0,Intertidal Argentina,Photoquadrat Robot,X: 0 - 100% / Y: 0 - 100%,0,0,91,0,0,0,7,0,2,0,0,0,0,0,0,0,0,2,85,0,0,0,3,2,5,0,3,0,0,0,0,0
DSCN8563.jpg,25/10/2018,ROCKY SHORE,ARGENTINA,PUERTO MADRYN,PUNTA ESTE,MIDTIDE,60,-42.78511,-64.95264,NA,COOLPIX AW130,Bigatti,INTERTIDAL.AUTO,0,50 X 50,0,Intertidal Argentina,Photoquadrat Robot,X: 0 - 100% / Y: 0 - 100%,0,1,92,0,0,0,5,0,2,0,0,0,0,0,0,0,0,1,92,0,0,0,2,2,2,0,1,0,0,0,0,0
DSCN8564.jpg,25/10/2018,ROCKY SHORE,ARGENTINA,PUERTO MADRYN,PUNTA ESTE,MIDTIDE,60,-42.78511,-64.95264,NA,COOLPIX AW130,Bigatti,INTERTIDAL.AUTO,0,50 X 50,0,Intertidal Argentina,Photoquadrat Robot,X: 0 - 100% / Y: 0 - 100%,0,7,76,0,0,0,9,0,8,0,0,0,0,0,0,0,0,2,86,0,0,0,4,0,7,0,1,0,0,0,0,0
DSCN8565.jpg,25/10/2018,ROCKY SHORE,ARGENTINA,PUERTO MADRYN,PUNTA ESTE,MIDTIDE,60,-42.78511,-64.95264,NA,COOLPIX AW130,Bigatti,INTERTIDAL.AUTO,0,50 X 50,0,Intertidal Argentina,Photoquadrat Robot,X: 0 - 100% / Y: 0 - 100%,0,8,77,0,0,0,11,0,4,0,0,0,0,0,0,0,0,1,96,0,0,0,1,0,2,0,0,0,0,0,0,0
DSCN8566.jpg,25/10/2018,ROCKY SHORE,ARGENTINA,PUERTO MADRYN,PUNTA ESTE,MIDTIDE,60,-42.78511,-64.95264,NA,COOLPIX AW130,Bigatti,INTERTIDAL.AUTO,0,50 X 50,0,Intertidal Argentina,Photoquadrat Robot,X: 0 - 100% / Y: 0 - 100%,0,3,87,0,0,0,9,0,1,0,0,0,0,0,0,0,0,1,94,0,0,0,1,2,0,0,1,0,0,0,0,1
DSCN2633.jpg,26/10/2018,ROCKY SHORE,ARGENTINA,PUERTO MADRYN,PUNTA LOMA,MIDTIDE,60,-42.81202756,-64.89174161,NA,COOLPIX AW130,Bigatti,INTERTIDAL.AUTO,0,50 X 50,0,Intertidal Argentina,Photoquadrat Robot,X: 0 - 100% / Y: 0 - 100%,0,2,90,0,0,0,1,3,0,0,0,0,0,1,0,3,0,1,80,0,0,0,1,4,1,0,4,1,0,0,0,8
DSCN2634.jpg,26/10/2018,ROCKY SHORE,ARGENTINA,PUERTO MADRYN,PUNTA LOMA,MIDTIDE,60,-42.81202756,-64.89174161,NA,COOLPIX AW130,Bigatti,INTERTIDAL.AUTO,0,50 X 50,0,Intertidal Argentina,Photoquadrat Robot,X: 0 - 100% / Y: 0 - 100%,0,3,78,0,0,0,11,4,0,0,1,0,0,1,0,2,0,4,78,0,0,0,1,0,5,0,9,0,0,0,0,3
DSCN2635.jpg,26/10/2018,ROCKY SHORE,ARGENTINA,PUERTO MADRYN,PUNTA LOMA,MIDTIDE,60,-42.81202756,-64.89174161,NA,COOLPIX AW130,Bigatti,INTERTIDAL.AUTO,0,50 X 50,0,Intertidal Argentina,Photoquadrat Robot,X: 0 - 100% / Y: 0 - 100%,0,0,96,0,0,0,3,1,0,0,0,0,0,0,0,0,0,3,67,0,0,0,3,1,19,0,4,0,0,0,0,3
DSCN2636.jpg,26/10/2018,ROCKY SHORE,ARGENTINA,PUERTO MADRYN,PUNTA LOMA,MIDTIDE,60,-42.81202756,-64.89174161,NA,COOLPIX AW130,Bigatti,INTERTIDAL.AUTO,0,50 X 50,0,Intertidal Argentina,Photoquadrat Robot,X: 0 - 100% / Y: 0 - 100%,0,1,88,0,0,0,5,3,1,0,0,0,0,0,0,2,0,10,65,0,0,0,4,0,15,0,4,0,0,0,0,2
DSCN2637.jpg,26/10/2018,ROCKY SHORE,ARGENTINA,PUERTO MADRYN,PUNTA LOMA,MIDTIDE,60,-42.81202756,-64.89174161,NA,COOLPIX AW130,Bigatti,INTERTIDAL.AUTO,0,50 X 50,0,Intertidal Argentina,Photoquadrat Robot,X: 0 - 100% / Y: 0 - 100%,0,0,89,0,0,0,8,0,0,0,1,0,0,0,0,2,0,0,90,0,0,0,3,3,0,0,3,0,0,0,0,1
DSCN2638.jpg,26/10/2018,ROCKY SHORE,ARGENTINA,PUERTO MADRYN,PUNTA LOMA,MIDTIDE,60,-42.81202756,-64.89174161,NA,COOLPIX AW130,Bigatti,INTERTIDAL.AUTO,0,50 X 50,0,Intertidal Argentina,Photoquadrat Robot,X: 0 - 100% / Y: 0 - 100%,0,2,86,0,0,0,4,7,0,0,0,0,0,0,0,1,0,3,83,0,0,0,4,0,4,0,3,0,0,0,0,3
DSCN2639.jpg,26/10/2018,ROCKY SHORE,ARGENTINA,PUERTO MADRYN,PUNTA LOMA,MIDTIDE,60,-42.81202756,-64.89174161,NA,COOLPIX AW130,Bigatti,INTERTIDAL.AUTO,0,50 X 50,0,Intertidal Argentina,Photoquadrat Robot,X: 0 - 100% / Y: 0 - 100%,0,0,95,0,0,0,4,0,0,0,0,0,0,0,0,1,0,1,87,0,0,0,1,3,0,0,4,0,0,0,0,4
DSCN2640.jpg,26/10/2018,ROCKY SHORE,ARGENTINA,PUERTO MADRYN,PUNTA LOMA,MIDTIDE,60,-42.81202756,-64.89174161,NA,COOLPIX AW130,Bigatti,INTERTIDAL.AUTO,0,50 X 50,0,Intertidal Argentina,Photoquadrat Robot,X: 0 - 100% / Y: 0 - 100%,0,0,97,0,0,0,0,2,0,0,0,0,0,0,0,1,0,1,94,0,0,0,1,2,0,0,1,0,0,0,0,1
DSCN2641.jpg,26/10/2018,ROCKY SHORE,ARGENTINA,PUERTO MADRYN,PUNTA LOMA,MIDTIDE,60,-42.81202756,-64.89174161,NA,COOLPIX AW130,Bigatti,INTERTIDAL.AUTO,0,50 X 50,0,Intertidal Argentina,Photoquadrat Robot,X: 0 - 100% / Y: 0 - 100%,0,0,81,0,0,0,0,18,0,0,1,0,0,0,0,0,0,2,93,0,0,0,1,1,2,0,0,0,0,0,0,1
DSCN2642.jpg,26/10/2018,ROCKY SHORE,ARGENTINA,PUERTO MADRYN,PUNTA LOMA,MIDTIDE,60,-42.81202756,-64.89174161,NA,COOLPIX AW130,Bigatti,INTERTIDAL.AUTO,0,50 X 50,0,Intertidal Argentina,Photoquadrat Robot,X: 0 - 100% / Y: 0 - 100%,0,1,89,0,0,0,2,7,0,0,0,0,0,1,0,0,0,1,89,0,0,0,2,1,1,1,4,0,0,0,0,1