Name,Date,habitat,country,locality,site,strata,Height..cm.,Latitude,Longitude,Depth,Camera,Photographer,Water.quality,Strobes,Framing.gear.used,White.balance.card,Comments,Annotation.status,Annotation.area,CNCA,CNTR,CRB,MOB,MOG,WPOT,SC,Unc,MAA,MAEN,MAF,MAG,MALCB,MAS,BRY,CR,MOCH,SHAD,MAEC,MAEF,MALA
AR_PM_PC_HT_20181105_Q01_human.jpg,05/11/2018,ROCKY SHORE,ARGENTINA,PUERTO MADRYN,PUNTA CUEVAS,HIGHTIDE,60,-42.78511,-64.95264,0,NIKON COOLPIX AW130,Bigatti,INTERTIDAL,NO,50 x 50,NO,Human,Confirmed,(Imported points; not specified),0,0,0,0,0,0,66,0,0,0,34,0,0,0,0,0,0,0,0,0,0
AR_PM_PC_HT_20181105_Q02_human.jpg,05/11/2018,ROCKY SHORE,ARGENTINA,PUERTO MADRYN,PUNTA CUEVAS,HIGHTIDE,60,-42.78511,-64.95264,0,NIKON COOLPIX AW130,Bigatti,INTERTIDAL,NO,50 x 50,NO,Human,Confirmed,(Imported points; not specified),0,0,1,0,0,0,46,0,0,0,53,0,0,0,0,0,0,0,0,0,0
AR_PM_PC_HT_20181105_Q03_human.jpg,05/11/2018,ROCKY SHORE,ARGENTINA,PUERTO MADRYN,PUNTA CUEVAS,HIGHTIDE,60,-42.78511,-64.95264,0,NIKON COOLPIX AW130,Bigatti,INTERTIDAL,NO,50 x 50,NO,Human,Confirmed,(Imported points; not specified),0,0,0,0,0,0,44,0,0,0,56,0,0,0,0,0,0,0,0,0,0
AR_PM_PC_HT_20181105_Q04_human.jpg,05/11/2018,ROCKY SHORE,ARGENTINA,PUERTO MADRYN,PUNTA CUEVAS,HIGHTIDE,60,-42.78511,-64.95264,0,NIKON COOLPIX AW130,Bigatti,INTERTIDAL,NO,50 x 50,NO,Human,Confirmed,(Imported points; not specified),0,0,0,0,0,0,31,0,0,0,69,0,0,0,0,0,0,0,0,0,0
AR_PM_PC_HT_20181105_Q05_human.jpg,05/11/2018,ROCKY SHORE,ARGENTINA,PUERTO MADRYN,PUNTA CUEVAS,HIGHTIDE,60,-42.78511,-64.95264,0,NIKON COOLPIX AW130,Bigatti,INTERTIDAL,NO,50 x 50,NO,Human,Confirmed,(Imported points; not specified),0,0,0,0,0,0,33,0,0,0,67,0,0,0,0,0,0,0,0,0,0
AR_PM_PC_HT_20181105_Q06_human.jpg,05/11/2018,ROCKY SHORE,ARGENTINA,PUERTO MADRYN,PUNTA CUEVAS,HIGHTIDE,60,-42.78511,-64.95264,0,NIKON COOLPIX AW130,Bigatti,INTERTIDAL,NO,50 x 50,NO,Human,Confirmed,(Imported points; not specified),0,0,0,7,0,0,45,0,0,0,48,0,0,0,0,0,0,0,0,0,0
AR_PM_PC_HT_20181105_Q07_human.jpg,05/11/2018,ROCKY SHORE,ARGENTINA,PUERTO MADRYN,PUNTA CUEVAS,HIGHTIDE,60,-42.78511,-64.95264,0,NIKON COOLPIX AW130,Bigatti,INTERTIDAL,NO,50 x 50,NO,Human,Confirmed,(Imported points; not specified),0,0,0,14,0,0,42,0,0,0,42,0,0,2,0,0,0,0,0,0,0
AR_PM_PC_HT_20181105_Q08_human.jpg,05/11/2018,ROCKY SHORE,ARGENTINA,PUERTO MADRYN,PUNTA CUEVAS,HIGHTIDE,60,-42.78511,-64.95264,0,NIKON COOLPIX AW130,Bigatti,INTERTIDAL,NO,50 x 50,NO,Human,Confirmed,(Imported points; not specified),0,0,0,4,0,0,36,0,0,0,60,0,0,0,0,0,0,0,0,0,0
AR_PM_PC_HT_20181105_Q09_human.jpg,05/11/2018,ROCKY SHORE,ARGENTINA,PUERTO MADRYN,PUNTA CUEVAS,HIGHTIDE,60,-42.78511,-64.95264,0,NIKON COOLPIX AW130,Bigatti,INTERTIDAL,NO,50 x 50,NO,Human,Confirmed,(Imported points; not specified),0,0,0,0,0,0,40,0,0,0,60,0,0,0,0,0,0,0,0,0,0
AR_PM_PC_HT_20181105_Q10_human.jpg,05/11/2018,ROCKY SHORE,ARGENTINA,PUERTO MADRYN,PUNTA CUEVAS,HIGHTIDE,60,-42.78511,-64.95264,0,NIKON COOLPIX AW130,Bigatti,INTERTIDAL,NO,50 x 50,NO,Human,Confirmed,(Imported points; not specified),0,0,0,2,0,0,35,0,0,0,59,0,0,4,0,0,0,0,0,0,0
AR_PM_PC_LT_20181105_Q01_human.jpg,05/11/2018,ROCKY SHORE,ARGENTINA,PUERTO MADRYN,PUNTA CUEVAS,LOWTIDE,60,-42.78511,-64.95264,0,NIKON COOLPIX AW130,Bigatti,INTERTIDAL,NO,50 x 50,NO,Human,Confirmed,(Imported points; not specified),0,0,0,0,0,2,34,0,18,0,22,0,0,24,0,0,0,0,0,0,0
AR_PM_PC_LT_20181105_Q02_human.jpg,05/11/2018,ROCKY SHORE,ARGENTINA,PUERTO MADRYN,PUNTA CUEVAS,LOWTIDE,60,-42.78511,-64.95264,0,NIKON COOLPIX AW130,Bigatti,INTERTIDAL,NO,50 x 50,NO,Human,Confirmed,(Imported points; not specified),0,0,0,0,0,20,37,0,2,0,13,0,0,28,0,0,0,0,0,0,0
AR_PM_PC_LT_20181105_Q03_human.jpg,05/11/2018,ROCKY SHORE,ARGENTINA,PUERTO MADRYN,PUNTA CUEVAS,LOWTIDE,60,-42.78511,-64.95264,0,NIKON COOLPIX AW130,Bigatti,INTERTIDAL,NO,50 x 50,NO,Human,Confirmed,(Imported points; not specified),0,0,0,0,0,1,27,0,33,0,14,0,0,25,0,0,0,0,0,0,0
AR_PM_PC_LT_20181105_Q04_human.jpg,05/11/2018,ROCKY SHORE,ARGENTINA,PUERTO MADRYN,PUNTA CUEVAS,LOWTIDE,60,-42.78511,-64.95264,0,NIKON COOLPIX AW130,Bigatti,INTERTIDAL,NO,50 x 50,NO,Human,Confirmed,(Imported points; not specified),0,0,0,0,0,8,23,0,6,0,28,0,0,35,0,0,0,0,0,0,0
AR_PM_PC_LT_20181105_Q05_human.jpg,05/11/2018,ROCKY SHORE,ARGENTINA,PUERTO MADRYN,PUNTA CUEVAS,LOWTIDE,60,-42.78511,-64.95264,0,NIKON COOLPIX AW130,Bigatti,INTERTIDAL,NO,50 x 50,NO,Human,Confirmed,(Imported points; not specified),0,0,0,0,0,7,18,0,3,0,7,0,0,65,0,0,0,0,0,0,0
AR_PM_PC_LT_20181105_Q06_human.jpg,05/11/2018,ROCKY SHORE,ARGENTINA,PUERTO MADRYN,PUNTA CUEVAS,LOWTIDE,60,-42.78511,-64.95264,0,NIKON COOLPIX AW130,Bigatti,INTERTIDAL,NO,50 x 50,NO,Human,Confirmed,(Imported points; not specified),0,0,0,0,0,8,34,0,14,0,21,0,0,23,0,0,0,0,0,0,0
AR_PM_PC_LT_20181105_Q07_human.jpg,05/11/2018,ROCKY SHORE,ARGENTINA,PUERTO MADRYN,PUNTA CUEVAS,LOWTIDE,60,-42.78511,-64.95264,0,NIKON COOLPIX AW130,Bigatti,INTERTIDAL,NO,50 x 50,NO,Human,Confirmed,(Imported points; not specified),0,0,0,0,0,9,42,0,22,0,4,0,0,23,0,0,0,0,0,0,0
AR_PM_PC_LT_20181105_Q08_human.jpg,05/11/2018,ROCKY SHORE,ARGENTINA,PUERTO MADRYN,PUNTA CUEVAS,LOWTIDE,60,-42.78511,-64.95264,0,NIKON COOLPIX AW130,Bigatti,INTERTIDAL,NO,50 x 50,NO,Human,Confirmed,(Imported points; not specified),0,0,0,0,0,0,46,0,16,0,10,0,0,28,0,0,0,0,0,0,0
AR_PM_PC_LT_20181105_Q09_human.jpg,05/11/2018,ROCKY SHORE,ARGENTINA,PUERTO MADRYN,PUNTA CUEVAS,LOWTIDE,60,-42.78511,-64.95264,0,NIKON COOLPIX AW130,Bigatti,INTERTIDAL,NO,50 x 50,NO,Human,Confirmed,(Imported points; not specified),0,0,0,0,0,2,20,0,14,0,18,0,0,46,0,0,0,0,0,0,0
AR_PM_PC_LT_20181105_Q10_human.jpg,05/11/2018,ROCKY SHORE,ARGENTINA,PUERTO MADRYN,PUNTA CUEVAS,LOWTIDE,60,-42.78511,-64.95264,0,NIKON COOLPIX AW130,Bigatti,INTERTIDAL,NO,50 x 50,NO,Human,Confirmed,(Imported points; not specified),0,0,0,0,0,3,35,0,18,0,15,0,0,29,0,0,0,0,0,0,0
AR_PM_PC_MT_20181105_Q01_human.jpg,05/11/2018,ROCKY SHORE,ARGENTINA,PUERTO MADRYN,PUNTA CUEVAS,MIDTIDE,60,-42.78511,-64.95264,0,NIKON COOLPIX AW130,Bigatti,INTERTIDAL,NO,50 x 50,NO,Human,Confirmed,(Imported points; not specified),0,0,3,89,0,0,3,0,0,5,0,0,0,0,0,0,0,0,0,0,0
AR_PM_PC_MT_20181105_Q02_human.jpg,05/11/2018,ROCKY SHORE,ARGENTINA,PUERTO MADRYN,PUNTA CUEVAS,MIDTIDE,60,-42.78511,-64.95264,0,NIKON COOLPIX AW130,Bigatti,INTERTIDAL,NO,50 x 50,NO,Human,Confirmed,(Imported points; not specified),0,0,4,88,0,0,4,0,0,4,0,0,0,0,0,0,0,0,0,0,0
AR_PM_PC_MT_20181105_Q03_human.jpg,05/11/2018,ROCKY SHORE,ARGENTINA,PUERTO MADRYN,PUNTA CUEVAS,MIDTIDE,60,-42.78511,-64.95264,0,NIKON COOLPIX AW130,Bigatti,INTERTIDAL,NO,50 x 50,NO,Human,Confirmed,(Imported points; not specified),0,0,3,82,0,0,8,0,0,5,0,0,0,2,0,0,0,0,0,0,0
AR_PM_PC_MT_20181105_Q04_human.jpg,05/11/2018,ROCKY SHORE,ARGENTINA,PUERTO MADRYN,PUNTA CUEVAS,MIDTIDE,60,-42.78511,-64.95264,0,NIKON COOLPIX AW130,Bigatti,INTERTIDAL,NO,50 x 50,NO,Human,Confirmed,(Imported points; not specified),0,0,1,86,0,0,7,0,0,4,0,0,0,2,0,0,0,0,0,0,0
AR_PM_PC_MT_20181105_Q05_human.jpg,05/11/2018,ROCKY SHORE,ARGENTINA,PUERTO MADRYN,PUNTA CUEVAS,MIDTIDE,60,-42.78511,-64.95264,0,NIKON COOLPIX AW130,Bigatti,INTERTIDAL,NO,50 x 50,NO,Human,Confirmed,(Imported points; not specified),0,0,0,78,0,0,11,0,0,3,0,0,0,8,0,0,0,0,0,0,0
AR_PM_PC_MT_20181105_Q06_human.jpg,05/11/2018,ROCKY SHORE,ARGENTINA,PUERTO MADRYN,PUNTA CUEVAS,MIDTIDE,60,-42.78511,-64.95264,0,NIKON COOLPIX AW130,Bigatti,INTERTIDAL,NO,50 x 50,NO,Human,Confirmed,(Imported points; not specified),0,0,1,90,0,0,5,0,0,4,0,0,0,0,0,0,0,0,0,0,0
AR_PM_PC_MT_20181105_Q07_human.jpg,05/11/2018,ROCKY SHORE,ARGENTINA,PUERTO MADRYN,PUNTA CUEVAS,MIDTIDE,60,-42.78511,-64.95264,0,NIKON COOLPIX AW130,Bigatti,INTERTIDAL,NO,50 x 50,NO,Human,Confirmed,(Imported points; not specified),0,0,4,88,0,0,5,0,0,3,0,0,0,0,0,0,0,0,0,0,0
AR_PM_PC_MT_20181105_Q08_human.jpg,05/11/2018,ROCKY SHORE,ARGENTINA,PUERTO MADRYN,PUNTA CUEVAS,MIDTIDE,60,-42.78511,-64.95264,0,NIKON COOLPIX AW130,Bigatti,INTERTIDAL,NO,50 x 50,NO,Human,Confirmed,(Imported points; not specified),0,0,9,87,0,0,3,0,0,0,0,0,0,1,0,0,0,0,0,0,0
AR_PM_PC_MT_20181105_Q09_human.jpg,05/11/2018,ROCKY SHORE,ARGENTINA,PUERTO MADRYN,PUNTA CUEVAS,MIDTIDE,60,-42.78511,-64.95264,0,NIKON COOLPIX AW130,Bigatti,INTERTIDAL,NO,50 x 50,NO,Human,Confirmed,(Imported points; not specified),0,0,3,78,0,0,17,0,0,2,0,0,0,0,0,0,0,0,0,0,0
AR_PM_PC_MT_20181105_Q10_human.jpg,05/11/2018,ROCKY SHORE,ARGENTINA,PUERTO MADRYN,PUNTA CUEVAS,MIDTIDE,60,-42.78511,-64.95264,0,NIKON COOLPIX AW130,Bigatti,INTERTIDAL,NO,50 x 50,NO,Human,Confirmed,(Imported points; not specified),0,0,7,89,0,0,0,0,0,4,0,0,0,0,0,0,0,0,0,0,0
AR_PM_PE_HT_20181025_Q01_human.jpg,25/10/2018,ROCKY SHORE,ARGENTINA,PUERTO MADRYN,PUNTA ESTE,HIGHTIDE,60,-42.77986,-65.00171,0,NIKON COOLPIX AW130,Bigatti,INTERTIDAL,NO,50 x 50,NO,Human,Confirmed,(Imported points; not specified),0,0,0,5,0,0,41,0,0,0,50,0,0,4,0,0,0,0,0,0,0
AR_PM_PE_HT_20181025_Q02_human.jpg,25/10/2018,ROCKY SHORE,ARGENTINA,PUERTO MADRYN,PUNTA ESTE,HIGHTIDE,60,-42.77986,-65.00171,0,NIKON COOLPIX AW130,Bigatti,INTERTIDAL,NO,50 x 50,NO,Human,Confirmed,(Imported points; not specified),0,0,12,0,0,0,76,0,1,2,9,0,0,0,0,0,0,0,0,0,0
AR_PM_PE_HT_20181025_Q03_human.jpg,25/10/2018,ROCKY SHORE,ARGENTINA,PUERTO MADRYN,PUNTA ESTE,HIGHTIDE,60,-42.77986,-65.00171,0,NIKON COOLPIX AW130,Bigatti,INTERTIDAL,NO,50 x 50,NO,Human,Confirmed,(Imported points; not specified),0,0,3,0,0,0,87,0,0,0,10,0,0,0,0,0,0,0,0,0,0
AR_PM_PE_HT_20181025_Q04_human.jpg,25/10/2018,ROCKY SHORE,ARGENTINA,PUERTO MADRYN,PUNTA ESTE,HIGHTIDE,60,-42.77986,-65.00171,0,NIKON COOLPIX AW130,Bigatti,INTERTIDAL,NO,50 x 50,NO,Human,Confirmed,(Imported points; not specified),0,0,5,0,0,0,86,0,0,0,8,0,0,1,0,0,0,0,0,0,0
AR_PM_PE_HT_20181025_Q05_human.jpg,25/10/2018,ROCKY SHORE,ARGENTINA,PUERTO MADRYN,PUNTA ESTE,HIGHTIDE,60,-42.77986,-65.00171,0,NIKON COOLPIX AW130,Bigatti,INTERTIDAL,NO,50 x 50,NO,Human,Confirmed,(Imported points; not specified),0,0,3,0,0,0,68,0,0,6,23,0,0,0,0,0,0,0,0,0,0
AR_PM_PE_HT_20181025_Q06_human.jpg,25/10/2018,ROCKY SHORE,ARGENTINA,PUERTO MADRYN,PUNTA ESTE,HIGHTIDE,60,-42.77986,-65.00171,0,NIKON COOLPIX AW130,Bigatti,INTERTIDAL,NO,50 x 50,NO,Human,Confirmed,(Imported points; not specified),0,0,7,0,0,0,86,0,0,5,2,0,0,0,0,0,0,0,0,0,0
AR_PM_PE_HT_20181025_Q07_human.jpg,25/10/2018,ROCKY SHORE,ARGENTINA,PUERTO MADRYN,PUNTA ESTE,HIGHTIDE,60,-42.77986,-65.00171,0,NIKON COOLPIX AW130,Bigatti,INTERTIDAL,NO,50 x 50,NO,Human,Confirmed,(Imported points; not specified),0,0,7,0,0,0,90,0,0,3,0,0,0,0,0,0,0,0,0,0,0
AR_PM_PE_HT_20181025_Q08_human.jpg,25/10/2018,ROCKY SHORE,ARGENTINA,PUERTO MADRYN,PUNTA ESTE,HIGHTIDE,60,-42.77986,-65.00171,0,NIKON COOLPIX AW130,Bigatti,INTERTIDAL,NO,50 x 50,NO,Human,Confirmed,(Imported points; not specified),0,0,1,0,0,0,44,0,0,5,50,0,0,0,0,0,0,0,0,0,0
AR_PM_PE_HT_20181025_Q09_human.jpg,25/10/2018,ROCKY SHORE,ARGENTINA,PUERTO MADRYN,PUNTA ESTE,HIGHTIDE,60,-42.77986,-65.00171,0,NIKON COOLPIX AW130,Bigatti,INTERTIDAL,NO,50 x 50,NO,Human,Confirmed,(Imported points; not specified),0,0,11,0,0,0,60,0,0,10,19,0,0,0,0,0,0,0,0,0,0
AR_PM_PE_HT_20181025_Q10_human.jpg,25/10/2018,ROCKY SHORE,ARGENTINA,PUERTO MADRYN,PUNTA ESTE,HIGHTIDE,60,-42.77986,-65.00171,0,NIKON COOLPIX AW130,Bigatti,INTERTIDAL,NO,50 x 50,NO,Human,Confirmed,(Imported points; not specified),0,0,0,0,0,0,69,0,0,1,30,0,0,0,0,0,0,0,0,0,0
AR_PM_PE_LT_20181025_Q01_human.jpg,25/10/2018,ROCKY SHORE,ARGENTINA,PUERTO MADRYN,PUNTA ESTE,LOWTIDE,60,-42.77986,-65.00171,0,NIKON COOLPIX AW130,Bigatti,INTERTIDAL,NO,50 x 50,NO,Human,Confirmed,(Imported points; not specified),0,0,0,0,0,0,3,0,35,0,56,0,0,6,0,0,0,0,0,0,0
AR_PM_PE_LT_20181025_Q02_human.jpg,25/10/2018,ROCKY SHORE,ARGENTINA,PUERTO MADRYN,PUNTA ESTE,LOWTIDE,60,-42.77986,-65.00171,0,NIKON COOLPIX AW130,Bigatti,INTERTIDAL,NO,50 x 50,NO,Human,Confirmed,(Imported points; not specified),0,0,0,0,0,0,2,0,26,0,32,0,0,40,0,0,0,0,0,0,0
AR_PM_PE_LT_20181025_Q03_human.jpg,25/10/2018,ROCKY SHORE,ARGENTINA,PUERTO MADRYN,PUNTA ESTE,LOWTIDE,60,-42.77986,-65.00171,0,NIKON COOLPIX AW130,Bigatti,INTERTIDAL,NO,50 x 50,NO,Human,Confirmed,(Imported points; not specified),0,0,0,0,0,0,1,0,1,0,61,0,21,16,0,0,0,0,0,0,0
AR_PM_PE_LT_20181025_Q04_human.jpg,25/10/2018,ROCKY SHORE,ARGENTINA,PUERTO MADRYN,PUNTA ESTE,LOWTIDE,60,-42.77986,-65.00171,0,NIKON COOLPIX AW130,Bigatti,INTERTIDAL,NO,50 x 50,NO,Human,Confirmed,(Imported points; not specified),0,0,0,0,0,0,5,0,2,0,55,0,24,14,0,0,0,0,0,0,0
AR_PM_PE_LT_20181025_Q05_human.jpg,25/10/2018,ROCKY SHORE,ARGENTINA,PUERTO MADRYN,PUNTA ESTE,LOWTIDE,60,-42.77986,-65.00171,0,NIKON COOLPIX AW130,Bigatti,INTERTIDAL,NO,50 x 50,NO,Human,Confirmed,(Imported points; not specified),0,0,0,0,0,0,2,0,4,0,60,0,3,31,0,0,0,0,0,0,0
AR_PM_PE_LT_20181025_Q06_human.jpg,25/10/2018,ROCKY SHORE,ARGENTINA,PUERTO MADRYN,PUNTA ESTE,LOWTIDE,60,-42.77986,-65.00171,0,NIKON COOLPIX AW130,Bigatti,INTERTIDAL,NO,50 x 50,NO,Human,Confirmed,(Imported points; not specified),0,0,0,0,0,0,1,0,17,0,53,0,0,29,0,0,0,0,0,0,0
AR_PM_PE_LT_20181025_Q07_human.jpg,25/10/2018,ROCKY SHORE,ARGENTINA,PUERTO MADRYN,PUNTA ESTE,LOWTIDE,60,-42.77986,-65.00171,0,NIKON COOLPIX AW130,Bigatti,INTERTIDAL,NO,50 x 50,NO,Human,Confirmed,(Imported points; not specified),0,0,0,2,0,0,2,0,34,1,47,0,0,14,0,0,0,0,0,0,0
AR_PM_PE_LT_20181025_Q08_human.jpg,25/10/2018,ROCKY SHORE,ARGENTINA,PUERTO MADRYN,PUNTA ESTE,LOWTIDE,60,-42.77986,-65.00171,0,NIKON COOLPIX AW130,Bigatti,INTERTIDAL,NO,50 x 50,NO,Human,Confirmed,(Imported points; not specified),0,0,0,0,0,0,1,0,6,0,57,0,0,36,0,0,0,0,0,0,0
AR_PM_PE_LT_20181025_Q09_human.jpg,25/10/2018,ROCKY SHORE,ARGENTINA,PUERTO MADRYN,PUNTA ESTE,LOWTIDE,60,-42.77986,-65.00171,0,NIKON COOLPIX AW130,Bigatti,INTERTIDAL,NO,50 x 50,NO,Human,Confirmed,(Imported points; not specified),0,0,0,0,0,0,1,0,8,0,61,0,0,30,0,0,0,0,0,0,0
AR_PM_PE_LT_20181025_Q10_human.jpg,25/10/2018,ROCKY SHORE,ARGENTINA,PUERTO MADRYN,PUNTA ESTE,LOWTIDE,60,-42.77986,-65.00171,0,NIKON COOLPIX AW130,Bigatti,INTERTIDAL,NO,50 x 50,NO,Human,Confirmed,(Imported points; not specified),0,0,0,0,0,0,3,0,18,0,56,0,2,21,0,0,0,0,0,0,0
AR_PM_PE_MT_20181025_Q01_human.jpg,25/10/2018,ROCKY SHORE,ARGENTINA,PUERTO MADRYN,PUNTA ESTE,MIDTIDE,60,-42.77986,-65.00171,0,NIKON COOLPIX AW130,Bigatti,INTERTIDAL,NO,50 x 50,NO,Human,Confirmed,(Imported points; not specified),0,0,7,85,0,0,4,0,2,2,0,0,0,0,0,0,0,0,0,0,0
AR_PM_PE_MT_20181025_Q02_human.jpg,25/10/2018,ROCKY SHORE,ARGENTINA,PUERTO MADRYN,PUNTA ESTE,MIDTIDE,60,-42.77986,-65.00171,0,NIKON COOLPIX AW130,Bigatti,INTERTIDAL,NO,50 x 50,NO,Human,Confirmed,(Imported points; not specified),0,0,3,87,0,0,1,0,2,7,0,0,0,0,0,0,0,0,0,0,0
AR_PM_PE_MT_20181025_Q03_human.jpg,25/10/2018,ROCKY SHORE,ARGENTINA,PUERTO MADRYN,PUNTA ESTE,MIDTIDE,60,-42.77986,-65.00171,0,NIKON COOLPIX AW130,Bigatti,INTERTIDAL,NO,50 x 50,NO,Human,Confirmed,(Imported points; not specified),0,0,2,95,0,0,2,0,0,1,0,0,0,0,0,0,0,0,0,0,0
AR_PM_PE_MT_20181025_Q04_human.jpg,25/10/2018,ROCKY SHORE,ARGENTINA,PUERTO MADRYN,PUNTA ESTE,MIDTIDE,60,-42.77986,-65.00171,0,NIKON COOLPIX AW130,Bigatti,INTERTIDAL,NO,50 x 50,NO,Human,Confirmed,(Imported points; not specified),0,0,3,87,0,0,4,0,0,6,0,0,0,0,0,0,0,0,0,0,0
AR_PM_PE_MT_20181025_Q05_human.jpg,25/10/2018,ROCKY SHORE,ARGENTINA,PUERTO MADRYN,PUNTA ESTE,MIDTIDE,60,-42.77986,-65.00171,0,NIKON COOLPIX AW130,Bigatti,INTERTIDAL,NO,50 x 50,NO,Human,Confirmed,(Imported points; not specified),0,0,5,79,0,0,4,0,0,7,5,0,0,0,0,0,0,0,0,0,0
AR_PM_PE_MT_20181025_Q06_human.jpg,25/10/2018,ROCKY SHORE,ARGENTINA,PUERTO MADRYN,PUNTA ESTE,MIDTIDE,60,-42.77986,-65.00171,0,NIKON COOLPIX AW130,Bigatti,INTERTIDAL,NO,50 x 50,NO,Human,Confirmed,(Imported points; not specified),0,0,2,81,0,0,1,0,5,6,5,0,0,0,0,0,0,0,0,0,0
AR_PM_PE_MT_20181025_Q07_human.jpg,25/10/2018,ROCKY SHORE,ARGENTINA,PUERTO MADRYN,PUNTA ESTE,MIDTIDE,60,-42.77986,-65.00171,0,NIKON COOLPIX AW130,Bigatti,INTERTIDAL,NO,50 x 50,NO,Human,Confirmed,(Imported points; not specified),0,0,0,93,0,0,1,0,2,3,1,0,0,0,0,0,0,0,0,0,0
AR_PM_PE_MT_20181025_Q08_human.jpg,25/10/2018,ROCKY SHORE,ARGENTINA,PUERTO MADRYN,PUNTA ESTE,MIDTIDE,60,-42.77986,-65.00171,0,NIKON COOLPIX AW130,Bigatti,INTERTIDAL,NO,50 x 50,NO,Human,Confirmed,(Imported points; not specified),0,0,0,83,0,1,8,0,0,8,0,0,0,0,0,0,0,0,0,0,0
AR_PM_PE_MT_20181025_Q09_human.jpg,25/10/2018,ROCKY SHORE,ARGENTINA,PUERTO MADRYN,PUNTA ESTE,MIDTIDE,60,-42.77986,-65.00171,0,NIKON COOLPIX AW130,Bigatti,INTERTIDAL,NO,50 x 50,NO,Human,Confirmed,(Imported points; not specified),0,0,3,93,0,0,1,0,0,3,0,0,0,0,0,0,0,0,0,0,0
AR_PM_PE_MT_20181025_Q10_human.jpg,25/10/2018,ROCKY SHORE,ARGENTINA,PUERTO MADRYN,PUNTA ESTE,MIDTIDE,60,-42.77986,-65.00171,0,NIKON COOLPIX AW130,Bigatti,INTERTIDAL,NO,50 x 50,NO,Human,Confirmed,(Imported points; not specified),0,0,0,95,0,0,1,0,4,0,0,0,0,0,0,0,0,0,0,0,0
AR_PM_PL_HT_20181026_Q01_human.jpg,26/10/2018,ROCKY SHORE,ARGENTINA,PUERTO MADRYN,PUNTA LOMA,HIGHTIDE,60,-42.812067,-64.891925,0,NIKON COOLPIX AW130,Bigatti,INTERTIDAL,NO,50 x 50,NO,Human,Confirmed,(Imported points; not specified),0,0,0,0,0,1,92,0,0,0,6,0,0,1,0,0,0,0,0,0,0
AR_PM_PL_HT_20181026_Q02_human.jpg,26/10/2018,ROCKY SHORE,ARGENTINA,PUERTO MADRYN,PUNTA LOMA,HIGHTIDE,60,-42.812067,-64.891925,0,NIKON COOLPIX AW130,Bigatti,INTERTIDAL,NO,50 x 50,NO,Human,Confirmed,(Imported points; not specified),0,0,0,0,0,0,88,0,0,2,10,0,0,0,0,0,0,0,0,0,0
AR_PM_PL_HT_20181026_Q03_human.jpg,26/10/2018,ROCKY SHORE,ARGENTINA,PUERTO MADRYN,PUNTA LOMA,HIGHTIDE,60,-42.812067,-64.891925,0,NIKON COOLPIX AW130,Bigatti,INTERTIDAL,NO,50 x 50,NO,Human,Confirmed,(Imported points; not specified),0,0,0,0,0,0,93,0,0,2,3,0,0,2,0,0,0,0,0,0,0
AR_PM_PL_HT_20181026_Q04_human.jpg,26/10/2018,ROCKY SHORE,ARGENTINA,PUERTO MADRYN,PUNTA LOMA,HIGHTIDE,60,-42.812067,-64.891925,0,NIKON COOLPIX AW130,Bigatti,INTERTIDAL,NO,50 x 50,NO,Human,Confirmed,(Imported points; not specified),0,0,0,0,0,1,93,0,0,1,4,0,0,1,0,0,0,0,0,0,0
AR_PM_PL_HT_20181026_Q05_human.jpg,26/10/2018,ROCKY SHORE,ARGENTINA,PUERTO MADRYN,PUNTA LOMA,HIGHTIDE,60,-42.812067,-64.891925,0,NIKON COOLPIX AW130,Bigatti,INTERTIDAL,NO,50 x 50,NO,Human,Confirmed,(Imported points; not specified),0,0,0,0,0,1,88,0,0,0,11,0,0,0,0,0,0,0,0,0,0
AR_PM_PL_HT_20181026_Q06_human.jpg,26/10/2018,ROCKY SHORE,ARGENTINA,PUERTO MADRYN,PUNTA LOMA,HIGHTIDE,60,-42.812067,-64.891925,0,NIKON COOLPIX AW130,Bigatti,INTERTIDAL,NO,50 x 50,NO,Human,Confirmed,(Imported points; not specified),0,0,0,0,0,0,73,0,0,0,27,0,0,0,0,0,0,0,0,0,0
AR_PM_PL_HT_20181026_Q07_human.jpg,26/10/2018,ROCKY SHORE,ARGENTINA,PUERTO MADRYN,PUNTA LOMA,HIGHTIDE,60,-42.812067,-64.891925,0,NIKON COOLPIX AW130,Bigatti,INTERTIDAL,NO,50 x 50,NO,Human,Confirmed,(Imported points; not specified),0,0,0,0,0,0,61,0,0,0,38,0,0,1,0,0,0,0,0,0,0
AR_PM_PL_HT_20181026_Q08_human.jpg,26/10/2018,ROCKY SHORE,ARGENTINA,PUERTO MADRYN,PUNTA LOMA,HIGHTIDE,60,-42.812067,-64.891925,0,NIKON COOLPIX AW130,Bigatti,INTERTIDAL,NO,50 x 50,NO,Human,Confirmed,(Imported points; not specified),0,0,0,0,0,0,21,0,0,0,76,0,0,3,0,0,0,0,0,0,0
AR_PM_PL_HT_20181026_Q09_human.jpg,26/10/2018,ROCKY SHORE,ARGENTINA,PUERTO MADRYN,PUNTA LOMA,HIGHTIDE,60,-42.812067,-64.891925,0,NIKON COOLPIX AW130,Bigatti,INTERTIDAL,NO,50 x 50,NO,Human,Confirmed,(Imported points; not specified),0,0,0,0,0,0,36,0,0,2,59,0,0,3,0,0,0,0,0,0,0
AR_PM_PL_HT_20181026_Q10_human.jpg,26/10/2018,ROCKY SHORE,ARGENTINA,PUERTO MADRYN,PUNTA LOMA,HIGHTIDE,60,-42.812067,-64.891925,0,NIKON COOLPIX AW130,Bigatti,INTERTIDAL,NO,50 x 50,NO,Human,Confirmed,(Imported points; not specified),0,0,0,0,0,0,55,0,0,0,45,0,0,0,0,0,0,0,0,0,0
AR_PM_PL_LT_20181026_Q01_human.jpg,26/10/2018,ROCKY SHORE,ARGENTINA,PUERTO MADRYN,PUNTA LOMA,LOWTIDE,60,-42.812067,-64.891925,0,NIKON COOLPIX AW130,Bigatti,INTERTIDAL,NO,50 x 50,NO,Human,Confirmed,(Imported points; not specified),0,0,0,0,0,0,0,0,17,0,3,0,19,61,0,0,0,0,0,0,0
AR_PM_PL_LT_20181026_Q02_human.jpg,26/10/2018,ROCKY SHORE,ARGENTINA,PUERTO MADRYN,PUNTA LOMA,LOWTIDE,60,-42.812067,-64.891925,0,NIKON COOLPIX AW130,Bigatti,INTERTIDAL,NO,50 x 50,NO,Human,Confirmed,(Imported points; not specified),0,0,0,0,0,0,0,0,18,8,4,0,0,70,0,0,0,0,0,0,0
AR_PM_PL_LT_20181026_Q03_human.jpg,26/10/2018,ROCKY SHORE,ARGENTINA,PUERTO MADRYN,PUNTA LOMA,LOWTIDE,60,-42.812067,-64.891925,0,NIKON COOLPIX AW130,Bigatti,INTERTIDAL,NO,50 x 50,NO,Human,Confirmed,(Imported points; not specified),0,0,0,0,0,0,0,0,15,0,5,0,0,80,0,0,0,0,0,0,0
AR_PM_PL_LT_20181026_Q04_human.jpg,26/10/2018,ROCKY SHORE,ARGENTINA,PUERTO MADRYN,PUNTA LOMA,LOWTIDE,60,-42.812067,-64.891925,0,NIKON COOLPIX AW130,Bigatti,INTERTIDAL,NO,50 x 50,NO,Human,Confirmed,(Imported points; not specified),0,0,0,0,0,0,2,0,10,0,5,0,11,72,0,0,0,0,0,0,0
AR_PM_PL_LT_20181026_Q05_human.jpg,26/10/2018,ROCKY SHORE,ARGENTINA,PUERTO MADRYN,PUNTA LOMA,LOWTIDE,60,-42.812067,-64.891925,0,NIKON COOLPIX AW130,Bigatti,INTERTIDAL,NO,50 x 50,NO,Human,Confirmed,(Imported points; not specified),0,0,0,0,0,0,1,0,35,0,4,0,0,60,0,0,0,0,0,0,0
AR_PM_PL_LT_20181026_Q06_human.jpg,26/10/2018,ROCKY SHORE,ARGENTINA,PUERTO MADRYN,PUNTA LOMA,LOWTIDE,60,-42.812067,-64.891925,0,NIKON COOLPIX AW130,Bigatti,INTERTIDAL,NO,50 x 50,NO,Human,Confirmed,(Imported points; not specified),0,0,0,0,0,0,0,0,30,0,7,0,1,62,0,0,0,0,0,0,0
AR_PM_PL_LT_20181026_Q07_human.jpg,26/10/2018,ROCKY SHORE,ARGENTINA,PUERTO MADRYN,PUNTA LOMA,LOWTIDE,60,-42.812067,-64.891925,0,NIKON COOLPIX AW130,Bigatti,INTERTIDAL,NO,50 x 50,NO,Human,Confirmed,(Imported points; not specified),0,0,0,0,0,0,0,0,11,0,8,0,0,81,0,0,0,0,0,0,0
AR_PM_PL_LT_20181026_Q08_human.jpg,26/10/2018,ROCKY SHORE,ARGENTINA,PUERTO MADRYN,PUNTA LOMA,LOWTIDE,60,-42.812067,-64.891925,0,NIKON COOLPIX AW130,Bigatti,INTERTIDAL,NO,50 x 50,NO,Human,Confirmed,(Imported points; not specified),0,0,0,1,0,0,2,0,24,0,9,0,0,64,0,0,0,0,0,0,0
AR_PM_PL_LT_20181026_Q09_human.jpg,26/10/2018,ROCKY SHORE,ARGENTINA,PUERTO MADRYN,PUNTA LOMA,LOWTIDE,60,-42.812067,-64.891925,0,NIKON COOLPIX AW130,Bigatti,INTERTIDAL,NO,50 x 50,NO,Human,Confirmed,(Imported points; not specified),0,0,0,0,0,0,0,0,16,0,10,0,3,71,0,0,0,0,0,0,0
AR_PM_PL_LT_20181026_Q10_human.jpg,26/10/2018,ROCKY SHORE,ARGENTINA,PUERTO MADRYN,PUNTA LOMA,LOWTIDE,60,-42.812067,-64.891925,0,NIKON COOLPIX AW130,Bigatti,INTERTIDAL,NO,50 x 50,NO,Human,Confirmed,(Imported points; not specified),0,0,0,3,0,0,4,0,24,1,10,1,5,52,0,0,0,0,0,0,0
AR_PM_PL_MT_20181026_Q01_human.jpg,26/10/2018,ROCKY SHORE,ARGENTINA,PUERTO MADRYN,PUNTA LOMA,MIDTIDE,60,-42.812067,-64.891925,0,NIKON COOLPIX AW130,Bigatti,INTERTIDAL,NO,50 x 50,NO,Human,Confirmed,(Imported points; not specified),0,0,0,71,0,0,3,0,7,1,6,0,2,10,0,0,0,0,0,0,0
AR_PM_PL_MT_20181026_Q02_human.jpg,26/10/2018,ROCKY SHORE,ARGENTINA,PUERTO MADRYN,PUNTA LOMA,MIDTIDE,60,-42.812067,-64.891925,0,NIKON COOLPIX AW130,Bigatti,INTERTIDAL,NO,50 x 50,NO,Human,Confirmed,(Imported points; not specified),0,0,0,57,0,0,6,0,6,10,15,0,3,3,0,0,0,0,0,0,0
AR_PM_PL_MT_20181026_Q03_human.jpg,26/10/2018,ROCKY SHORE,ARGENTINA,PUERTO MADRYN,PUNTA LOMA,MIDTIDE,60,-42.812067,-64.891925,0,NIKON COOLPIX AW130,Bigatti,INTERTIDAL,NO,50 x 50,NO,Human,Confirmed,(Imported points; not specified),0,0,1,39,0,0,22,0,0,21,16,0,0,1,0,0,0,0,0,0,0
AR_PM_PL_MT_20181026_Q04_human.jpg,26/10/2018,ROCKY SHORE,ARGENTINA,PUERTO MADRYN,PUNTA LOMA,MIDTIDE,60,-42.812067,-64.891925,0,NIKON COOLPIX AW130,Bigatti,INTERTIDAL,NO,50 x 50,NO,Human,Confirmed,(Imported points; not specified),0,0,0,50,0,0,13,0,0,30,4,0,0,3,0,0,0,0,0,0,0
AR_PM_PL_MT_20181026_Q05_human.jpg,26/10/2018,ROCKY SHORE,ARGENTINA,PUERTO MADRYN,PUNTA LOMA,MIDTIDE,60,-42.812067,-64.891925,0,NIKON COOLPIX AW130,Bigatti,INTERTIDAL,NO,50 x 50,NO,Human,Confirmed,(Imported points; not specified),0,0,0,87,0,0,0,0,5,0,2,0,2,4,0,0,0,0,0,0,0
AR_PM_PL_MT_20181026_Q06_human.jpg,26/10/2018,ROCKY SHORE,ARGENTINA,PUERTO MADRYN,PUNTA LOMA,MIDTIDE,60,-42.812067,-64.891925,0,NIKON COOLPIX AW130,Bigatti,INTERTIDAL,NO,50 x 50,NO,Human,Confirmed,(Imported points; not specified),0,0,0,75,0,1,8,0,4,4,2,0,3,3,0,0,0,0,0,0,0
AR_PM_PL_MT_20181026_Q07_human.jpg,26/10/2018,ROCKY SHORE,ARGENTINA,PUERTO MADRYN,PUNTA LOMA,MIDTIDE,60,-42.812067,-64.891925,0,NIKON COOLPIX AW130,Bigatti,INTERTIDAL,NO,50 x 50,NO,Human,Confirmed,(Imported points; not specified),0,0,1,74,0,0,1,0,14,5,0,0,0,5,0,0,0,0,0,0,0
AR_PM_PL_MT_20181026_Q08_human.jpg,26/10/2018,ROCKY SHORE,ARGENTINA,PUERTO MADRYN,PUNTA LOMA,MIDTIDE,60,-42.812067,-64.891925,0,NIKON COOLPIX AW130,Bigatti,INTERTIDAL,NO,50 x 50,NO,Human,Confirmed,(Imported points; not specified),0,0,0,94,0,0,1,0,2,1,2,0,0,0,0,0,0,0,0,0,0
AR_PM_PL_MT_20181026_Q09_human.jpg,26/10/2018,ROCKY SHORE,ARGENTINA,PUERTO MADRYN,PUNTA LOMA,MIDTIDE,60,-42.812067,-64.891925,0,NIKON COOLPIX AW130,Bigatti,INTERTIDAL,NO,50 x 50,NO,Human,Confirmed,(Imported points; not specified),0,0,0,92,0,0,0,0,3,3,0,0,1,1,0,0,0,0,0,0,0
AR_PM_PL_MT_20181026_Q10_human.jpg,26/10/2018,ROCKY SHORE,ARGENTINA,PUERTO MADRYN,PUNTA LOMA,MIDTIDE,60,-42.812067,-64.891925,0,NIKON COOLPIX AW130,Bigatti,INTERTIDAL,NO,50 x 50,NO,Human,Confirmed,(Imported points; not specified),0,0,0,90,0,0,4,0,3,1,1,0,0,1,0,0,0,0,0,0,0
CO_GI_LM_HT_20181014_Q01_human.jpg,14/10/2018,ROCKY SHORE,COLOMBIA,GORGONA ISLAND,LA MANCORA,HIGHTIDE,60,0,0,0,CANON G16,Edgardo,INTERTIDAL,NO,50 x 50,NO,Human,Confirmed,(Imported points; not specified),0,0,0,0,0,0,100,0,0,0,0,0,0,0,0,0,0,0,0,0,0
CO_GI_LM_HT_20181014_Q02_human.jpg,14/10/2018,ROCKY SHORE,COLOMBIA,GORGONA ISLAND,LA MANCORA,HIGHTIDE,60,0,0,0,CANON G16,Edgardo,INTERTIDAL,NO,50 x 50,NO,Human,Confirmed,(Imported points; not specified),0,0,0,0,0,0,100,0,0,0,0,0,0,0,0,0,0,0,0,0,0
CO_GI_LM_HT_20181014_Q03_human.jpg,14/10/2018,ROCKY SHORE,COLOMBIA,GORGONA ISLAND,LA MANCORA,HIGHTIDE,60,0,0,0,CANON G16,Edgardo,INTERTIDAL,NO,50 x 50,NO,Human,Confirmed,(Imported points; not specified),0,0,0,0,1,0,99,0,0,0,0,0,0,0,0,0,0,0,0,0,0
CO_GI_LM_HT_20181014_Q04_human.jpg,14/10/2018,ROCKY SHORE,COLOMBIA,GORGONA ISLAND,LA MANCORA,HIGHTIDE,60,0,0,0,CANON G16,Edgardo,INTERTIDAL,NO,50 x 50,NO,Human,Confirmed,(Imported points; not specified),0,0,0,0,1,0,99,0,0,0,0,0,0,0,0,0,0,0,0,0,0
CO_GI_LM_HT_20181014_Q05_human.jpg,14/10/2018,ROCKY SHORE,COLOMBIA,GORGONA ISLAND,LA MANCORA,HIGHTIDE,60,0,0,0,CANON G16,Edgardo,INTERTIDAL,NO,50 x 50,NO,Human,Confirmed,(Imported points; not specified),0,0,0,0,0,0,100,0,0,0,0,0,0,0,0,0,0,0,0,0,0
CO_GI_LM_HT_20181014_Q06_human.jpg,14/10/2018,ROCKY SHORE,COLOMBIA,GORGONA ISLAND,LA MANCORA,HIGHTIDE,60,0,0,0,CANON G16,Edgardo,INTERTIDAL,NO,50 x 50,NO,Human,Confirmed,(Imported points; not specified),0,0,0,0,0,0,99,1,0,0,0,0,0,0,0,0,0,0,0,0,0
CO_GI_LM_HT_20181014_Q07_human.jpg,14/10/2018,ROCKY SHORE,COLOMBIA,GORGONA ISLAND,LA MANCORA,HIGHTIDE,60,0,0,0,CANON G16,Edgardo,INTERTIDAL,NO,50 x 50,NO,Human,Confirmed,(Imported points; not specified),0,0,0,0,0,0,100,0,0,0,0,0,0,0,0,0,0,0,0,0,0
CO_GI_LM_HT_20181014_Q08_human.jpg,14/10/2018,ROCKY SHORE,COLOMBIA,GORGONA ISLAND,LA MANCORA,HIGHTIDE,60,0,0,0,CANON G16,Edgardo,INTERTIDAL,NO,50 x 50,NO,Human,Confirmed,(Imported points; not specified),0,0,0,0,0,0,100,0,0,0,0,0,0,0,0,0,0,0,0,0,0
CO_GI_LM_HT_20181014_Q09_human.jpg,14/10/2018,ROCKY SHORE,COLOMBIA,GORGONA ISLAND,LA MANCORA,HIGHTIDE,60,0,0,0,CANON G16,Edgardo,INTERTIDAL,NO,50 x 50,NO,Human,Confirmed,(Imported points; not specified),0,0,0,0,3,0,97,0,0,0,0,0,0,0,0,0,0,0,0,0,0
CO_GI_LM_HT_20181014_Q10_human.jpg,14/10/2018,ROCKY SHORE,COLOMBIA,GORGONA ISLAND,LA MANCORA,HIGHTIDE,60,0,0,0,CANON G16,Edgardo,INTERTIDAL,NO,50 x 50,NO,Human,Confirmed,(Imported points; not specified),0,0,0,0,1,0,99,0,0,0,0,0,0,0,0,0,0,0,0,0,0
CO_GI_LM_LT_20181014_Q01_human.jpg,14/10/2018,ROCKY SHORE,COLOMBIA,GORGONA ISLAND,LA MANCORA,LOWTIDE,60,0,0,0,CANON G16,Edgardo,INTERTIDAL,NO,50 x 50,NO,Human,Confirmed,(Imported points; not specified),0,0,0,0,1,0,98,0,0,1,0,0,0,0,0,0,0,0,0,0,0
CO_GI_LM_LT_20181014_Q02_human.jpg,14/10/2018,ROCKY SHORE,COLOMBIA,GORGONA ISLAND,LA MANCORA,LOWTIDE,60,0,0,0,CANON G16,Edgardo,INTERTIDAL,NO,50 x 50,NO,Human,Confirmed,(Imported points; not specified),0,0,0,0,0,0,92,0,0,2,6,0,0,0,0,0,0,0,0,0,0
CO_GI_LM_LT_20181014_Q03_human.jpg,14/10/2018,ROCKY SHORE,COLOMBIA,GORGONA ISLAND,LA MANCORA,LOWTIDE,60,0,0,0,CANON G16,Edgardo,INTERTIDAL,NO,50 x 50,NO,Human,Confirmed,(Imported points; not specified),0,0,0,0,0,0,74,0,0,11,15,0,0,0,0,0,0,0,0,0,0
CO_GI_LM_LT_20181014_Q04_human.jpg,14/10/2018,ROCKY SHORE,COLOMBIA,GORGONA ISLAND,LA MANCORA,LOWTIDE,60,0,0,0,CANON G16,Edgardo,INTERTIDAL,NO,50 x 50,NO,Human,Confirmed,(Imported points; not specified),0,0,0,0,0,0,98,0,0,0,2,0,0,0,0,0,0,0,0,0,0
CO_GI_LM_LT_20181014_Q05_human.jpg,14/10/2018,ROCKY SHORE,COLOMBIA,GORGONA ISLAND,LA MANCORA,LOWTIDE,60,0,0,0,CANON G16,Edgardo,INTERTIDAL,NO,50 x 50,NO,Human,Confirmed,(Imported points; not specified),0,0,0,0,1,0,68,0,0,31,0,0,0,0,0,0,0,0,0,0,0
CO_GI_LM_LT_20181014_Q06_human.jpg,14/10/2018,ROCKY SHORE,COLOMBIA,GORGONA ISLAND,LA MANCORA,LOWTIDE,60,0,0,0,CANON G16,Edgardo,INTERTIDAL,NO,50 x 50,NO,Human,Confirmed,(Imported points; not specified),0,0,0,0,0,0,80,0,0,20,0,0,0,0,0,0,0,0,0,0,0
CO_GI_LM_LT_20181014_Q07_human.jpg,14/10/2018,ROCKY SHORE,COLOMBIA,GORGONA ISLAND,LA MANCORA,LOWTIDE,60,0,0,0,CANON G16,Edgardo,INTERTIDAL,NO,50 x 50,NO,Human,Confirmed,(Imported points; not specified),0,0,0,0,0,0,73,1,0,24,2,0,0,0,0,0,0,0,0,0,0
CO_GI_LM_LT_20181014_Q08_human.jpg,14/10/2018,ROCKY SHORE,COLOMBIA,GORGONA ISLAND,LA MANCORA,LOWTIDE,60,0,0,0,CANON G16,Edgardo,INTERTIDAL,NO,50 x 50,NO,Human,Confirmed,(Imported points; not specified),0,0,0,0,0,0,70,0,0,30,0,0,0,0,0,0,0,0,0,0,0
CO_GI_LM_LT_20181014_Q09_human.jpg,14/10/2018,ROCKY SHORE,COLOMBIA,GORGONA ISLAND,LA MANCORA,LOWTIDE,60,0,0,0,CANON G16,Edgardo,INTERTIDAL,NO,50 x 50,NO,Human,Confirmed,(Imported points; not specified),0,0,0,0,0,0,100,0,0,0,0,0,0,0,0,0,0,0,0,0,0
CO_GI_LM_LT_20181014_Q10_human.jpg,14/10/2018,ROCKY SHORE,COLOMBIA,GORGONA ISLAND,LA MANCORA,LOWTIDE,60,0,0,0,CANON G16,Edgardo,INTERTIDAL,NO,50 x 50,NO,Human,Confirmed,(Imported points; not specified),0,0,0,0,0,0,64,0,0,34,2,0,0,0,0,0,0,0,0,0,0
CO_GI_LM_MT_20181014_Q01_human.jpg,14/10/2018,ROCKY SHORE,COLOMBIA,GORGONA ISLAND,LA MANCORA,MIDTIDE,60,0,0,0,CANON G16,Edgardo,INTERTIDAL,NO,50 x 50,NO,Human,Confirmed,(Imported points; not specified),0,0,0,0,0,0,100,0,0,0,0,0,0,0,0,0,0,0,0,0,0
CO_GI_LM_MT_20181014_Q02_human.jpg,14/10/2018,ROCKY SHORE,COLOMBIA,GORGONA ISLAND,LA MANCORA,MIDTIDE,60,0,0,0,CANON G16,Edgardo,INTERTIDAL,NO,50 x 50,NO,Human,Confirmed,(Imported points; not specified),0,0,0,0,1,0,98,0,0,1,0,0,0,0,0,0,0,0,0,0,0
CO_GI_LM_MT_20181014_Q03_human.jpg,14/10/2018,ROCKY SHORE,COLOMBIA,GORGONA ISLAND,LA MANCORA,MIDTIDE,60,0,0,0,CANON G16,Edgardo,INTERTIDAL,NO,50 x 50,NO,Human,Confirmed,(Imported points; not specified),0,0,0,0,0,0,93,0,0,7,0,0,0,0,0,0,0,0,0,0,0
CO_GI_LM_MT_20181014_Q04_human.jpg,14/10/2018,ROCKY SHORE,COLOMBIA,GORGONA ISLAND,LA MANCORA,MIDTIDE,60,0,0,0,CANON G16,Edgardo,INTERTIDAL,NO,50 x 50,NO,Human,Confirmed,(Imported points; not specified),0,0,0,0,0,0,97,0,0,3,0,0,0,0,0,0,0,0,0,0,0
CO_GI_LM_MT_20181014_Q05_human.jpg,14/10/2018,ROCKY SHORE,COLOMBIA,GORGONA ISLAND,LA MANCORA,MIDTIDE,60,0,0,0,CANON G16,Edgardo,INTERTIDAL,NO,50 x 50,NO,Human,Confirmed,(Imported points; not specified),0,0,0,0,0,0,100,0,0,0,0,0,0,0,0,0,0,0,0,0,0
CO_GI_LM_MT_20181014_Q06_human.jpg,14/10/2018,ROCKY SHORE,COLOMBIA,GORGONA ISLAND,LA MANCORA,MIDTIDE,60,0,0,0,CANON G16,Edgardo,INTERTIDAL,NO,50 x 50,NO,Human,Confirmed,(Imported points; not specified),0,0,0,0,0,0,98,0,0,2,0,0,0,0,0,0,0,0,0,0,0
CO_GI_LM_MT_20181014_Q07_human.jpg,14/10/2018,ROCKY SHORE,COLOMBIA,GORGONA ISLAND,LA MANCORA,MIDTIDE,60,0,0,0,CANON G16,Edgardo,INTERTIDAL,NO,50 x 50,NO,Human,Confirmed,(Imported points; not specified),0,0,0,0,0,0,86,0,0,13,1,0,0,0,0,0,0,0,0,0,0
CO_GI_LM_MT_20181014_Q08_human.jpg,14/10/2018,ROCKY SHORE,COLOMBIA,GORGONA ISLAND,LA MANCORA,MIDTIDE,60,0,0,0,CANON G16,Edgardo,INTERTIDAL,NO,50 x 50,NO,Human,Confirmed,(Imported points; not specified),0,0,0,0,0,0,84,0,0,16,0,0,0,0,0,0,0,0,0,0,0
CO_GI_LM_MT_20181014_Q09_human.jpg,14/10/2018,ROCKY SHORE,COLOMBIA,GORGONA ISLAND,LA MANCORA,MIDTIDE,60,0,0,0,CANON G16,Edgardo,INTERTIDAL,NO,50 x 50,NO,Human,Confirmed,(Imported points; not specified),0,0,0,0,0,0,77,0,0,23,0,0,0,0,0,0,0,0,0,0,0
CO_GI_LM_MT_20181014_Q10_human.jpg,14/10/2018,ROCKY SHORE,COLOMBIA,GORGONA ISLAND,LA MANCORA,MIDTIDE,60,0,0,0,CANON G16,Edgardo,INTERTIDAL,NO,50 x 50,NO,Human,Confirmed,(Imported points; not specified),0,0,0,0,0,0,54,0,0,40,6,0,0,0,0,0,0,0,0,0,0
CO_GI_LV_HT_20181010_Q01_human.jpg,10/10/2018,ROCKY SHORE,COLOMBIA,GORGONA ISLAND,LA VENTANA,HIGHTIDE,60,0,0,0,CANON G16,Edgardo,INTERTIDAL,NO,50 x 50,NO,Human,Confirmed,(Imported points; not specified),0,0,0,0,0,0,98,0,0,2,0,0,0,0,0,0,0,0,0,0,0
CO_GI_LV_HT_20181010_Q02_human.jpg,10/10/2018,ROCKY SHORE,COLOMBIA,GORGONA ISLAND,LA VENTANA,HIGHTIDE,60,0,0,0,CANON G16,Edgardo,INTERTIDAL,NO,50 x 50,NO,Human,Confirmed,(Imported points; not specified),0,0,0,0,0,0,100,0,0,0,0,0,0,0,0,0,0,0,0,0,0
CO_GI_LV_HT_20181010_Q03_human.jpg,10/10/2018,ROCKY SHORE,COLOMBIA,GORGONA ISLAND,LA VENTANA,HIGHTIDE,60,0,0,0,CANON G16,Edgardo,INTERTIDAL,NO,50 x 50,NO,Human,Confirmed,(Imported points; not specified),0,0,0,0,4,0,96,0,0,0,0,0,0,0,0,0,0,0,0,0,0
CO_GI_LV_HT_20181010_Q04_human.jpg,10/10/2018,ROCKY SHORE,COLOMBIA,GORGONA ISLAND,LA VENTANA,HIGHTIDE,60,0,0,0,CANON G16,Edgardo,INTERTIDAL,NO,50 x 50,NO,Human,Confirmed,(Imported points; not specified),0,0,0,0,3,0,88,9,0,0,0,0,0,0,0,0,0,0,0,0,0
CO_GI_LV_HT_20181010_Q05_human.jpg,10/10/2018,ROCKY SHORE,COLOMBIA,GORGONA ISLAND,LA VENTANA,HIGHTIDE,60,0,0,0,CANON G16,Edgardo,INTERTIDAL,NO,50 x 50,NO,Human,Confirmed,(Imported points; not specified),0,0,0,0,0,0,100,0,0,0,0,0,0,0,0,0,0,0,0,0,0
CO_GI_LV_HT_20181010_Q06_human.jpg,10/10/2018,ROCKY SHORE,COLOMBIA,GORGONA ISLAND,LA VENTANA,HIGHTIDE,60,0,0,0,CANON G16,Edgardo,INTERTIDAL,NO,50 x 50,NO,Human,Confirmed,(Imported points; not specified),0,0,0,0,3,0,97,0,0,0,0,0,0,0,0,0,0,0,0,0,0
CO_GI_LV_HT_20181010_Q07_human.jpg,10/10/2018,ROCKY SHORE,COLOMBIA,GORGONA ISLAND,LA VENTANA,HIGHTIDE,60,0,0,0,CANON G16,Edgardo,INTERTIDAL,NO,50 x 50,NO,Human,Confirmed,(Imported points; not specified),0,0,0,0,1,0,99,0,0,0,0,0,0,0,0,0,0,0,0,0,0
CO_GI_LV_HT_20181010_Q08_human.jpg,10/10/2018,ROCKY SHORE,COLOMBIA,GORGONA ISLAND,LA VENTANA,HIGHTIDE,60,0,0,0,CANON G16,Edgardo,INTERTIDAL,NO,50 x 50,NO,Human,Confirmed,(Imported points; not specified),0,0,0,0,1,0,99,0,0,0,0,0,0,0,0,0,0,0,0,0,0
CO_GI_LV_HT_20181010_Q09_human.jpg,10/10/2018,ROCKY SHORE,COLOMBIA,GORGONA ISLAND,LA VENTANA,HIGHTIDE,60,0,0,0,CANON G16,Edgardo,INTERTIDAL,NO,50 x 50,NO,Human,Confirmed,(Imported points; not specified),0,0,0,0,0,0,100,0,0,0,0,0,0,0,0,0,0,0,0,0,0
CO_GI_LV_HT_20181010_Q10_human.jpg,10/10/2018,ROCKY SHORE,COLOMBIA,GORGONA ISLAND,LA VENTANA,HIGHTIDE,60,0,0,0,CANON G16,Edgardo,INTERTIDAL,NO,50 x 50,NO,Human,Confirmed,(Imported points; not specified),0,0,0,0,1,0,99,0,0,0,0,0,0,0,0,0,0,0,0,0,0
CO_GI_LV_LT_20181011_Q01_human.jpg,10/10/2018,ROCKY SHORE,COLOMBIA,GORGONA ISLAND,LA VENTANA,LOWTIDE,60,0,0,0,CANON G16,Edgardo,INTERTIDAL,NO,50 x 50,NO,Human,Confirmed,(Imported points; not specified),0,0,0,0,0,0,22,0,0,1,77,0,0,0,0,0,0,0,0,0,0
CO_GI_LV_LT_20181011_Q02_human.jpg,10/10/2018,ROCKY SHORE,COLOMBIA,GORGONA ISLAND,LA VENTANA,LOWTIDE,60,0,0,0,CANON G16,Edgardo,INTERTIDAL,NO,50 x 50,NO,Human,Confirmed,(Imported points; not specified),0,0,0,0,0,0,48,0,0,52,0,0,0,0,0,0,0,0,0,0,0
CO_GI_LV_LT_20181011_Q03_human.jpg,10/10/2018,ROCKY SHORE,COLOMBIA,GORGONA ISLAND,LA VENTANA,LOWTIDE,60,0,0,0,CANON G16,Edgardo,INTERTIDAL,NO,50 x 50,NO,Human,Confirmed,(Imported points; not specified),0,0,0,0,0,0,19,0,0,13,68,0,0,0,0,0,0,0,0,0,0
CO_GI_LV_LT_20181011_Q04_human.jpg,10/10/2018,ROCKY SHORE,COLOMBIA,GORGONA ISLAND,LA VENTANA,LOWTIDE,60,0,0,0,CANON G16,Edgardo,INTERTIDAL,NO,50 x 50,NO,Human,Confirmed,(Imported points; not specified),0,0,0,0,0,0,21,0,3,3,73,0,0,0,0,0,0,0,0,0,0
CO_GI_LV_LT_20181011_Q05_human.jpg,10/10/2018,ROCKY SHORE,COLOMBIA,GORGONA ISLAND,LA VENTANA,LOWTIDE,60,0,0,0,CANON G16,Edgardo,INTERTIDAL,NO,50 x 50,NO,Human,Confirmed,(Imported points; not specified),0,0,0,0,0,0,20,0,0,24,56,0,0,0,0,0,0,0,0,0,0
CO_GI_LV_LT_20181011_Q06_human.jpg,10/10/2018,ROCKY SHORE,COLOMBIA,GORGONA ISLAND,LA VENTANA,LOWTIDE,60,0,0,0,CANON G16,Edgardo,INTERTIDAL,NO,50 x 50,NO,Human,Confirmed,(Imported points; not specified),0,0,0,0,0,0,2,1,26,20,50,1,0,0,0,0,0,0,0,0,0
CO_GI_LV_LT_20181011_Q07_human.jpg,10/10/2018,ROCKY SHORE,COLOMBIA,GORGONA ISLAND,LA VENTANA,LOWTIDE,60,0,0,0,CANON G16,Edgardo,INTERTIDAL,NO,50 x 50,NO,Human,Confirmed,(Imported points; not specified),0,0,0,0,0,0,3,0,8,74,15,0,0,0,0,0,0,0,0,0,0
CO_GI_LV_LT_20181011_Q08_human.jpg,10/10/2018,ROCKY SHORE,COLOMBIA,GORGONA ISLAND,LA VENTANA,LOWTIDE,60,0,0,0,CANON G16,Edgardo,INTERTIDAL,NO,50 x 50,NO,Human,Confirmed,(Imported points; not specified),0,0,0,0,0,0,18,0,3,5,74,0,0,0,0,0,0,0,0,0,0
CO_GI_LV_LT_20181011_Q09_human.jpg,10/10/2018,ROCKY SHORE,COLOMBIA,GORGONA ISLAND,LA VENTANA,LOWTIDE,60,0,0,0,CANON G16,Edgardo,INTERTIDAL,NO,50 x 50,NO,Human,Confirmed,(Imported points; not specified),0,0,0,0,0,0,39,0,2,3,53,3,0,0,0,0,0,0,0,0,0
CO_GI_LV_LT_20181011_Q10_human.jpg,10/10/2018,ROCKY SHORE,COLOMBIA,GORGONA ISLAND,LA VENTANA,LOWTIDE,60,0,0,0,CANON G16,Edgardo,INTERTIDAL,NO,50 x 50,NO,Human,Confirmed,(Imported points; not specified),0,0,0,0,0,0,0,0,35,65,0,0,0,0,0,0,0,0,0,0,0
CO_GI_LV_MT_20181010_Q01_human.jpg,10/10/2018,ROCKY SHORE,COLOMBIA,GORGONA ISLAND,LA VENTANA,MIDTIDE,60,0,0,0,CANON G16,Edgardo,INTERTIDAL,NO,50 x 50,NO,Human,Confirmed,(Imported points; not specified),0,0,1,0,1,0,91,0,0,7,0,0,0,0,0,0,0,0,0,0,0
CO_GI_LV_MT_20181010_Q02_human.jpg,10/10/2018,ROCKY SHORE,COLOMBIA,GORGONA ISLAND,LA VENTANA,MIDTIDE,60,0,0,0,CANON G16,Edgardo,INTERTIDAL,NO,50 x 50,NO,Human,Confirmed,(Imported points; not specified),0,0,4,0,0,0,60,0,0,36,0,0,0,0,0,0,0,0,0,0,0
CO_GI_LV_MT_20181010_Q03_human.jpg,10/10/2018,ROCKY SHORE,COLOMBIA,GORGONA ISLAND,LA VENTANA,MIDTIDE,60,0,0,0,CANON G16,Edgardo,INTERTIDAL,NO,50 x 50,NO,Human,Confirmed,(Imported points; not specified),0,0,0,0,0,0,23,0,0,55,22,0,0,0,0,0,0,0,0,0,0
CO_GI_LV_MT_20181010_Q04_human.jpg,10/10/2018,ROCKY SHORE,COLOMBIA,GORGONA ISLAND,LA VENTANA,MIDTIDE,60,0,0,0,CANON G16,Edgardo,INTERTIDAL,NO,50 x 50,NO,Human,Confirmed,(Imported points; not specified),0,0,0,0,0,0,61,0,0,39,0,0,0,0,0,0,0,0,0,0,0
CO_GI_LV_MT_20181010_Q05_human.jpg,10/10/2018,ROCKY SHORE,COLOMBIA,GORGONA ISLAND,LA VENTANA,MIDTIDE,60,0,0,0,CANON G16,Edgardo,INTERTIDAL,NO,50 x 50,NO,Human,Confirmed,(Imported points; not specified),0,0,0,0,0,0,53,0,2,19,26,0,0,0,0,0,0,0,0,0,0
CO_GI_LV_MT_20181010_Q06_human.jpg,10/10/2018,ROCKY SHORE,COLOMBIA,GORGONA ISLAND,LA VENTANA,MIDTIDE,60,0,0,0,CANON G16,Edgardo,INTERTIDAL,NO,50 x 50,NO,Human,Confirmed,(Imported points; not specified),0,0,0,0,0,0,68,0,0,32,0,0,0,0,0,0,0,0,0,0,0
CO_GI_LV_MT_20181010_Q07_human.jpg,10/10/2018,ROCKY SHORE,COLOMBIA,GORGONA ISLAND,LA VENTANA,MIDTIDE,60,0,0,0,CANON G16,Edgardo,INTERTIDAL,NO,50 x 50,NO,Human,Confirmed,(Imported points; not specified),0,0,0,0,0,0,79,0,0,21,0,0,0,0,0,0,0,0,0,0,0
CO_GI_LV_MT_20181010_Q08_human.jpg,10/10/2018,ROCKY SHORE,COLOMBIA,GORGONA ISLAND,LA VENTANA,MIDTIDE,60,0,0,0,CANON G16,Edgardo,INTERTIDAL,NO,50 x 50,NO,Human,Confirmed,(Imported points; not specified),0,0,0,0,0,0,76,0,0,23,1,0,0,0,0,0,0,0,0,0,0
CO_GI_LV_MT_20181010_Q09_human.jpg,10/10/2018,ROCKY SHORE,COLOMBIA,GORGONA ISLAND,LA VENTANA,MIDTIDE,60,0,0,0,CANON G16,Edgardo,INTERTIDAL,NO,50 x 50,NO,Human,Confirmed,(Imported points; not specified),0,0,0,0,0,0,92,0,0,8,0,0,0,0,0,0,0,0,0,0,0
CO_GI_LV_MT_20181010_Q10_human.jpg,10/10/2018,ROCKY SHORE,COLOMBIA,GORGONA ISLAND,LA VENTANA,MIDTIDE,60,0,0,0,CANON G16,Edgardo,INTERTIDAL,NO,50 x 50,NO,Human,Confirmed,(Imported points; not specified),0,0,0,0,6,0,76,0,0,18,0,0,0,0,0,0,0,0,0,0,0
CO_GI_PV_HT_20181012_Q01_human.jpg,12/10/2018,ROCKY SHORE,COLOMBIA,GORGONA ISLAND,PLAYA VERDE,HIGHTIDE,60,0,0,0,CANON G16,Edgardo,INTERTIDAL,NO,50 x 50,NO,Human,Confirmed,(Imported points; not specified),0,0,0,0,0,0,100,0,0,0,0,0,0,0,0,0,0,0,0,0,0
CO_GI_PV_HT_20181012_Q02_human.jpg,12/10/2018,ROCKY SHORE,COLOMBIA,GORGONA ISLAND,PLAYA VERDE,HIGHTIDE,60,0,0,0,CANON G16,Edgardo,INTERTIDAL,NO,50 x 50,NO,Human,Confirmed,(Imported points; not specified),0,0,0,0,0,0,100,0,0,0,0,0,0,0,0,0,0,0,0,0,0
CO_GI_PV_HT_20181012_Q03_human.jpg,12/10/2018,ROCKY SHORE,COLOMBIA,GORGONA ISLAND,PLAYA VERDE,HIGHTIDE,60,0,0,0,CANON G16,Edgardo,INTERTIDAL,NO,50 x 50,NO,Human,Confirmed,(Imported points; not specified),0,0,0,0,2,0,98,0,0,0,0,0,0,0,0,0,0,0,0,0,0
CO_GI_PV_HT_20181012_Q04_human.jpg,12/10/2018,ROCKY SHORE,COLOMBIA,GORGONA ISLAND,PLAYA VERDE,HIGHTIDE,60,0,0,0,CANON G16,Edgardo,INTERTIDAL,NO,50 x 50,NO,Human,Confirmed,(Imported points; not specified),0,0,0,0,0,0,100,0,0,0,0,0,0,0,0,0,0,0,0,0,0
CO_GI_PV_HT_20181012_Q05_human.jpg,12/10/2018,ROCKY SHORE,COLOMBIA,GORGONA ISLAND,PLAYA VERDE,HIGHTIDE,60,0,0,0,CANON G16,Edgardo,INTERTIDAL,NO,50 x 50,NO,Human,Confirmed,(Imported points; not specified),0,0,0,0,1,0,99,0,0,0,0,0,0,0,0,0,0,0,0,0,0
CO_GI_PV_HT_20181012_Q06_human.jpg,12/10/2018,ROCKY SHORE,COLOMBIA,GORGONA ISLAND,PLAYA VERDE,HIGHTIDE,60,0,0,0,CANON G16,Edgardo,INTERTIDAL,NO,50 x 50,NO,Human,Confirmed,(Imported points; not specified),0,0,0,0,1,0,99,0,0,0,0,0,0,0,0,0,0,0,0,0,0
CO_GI_PV_HT_20181012_Q07_human.jpg,12/10/2018,ROCKY SHORE,COLOMBIA,GORGONA ISLAND,PLAYA VERDE,HIGHTIDE,60,0,0,0,CANON G16,Edgardo,INTERTIDAL,NO,50 x 50,NO,Human,Confirmed,(Imported points; not specified),0,0,0,0,1,0,99,0,0,0,0,0,0,0,0,0,0,0,0,0,0
CO_GI_PV_HT_20181012_Q08_human.jpg,12/10/2018,ROCKY SHORE,COLOMBIA,GORGONA ISLAND,PLAYA VERDE,HIGHTIDE,60,0,0,0,CANON G16,Edgardo,INTERTIDAL,NO,50 x 50,NO,Human,Confirmed,(Imported points; not specified),0,0,0,0,0,0,99,1,0,0,0,0,0,0,0,0,0,0,0,0,0
CO_GI_PV_HT_20181012_Q09_human.jpg,12/10/2018,ROCKY SHORE,COLOMBIA,GORGONA ISLAND,PLAYA VERDE,HIGHTIDE,60,0,0,0,CANON G16,Edgardo,INTERTIDAL,NO,50 x 50,NO,Human,Confirmed,(Imported points; not specified),0,0,0,0,0,0,100,0,0,0,0,0,0,0,0,0,0,0,0,0,0
CO_GI_PV_HT_20181012_Q10_human.jpg,12/10/2018,ROCKY SHORE,COLOMBIA,GORGONA ISLAND,PLAYA VERDE,HIGHTIDE,60,0,0,0,CANON G16,Edgardo,INTERTIDAL,NO,50 x 50,NO,Human,Confirmed,(Imported points; not specified),0,0,0,0,0,0,100,0,0,0,0,0,0,0,0,0,0,0,0,0,0
CO_GI_PV_LT_20181012_Q01_human.jpg,12/10/2018,ROCKY SHORE,COLOMBIA,GORGONA ISLAND,PLAYA VERDE,LOWTIDE,60,0,0,0,CANON G16,Edgardo,INTERTIDAL,NO,50 x 50,NO,Human,Confirmed,(Imported points; not specified),0,0,0,0,0,6,84,0,0,10,0,0,0,0,0,0,0,0,0,0,0
CO_GI_PV_LT_20181012_Q02_human.jpg,12/10/2018,ROCKY SHORE,COLOMBIA,GORGONA ISLAND,PLAYA VERDE,LOWTIDE,60,0,0,0,CANON G16,Edgardo,INTERTIDAL,NO,50 x 50,NO,Human,Confirmed,(Imported points; not specified),0,0,0,0,0,0,89,0,0,11,0,0,0,0,0,0,0,0,0,0,0
CO_GI_PV_LT_20181012_Q03_human.jpg,12/10/2018,ROCKY SHORE,COLOMBIA,GORGONA ISLAND,PLAYA VERDE,LOWTIDE,60,0,0,0,CANON G16,Edgardo,INTERTIDAL,NO,50 x 50,NO,Human,Confirmed,(Imported points; not specified),0,0,0,0,0,0,99,0,0,0,1,0,0,0,0,0,0,0,0,0,0
CO_GI_PV_LT_20181012_Q04_human.jpg,12/10/2018,ROCKY SHORE,COLOMBIA,GORGONA ISLAND,PLAYA VERDE,LOWTIDE,60,0,0,0,CANON G16,Edgardo,INTERTIDAL,NO,50 x 50,NO,Human,Confirmed,(Imported points; not specified),0,0,0,0,0,0,85,0,0,9,6,0,0,0,0,0,0,0,0,0,0
CO_GI_PV_LT_20181012_Q05_human.jpg,12/10/2018,ROCKY SHORE,COLOMBIA,GORGONA ISLAND,PLAYA VERDE,LOWTIDE,60,0,0,0,CANON G16,Edgardo,INTERTIDAL,NO,50 x 50,NO,Human,Confirmed,(Imported points; not specified),0,0,1,0,0,0,75,0,0,24,0,0,0,0,0,0,0,0,0,0,0
CO_GI_PV_LT_20181012_Q06_human.jpg,12/10/2018,ROCKY SHORE,COLOMBIA,GORGONA ISLAND,PLAYA VERDE,LOWTIDE,60,0,0,0,CANON G16,Edgardo,INTERTIDAL,NO,50 x 50,NO,Human,Confirmed,(Imported points; not specified),0,0,0,0,0,0,88,0,0,5,7,0,0,0,0,0,0,0,0,0,0
CO_GI_PV_LT_20181012_Q07_human.jpg,12/10/2018,ROCKY SHORE,COLOMBIA,GORGONA ISLAND,PLAYA VERDE,LOWTIDE,60,0,0,0,CANON G16,Edgardo,INTERTIDAL,NO,50 x 50,NO,Human,Confirmed,(Imported points; not specified),0,0,0,0,0,0,60,0,0,40,0,0,0,0,0,0,0,0,0,0,0
CO_GI_PV_LT_20181012_Q08_human.jpg,12/10/2018,ROCKY SHORE,COLOMBIA,GORGONA ISLAND,PLAYA VERDE,LOWTIDE,60,0,0,0,CANON G16,Edgardo,INTERTIDAL,NO,50 x 50,NO,Human,Confirmed,(Imported points; not specified),0,0,0,0,0,0,71,0,0,29,0,0,0,0,0,0,0,0,0,0,0
CO_GI_PV_LT_20181012_Q09_human.jpg,12/10/2018,ROCKY SHORE,COLOMBIA,GORGONA ISLAND,PLAYA VERDE,LOWTIDE,60,0,0,0,CANON G16,Edgardo,INTERTIDAL,NO,50 x 50,NO,Human,Confirmed,(Imported points; not specified),0,0,0,0,0,0,68,0,0,32,0,0,0,0,0,0,0,0,0,0,0
CO_GI_PV_LT_20181012_Q10_human.jpg,12/10/2018,ROCKY SHORE,COLOMBIA,GORGONA ISLAND,PLAYA VERDE,LOWTIDE,60,0,0,0,CANON G16,Edgardo,INTERTIDAL,NO,50 x 50,NO,Human,Confirmed,(Imported points; not specified),0,0,0,0,0,0,41,0,0,59,0,0,0,0,0,0,0,0,0,0,0
CO_GI_PV_MT_20181012_Q01_human.jpg,12/10/2018,ROCKY SHORE,COLOMBIA,GORGONA ISLAND,PLAYA VERDE,MIDTIDE,60,0,0,0,CANON G16,Edgardo,INTERTIDAL,NO,50 x 50,NO,Human,Confirmed,(Imported points; not specified),0,0,0,0,0,41,59,0,0,0,0,0,0,0,0,0,0,0,0,0,0
CO_GI_PV_MT_20181012_Q02_human.jpg,12/10/2018,ROCKY SHORE,COLOMBIA,GORGONA ISLAND,PLAYA VERDE,MIDTIDE,60,0,0,0,CANON G16,Edgardo,INTERTIDAL,NO,50 x 50,NO,Human,Confirmed,(Imported points; not specified),0,0,0,0,0,0,100,0,0,0,0,0,0,0,0,0,0,0,0,0,0
CO_GI_PV_MT_20181012_Q03_human.jpg,12/10/2018,ROCKY SHORE,COLOMBIA,GORGONA ISLAND,PLAYA VERDE,MIDTIDE,60,0,0,0,CANON G16,Edgardo,INTERTIDAL,NO,50 x 50,NO,Human,Confirmed,(Imported points; not specified),0,0,0,0,0,68,25,0,0,7,0,0,0,0,0,0,0,0,0,0,0
CO_GI_PV_MT_20181012_Q04_human.jpg,12/10/2018,ROCKY SHORE,COLOMBIA,GORGONA ISLAND,PLAYA VERDE,MIDTIDE,60,0,0,0,CANON G16,Edgardo,INTERTIDAL,NO,50 x 50,NO,Human,Confirmed,(Imported points; not specified),0,0,0,0,0,8,56,0,0,34,2,0,0,0,0,0,0,0,0,0,0
CO_GI_PV_MT_20181012_Q05_human.jpg,12/10/2018,ROCKY SHORE,COLOMBIA,GORGONA ISLAND,PLAYA VERDE,MIDTIDE,60,0,0,0,CANON G16,Edgardo,INTERTIDAL,NO,50 x 50,NO,Human,Confirmed,(Imported points; not specified),0,0,0,0,0,6,82,0,0,12,0,0,0,0,0,0,0,0,0,0,0
CO_GI_PV_MT_20181012_Q06_human.jpg,12/10/2018,ROCKY SHORE,COLOMBIA,GORGONA ISLAND,PLAYA VERDE,MIDTIDE,60,0,0,0,CANON G16,Edgardo,INTERTIDAL,NO,50 x 50,NO,Human,Confirmed,(Imported points; not specified),0,0,0,0,0,0,100,0,0,0,0,0,0,0,0,0,0,0,0,0,0
CO_GI_PV_MT_20181012_Q07_human.jpg,12/10/2018,ROCKY SHORE,COLOMBIA,GORGONA ISLAND,PLAYA VERDE,MIDTIDE,60,0,0,0,CANON G16,Edgardo,INTERTIDAL,NO,50 x 50,NO,Human,Confirmed,(Imported points; not specified),0,0,0,0,0,17,50,0,0,31,2,0,0,0,0,0,0,0,0,0,0
CO_GI_PV_MT_20181012_Q08_human.jpg,12/10/2018,ROCKY SHORE,COLOMBIA,GORGONA ISLAND,PLAYA VERDE,MIDTIDE,60,0,0,0,CANON G16,Edgardo,INTERTIDAL,NO,50 x 50,NO,Human,Confirmed,(Imported points; not specified),0,0,0,0,0,20,51,0,0,29,0,0,0,0,0,0,0,0,0,0,0
CO_GI_PV_MT_20181012_Q09_human.jpg,12/10/2018,ROCKY SHORE,COLOMBIA,GORGONA ISLAND,PLAYA VERDE,MIDTIDE,60,0,0,0,CANON G16,Edgardo,INTERTIDAL,NO,50 x 50,NO,Human,Confirmed,(Imported points; not specified),0,0,0,0,0,25,59,1,0,15,0,0,0,0,0,0,0,0,0,0,0
CO_GI_PV_MT_20181012_Q10_human.jpg,12/10/2018,ROCKY SHORE,COLOMBIA,GORGONA ISLAND,PLAYA VERDE,MIDTIDE,60,0,0,0,CANON G16,Edgardo,INTERTIDAL,NO,50 x 50,NO,Human,Confirmed,(Imported points; not specified),0,0,0,0,0,13,79,0,0,8,0,0,0,0,0,0,0,0,0,0,0
EC_SX_CD_HT_20190327_Q01_human.jpg,27/03/2019,ROCKY SHORE,ECUADOR,SANTA CRUZ,CHARLES DARWIN FOUNDATION,HIGHTIDE,60,0,0,0,CANON S120,Nicolas,INTERTIDAL,NO,50 x 50,NO,Human,Confirmed,(Imported points; not specified),0,0,0,0,0,0,100,0,0,0,0,0,0,0,0,0,0,0,0,0,0
EC_SX_CD_HT_20190327_Q02_human.jpg,27/03/2019,ROCKY SHORE,ECUADOR,SANTA CRUZ,CHARLES DARWIN FOUNDATION,HIGHTIDE,60,0,0,0,CANON S120,Nicolas,INTERTIDAL,NO,50 x 50,NO,Human,Confirmed,(Imported points; not specified),0,0,0,0,0,0,100,0,0,0,0,0,0,0,0,0,0,0,0,0,0
EC_SX_CD_HT_20190327_Q03_human.jpg,27/03/2019,ROCKY SHORE,ECUADOR,SANTA CRUZ,CHARLES DARWIN FOUNDATION,HIGHTIDE,60,0,0,0,CANON S120,Nicolas,INTERTIDAL,NO,50 x 50,NO,Human,Confirmed,(Imported points; not specified),0,0,0,0,0,0,100,0,0,0,0,0,0,0,0,0,0,0,0,0,0
EC_SX_CD_HT_20190327_Q04_human.jpg,27/03/2019,ROCKY SHORE,ECUADOR,SANTA CRUZ,CHARLES DARWIN FOUNDATION,HIGHTIDE,60,0,0,0,CANON S120,Nicolas,INTERTIDAL,NO,50 x 50,NO,Human,Confirmed,(Imported points; not specified),0,0,0,0,0,0,100,0,0,0,0,0,0,0,0,0,0,0,0,0,0
EC_SX_CD_HT_20190327_Q05_human.jpg,27/03/2019,ROCKY SHORE,ECUADOR,SANTA CRUZ,CHARLES DARWIN FOUNDATION,HIGHTIDE,60,0,0,0,CANON S120,Nicolas,INTERTIDAL,NO,50 x 50,NO,Human,Confirmed,(Imported points; not specified),0,0,0,0,0,0,100,0,0,0,0,0,0,0,0,0,0,0,0,0,0
EC_SX_CD_HT_20190327_Q06_human.jpg,27/03/2019,ROCKY SHORE,ECUADOR,SANTA CRUZ,CHARLES DARWIN FOUNDATION,HIGHTIDE,60,0,0,0,CANON S120,Nicolas,INTERTIDAL,NO,50 x 50,NO,Human,Confirmed,(Imported points; not specified),0,0,0,0,0,0,100,0,0,0,0,0,0,0,0,0,0,0,0,0,0
EC_SX_CD_HT_20190327_Q07_human.jpg,27/03/2019,ROCKY SHORE,ECUADOR,SANTA CRUZ,CHARLES DARWIN FOUNDATION,HIGHTIDE,60,0,0,0,CANON S120,Nicolas,INTERTIDAL,NO,50 x 50,NO,Human,Confirmed,(Imported points; not specified),0,0,0,0,0,0,100,0,0,0,0,0,0,0,0,0,0,0,0,0,0
EC_SX_CD_HT_20190327_Q08_human.jpg,27/03/2019,ROCKY SHORE,ECUADOR,SANTA CRUZ,CHARLES DARWIN FOUNDATION,HIGHTIDE,60,0,0,0,CANON S120,Nicolas,INTERTIDAL,NO,50 x 50,NO,Human,Confirmed,(Imported points; not specified),0,0,0,0,0,0,100,0,0,0,0,0,0,0,0,0,0,0,0,0,0
EC_SX_CD_HT_20190327_Q09_human.jpg,27/03/2019,ROCKY SHORE,ECUADOR,SANTA CRUZ,CHARLES DARWIN FOUNDATION,HIGHTIDE,60,0,0,0,CANON S120,Nicolas,INTERTIDAL,NO,50 x 50,NO,Human,Confirmed,(Imported points; not specified),0,0,0,0,0,0,96,4,0,0,0,0,0,0,0,0,0,0,0,0,0
EC_SX_CD_HT_20190327_Q10_human.jpg,27/03/2019,ROCKY SHORE,ECUADOR,SANTA CRUZ,CHARLES DARWIN FOUNDATION,HIGHTIDE,60,0,0,0,CANON S120,Nicolas,INTERTIDAL,NO,50 x 50,NO,Human,Confirmed,(Imported points; not specified),0,0,0,0,0,0,92,5,0,0,3,0,0,0,0,0,0,0,0,0,0
EC_SX_CD_LT_20190327_Q01_human.jpg,27/03/2019,ROCKY SHORE,ECUADOR,SANTA CRUZ,CHARLES DARWIN FOUNDATION,LOWTIDE,60,0,0,0,CANON S120,Nicolas,INTERTIDAL,NO,50 x 50,NO,Human,Confirmed,(Imported points; not specified),0,0,0,0,0,0,89,5,0,6,0,0,0,0,0,0,0,0,0,0,0
EC_SX_CD_LT_20190327_Q02_human.jpg,27/03/2019,ROCKY SHORE,ECUADOR,SANTA CRUZ,CHARLES DARWIN FOUNDATION,LOWTIDE,60,0,0,0,CANON S120,Nicolas,INTERTIDAL,NO,50 x 50,NO,Human,Confirmed,(Imported points; not specified),1,0,0,0,0,0,85,9,0,5,0,0,0,0,0,0,0,0,0,0,0
EC_SX_CD_LT_20190327_Q03_human.jpg,27/03/2019,ROCKY SHORE,ECUADOR,SANTA CRUZ,CHARLES DARWIN FOUNDATION,LOWTIDE,60,0,0,0,CANON S120,Nicolas,INTERTIDAL,NO,50 x 50,NO,Human,Confirmed,(Imported points; not specified),0,0,0,0,0,0,96,0,0,4,0,0,0,0,0,0,0,0,0,0,0
EC_SX_CD_LT_20190327_Q04_human.jpg,27/03/2019,ROCKY SHORE,ECUADOR,SANTA CRUZ,CHARLES DARWIN FOUNDATION,LOWTIDE,60,0,0,0,CANON S120,Nicolas,INTERTIDAL,NO,50 x 50,NO,Human,Confirmed,(Imported points; not specified),0,0,0,0,0,0,98,0,0,2,0,0,0,0,0,0,0,0,0,0,0
EC_SX_CD_LT_20190327_Q05_human.jpg,27/03/2019,ROCKY SHORE,ECUADOR,SANTA CRUZ,CHARLES DARWIN FOUNDATION,LOWTIDE,60,0,0,0,CANON S120,Nicolas,INTERTIDAL,NO,50 x 50,NO,Human,Confirmed,(Imported points; not specified),0,0,0,0,0,0,86,3,0,11,0,0,0,0,0,0,0,0,0,0,0
EC_SX_CD_LT_20190327_Q06_human.jpg,27/03/2019,ROCKY SHORE,ECUADOR,SANTA CRUZ,CHARLES DARWIN FOUNDATION,LOWTIDE,60,0,0,0,CANON S120,Nicolas,INTERTIDAL,NO,50 x 50,NO,Human,Confirmed,(Imported points; not specified),4,0,0,0,0,0,89,5,0,2,0,0,0,0,0,0,0,0,0,0,0
EC_SX_CD_LT_20190327_Q07_human.jpg,27/03/2019,ROCKY SHORE,ECUADOR,SANTA CRUZ,CHARLES DARWIN FOUNDATION,LOWTIDE,60,0,0,0,CANON S120,Nicolas,INTERTIDAL,NO,50 x 50,NO,Human,Confirmed,(Imported points; not specified),0,0,0,0,0,0,78,5,0,17,0,0,0,0,0,0,0,0,0,0,0
EC_SX_CD_LT_20190327_Q08_human.jpg,27/03/2019,ROCKY SHORE,ECUADOR,SANTA CRUZ,CHARLES DARWIN FOUNDATION,LOWTIDE,60,0,0,0,CANON S120,Nicolas,INTERTIDAL,NO,50 x 50,NO,Human,Confirmed,(Imported points; not specified),0,0,0,0,0,0,58,0,0,42,0,0,0,0,0,0,0,0,0,0,0
EC_SX_CD_LT_20190327_Q09_human.jpg,27/03/2019,ROCKY SHORE,ECUADOR,SANTA CRUZ,CHARLES DARWIN FOUNDATION,LOWTIDE,60,0,0,0,CANON S120,Nicolas,INTERTIDAL,NO,50 x 50,NO,Human,Confirmed,(Imported points; not specified),0,0,0,0,0,8,76,0,0,16,0,0,0,0,0,0,0,0,0,0,0
EC_SX_CD_LT_20190327_Q10_human.jpg,27/03/2019,ROCKY SHORE,ECUADOR,SANTA CRUZ,CHARLES DARWIN FOUNDATION,LOWTIDE,60,0,0,0,CANON S120,Nicolas,INTERTIDAL,NO,50 x 50,NO,Human,Confirmed,(Imported points; not specified),0,0,0,0,0,0,74,2,0,11,11,0,0,2,0,0,0,0,0,0,0
EC_SX_CD_MT_20190327_Q01_human.jpg,27/03/2019,ROCKY SHORE,ECUADOR,SANTA CRUZ,CHARLES DARWIN FOUNDATION,MIDTIDE,60,0,0,0,CANON S120,Nicolas,INTERTIDAL,NO,50 x 50,NO,Human,Confirmed,(Imported points; not specified),0,0,0,0,0,0,94,0,0,5,1,0,0,0,0,0,0,0,0,0,0
EC_SX_CD_MT_20190327_Q02_human.jpg,27/03/2019,ROCKY SHORE,ECUADOR,SANTA CRUZ,CHARLES DARWIN FOUNDATION,MIDTIDE,60,0,0,0,CANON S120,Nicolas,INTERTIDAL,NO,50 x 50,NO,Human,Confirmed,(Imported points; not specified),0,0,0,0,0,0,100,0,0,0,0,0,0,0,0,0,0,0,0,0,0
EC_SX_CD_MT_20190327_Q03_human.jpg,27/03/2019,ROCKY SHORE,ECUADOR,SANTA CRUZ,CHARLES DARWIN FOUNDATION,MIDTIDE,60,0,0,0,CANON S120,Nicolas,INTERTIDAL,NO,50 x 50,NO,Human,Confirmed,(Imported points; not specified),0,0,0,0,0,0,98,0,0,2,0,0,0,0,0,0,0,0,0,0,0
EC_SX_CD_MT_20190327_Q04_human.jpg,27/03/2019,ROCKY SHORE,ECUADOR,SANTA CRUZ,CHARLES DARWIN FOUNDATION,MIDTIDE,60,0,0,0,CANON S120,Nicolas,INTERTIDAL,NO,50 x 50,NO,Human,Confirmed,(Imported points; not specified),0,0,0,0,0,0,98,2,0,0,0,0,0,0,0,0,0,0,0,0,0
EC_SX_CD_MT_20190327_Q05_human.jpg,27/03/2019,ROCKY SHORE,ECUADOR,SANTA CRUZ,CHARLES DARWIN FOUNDATION,MIDTIDE,60,0,0,0,CANON S120,Nicolas,INTERTIDAL,NO,50 x 50,NO,Human,Confirmed,(Imported points; not specified),0,0,0,0,0,0,98,0,0,2,0,0,0,0,0,0,0,0,0,0,0
EC_SX_CD_MT_20190327_Q06_human.jpg,27/03/2019,ROCKY SHORE,ECUADOR,SANTA CRUZ,CHARLES DARWIN FOUNDATION,MIDTIDE,60,0,0,0,CANON S120,Nicolas,INTERTIDAL,NO,50 x 50,NO,Human,Confirmed,(Imported points; not specified),0,0,0,0,0,0,100,0,0,0,0,0,0,0,0,0,0,0,0,0,0
EC_SX_CD_MT_20190327_Q07_human.jpg,27/03/2019,ROCKY SHORE,ECUADOR,SANTA CRUZ,CHARLES DARWIN FOUNDATION,MIDTIDE,60,0,0,0,CANON S120,Nicolas,INTERTIDAL,NO,50 x 50,NO,Human,Confirmed,(Imported points; not specified),0,0,0,0,0,0,97,0,0,3,0,0,0,0,0,0,0,0,0,0,0
EC_SX_CD_MT_20190327_Q08_human.jpg,27/03/2019,ROCKY SHORE,ECUADOR,SANTA CRUZ,CHARLES DARWIN FOUNDATION,MIDTIDE,60,0,0,0,CANON S120,Nicolas,INTERTIDAL,NO,50 x 50,NO,Human,Confirmed,(Imported points; not specified),0,0,0,0,0,0,98,0,0,2,0,0,0,0,0,0,0,0,0,0,0
EC_SX_CD_MT_20190327_Q09_human.jpg,27/03/2019,ROCKY SHORE,ECUADOR,SANTA CRUZ,CHARLES DARWIN FOUNDATION,MIDTIDE,60,0,0,0,CANON S120,Nicolas,INTERTIDAL,NO,50 x 50,NO,Human,Confirmed,(Imported points; not specified),0,0,0,0,0,0,100,0,0,0,0,0,0,0,0,0,0,0,0,0,0
EC_SX_CD_MT_20190327_Q10_human.jpg,27/03/2019,ROCKY SHORE,ECUADOR,SANTA CRUZ,CHARLES DARWIN FOUNDATION,MIDTIDE,60,0,0,0,CANON S120,Nicolas,INTERTIDAL,NO,50 x 50,NO,Human,Confirmed,(Imported points; not specified),0,0,0,0,0,0,97,1,0,2,0,0,0,0,0,0,0,0,0,0,0
EC_SX_RA_HT_20190328_Q01_human.jpg,28/03/2019,ROCKY SHORE,ECUADOR,SANTA CRUZ,RATONERA,HIGHTIDE,60,0,0,0,CANON S120,Nicolas,INTERTIDAL,NO,50 x 50,NO,Human,Confirmed,(Imported points; not specified),0,0,0,0,0,0,100,0,0,0,0,0,0,0,0,0,0,0,0,0,0
EC_SX_RA_HT_20190328_Q02_human.jpg,28/03/2019,ROCKY SHORE,ECUADOR,SANTA CRUZ,RATONERA,HIGHTIDE,60,0,0,0,CANON S120,Nicolas,INTERTIDAL,NO,50 x 50,NO,Human,Confirmed,(Imported points; not specified),0,0,0,0,0,0,100,0,0,0,0,0,0,0,0,0,0,0,0,0,0
EC_SX_RA_HT_20190328_Q03_human.jpg,28/03/2019,ROCKY SHORE,ECUADOR,SANTA CRUZ,RATONERA,HIGHTIDE,60,0,0,0,CANON S120,Nicolas,INTERTIDAL,NO,50 x 50,NO,Human,Confirmed,(Imported points; not specified),0,0,0,0,0,0,100,0,0,0,0,0,0,0,0,0,0,0,0,0,0
EC_SX_RA_HT_20190328_Q04_human.jpg,28/03/2019,ROCKY SHORE,ECUADOR,SANTA CRUZ,RATONERA,HIGHTIDE,60,0,0,0,CANON S120,Nicolas,INTERTIDAL,NO,50 x 50,NO,Human,Confirmed,(Imported points; not specified),0,0,0,0,0,0,100,0,0,0,0,0,0,0,0,0,0,0,0,0,0
EC_SX_RA_HT_20190328_Q05_human.jpg,28/03/2019,ROCKY SHORE,ECUADOR,SANTA CRUZ,RATONERA,HIGHTIDE,60,0,0,0,CANON S120,Nicolas,INTERTIDAL,NO,50 x 50,NO,Human,Confirmed,(Imported points; not specified),0,0,0,0,0,0,100,0,0,0,0,0,0,0,0,0,0,0,0,0,0
EC_SX_RA_HT_20190328_Q06_human.jpg,28/03/2019,ROCKY SHORE,ECUADOR,SANTA CRUZ,RATONERA,HIGHTIDE,60,0,0,0,CANON S120,Nicolas,INTERTIDAL,NO,50 x 50,NO,Human,Confirmed,(Imported points; not specified),0,0,0,0,0,0,100,0,0,0,0,0,0,0,0,0,0,0,0,0,0
EC_SX_RA_HT_20190328_Q07_human.jpg,28/03/2019,ROCKY SHORE,ECUADOR,SANTA CRUZ,RATONERA,HIGHTIDE,60,0,0,0,CANON S120,Nicolas,INTERTIDAL,NO,50 x 50,NO,Human,Confirmed,(Imported points; not specified),0,0,0,0,0,0,100,0,0,0,0,0,0,0,0,0,0,0,0,0,0
EC_SX_RA_HT_20190328_Q08_human.jpg,28/03/2019,ROCKY SHORE,ECUADOR,SANTA CRUZ,RATONERA,HIGHTIDE,60,0,0,0,CANON S120,Nicolas,INTERTIDAL,NO,50 x 50,NO,Human,Confirmed,(Imported points; not specified),0,0,0,0,0,0,100,0,0,0,0,0,0,0,0,0,0,0,0,0,0
EC_SX_RA_HT_20190328_Q09_human.jpg,28/03/2019,ROCKY SHORE,ECUADOR,SANTA CRUZ,RATONERA,HIGHTIDE,60,0,0,0,CANON S120,Nicolas,INTERTIDAL,NO,50 x 50,NO,Human,Confirmed,(Imported points; not specified),0,0,0,0,0,0,100,0,0,0,0,0,0,0,0,0,0,0,0,0,0
EC_SX_RA_HT_20190328_Q10_human.jpg,28/03/2019,ROCKY SHORE,ECUADOR,SANTA CRUZ,RATONERA,HIGHTIDE,60,0,0,0,CANON S120,Nicolas,INTERTIDAL,NO,50 x 50,NO,Human,Confirmed,(Imported points; not specified),0,0,0,0,0,0,100,0,0,0,0,0,0,0,0,0,0,0,0,0,0
EC_SX_RA_LT_20190328_Q01_human.jpg,28/03/2019,ROCKY SHORE,ECUADOR,SANTA CRUZ,RATONERA,LOWTIDE,60,0,0,0,CANON S120,Nicolas,INTERTIDAL,NO,50 x 50,NO,Human,Confirmed,(Imported points; not specified),0,0,0,0,0,0,57,0,0,0,34,0,0,9,0,0,0,0,0,0,0
EC_SX_RA_LT_20190328_Q02_human.jpg,28/03/2019,ROCKY SHORE,ECUADOR,SANTA CRUZ,RATONERA,LOWTIDE,60,0,0,0,CANON S120,Nicolas,INTERTIDAL,NO,50 x 50,NO,Human,Confirmed,(Imported points; not specified),0,0,0,0,0,0,93,0,0,7,0,0,0,0,0,0,0,0,0,0,0
EC_SX_RA_LT_20190328_Q03_human.jpg,28/03/2019,ROCKY SHORE,ECUADOR,SANTA CRUZ,RATONERA,LOWTIDE,60,0,0,0,CANON S120,Nicolas,INTERTIDAL,NO,50 x 50,NO,Human,Confirmed,(Imported points; not specified),0,0,4,0,0,0,93,0,0,3,0,0,0,0,0,0,0,0,0,0,0
EC_SX_RA_LT_20190328_Q04_human.jpg,28/03/2019,ROCKY SHORE,ECUADOR,SANTA CRUZ,RATONERA,LOWTIDE,60,0,0,0,CANON S120,Nicolas,INTERTIDAL,NO,50 x 50,NO,Human,Confirmed,(Imported points; not specified),0,0,1,0,0,0,79,13,0,5,2,0,0,0,0,0,0,0,0,0,0
EC_SX_RA_LT_20190328_Q05_human.jpg,28/03/2019,ROCKY SHORE,ECUADOR,SANTA CRUZ,RATONERA,LOWTIDE,60,0,0,0,CANON S120,Nicolas,INTERTIDAL,NO,50 x 50,NO,Human,Confirmed,(Imported points; not specified),0,1,0,0,0,0,91,0,0,4,4,0,0,0,0,0,0,0,0,0,0
EC_SX_RA_LT_20190328_Q06_human.jpg,28/03/2019,ROCKY SHORE,ECUADOR,SANTA CRUZ,RATONERA,LOWTIDE,60,0,0,0,CANON S120,Nicolas,INTERTIDAL,NO,50 x 50,NO,Human,Confirmed,(Imported points; not specified),0,0,0,0,0,0,37,0,0,0,63,0,0,0,0,0,0,0,0,0,0
EC_SX_RA_LT_20190328_Q07_human.jpg,28/03/2019,ROCKY SHORE,ECUADOR,SANTA CRUZ,RATONERA,LOWTIDE,60,0,0,0,CANON S120,Nicolas,INTERTIDAL,NO,50 x 50,NO,Human,Confirmed,(Imported points; not specified),0,0,0,0,0,0,78,4,0,2,16,0,0,0,0,0,0,0,0,0,0
EC_SX_RA_LT_20190328_Q08_human.jpg,28/03/2019,ROCKY SHORE,ECUADOR,SANTA CRUZ,RATONERA,LOWTIDE,60,0,0,0,CANON S120,Nicolas,INTERTIDAL,NO,50 x 50,NO,Human,Confirmed,(Imported points; not specified),0,0,0,0,0,0,55,5,0,4,36,0,0,0,0,0,0,0,0,0,0
EC_SX_RA_LT_20190328_Q09_human.jpg,28/03/2019,ROCKY SHORE,ECUADOR,SANTA CRUZ,RATONERA,LOWTIDE,60,0,0,0,CANON S120,Nicolas,INTERTIDAL,NO,50 x 50,NO,Human,Confirmed,(Imported points; not specified),0,0,1,0,0,0,84,0,0,11,4,0,0,0,0,0,0,0,0,0,0
EC_SX_RA_LT_20190328_Q10_human.jpg,28/03/2019,ROCKY SHORE,ECUADOR,SANTA CRUZ,RATONERA,LOWTIDE,60,0,0,0,CANON S120,Nicolas,INTERTIDAL,NO,50 x 50,NO,Human,Confirmed,(Imported points; not specified),0,0,0,0,0,0,16,0,0,0,84,0,0,0,0,0,0,0,0,0,0
EC_SX_RA_MT_20190328_Q01_human.jpg,28/03/2019,ROCKY SHORE,ECUADOR,SANTA CRUZ,RATONERA,MIDTIDE,60,0,0,0,CANON S120,Nicolas,INTERTIDAL,NO,50 x 50,NO,Human,Confirmed,(Imported points; not specified),0,0,0,0,0,0,26,0,0,0,74,0,0,0,0,0,0,0,0,0,0
EC_SX_RA_MT_20190328_Q02_human.jpg,28/03/2019,ROCKY SHORE,ECUADOR,SANTA CRUZ,RATONERA,MIDTIDE,60,0,0,0,CANON S120,Nicolas,INTERTIDAL,NO,50 x 50,NO,Human,Confirmed,(Imported points; not specified),0,0,0,0,0,0,96,0,0,0,4,0,0,0,0,0,0,0,0,0,0
EC_SX_RA_MT_20190328_Q03_human.jpg,28/03/2019,ROCKY SHORE,ECUADOR,SANTA CRUZ,RATONERA,MIDTIDE,60,0,0,0,CANON S120,Nicolas,INTERTIDAL,NO,50 x 50,NO,Human,Confirmed,(Imported points; not specified),0,0,0,0,0,0,50,2,0,8,40,0,0,0,0,0,0,0,0,0,0
EC_SX_RA_MT_20190328_Q04_human.jpg,28/03/2019,ROCKY SHORE,ECUADOR,SANTA CRUZ,RATONERA,MIDTIDE,60,0,0,0,CANON S120,Nicolas,INTERTIDAL,NO,50 x 50,NO,Human,Confirmed,(Imported points; not specified),0,0,0,0,0,0,98,0,0,2,0,0,0,0,0,0,0,0,0,0,0
EC_SX_RA_MT_20190328_Q05_human.jpg,28/03/2019,ROCKY SHORE,ECUADOR,SANTA CRUZ,RATONERA,MIDTIDE,60,0,0,0,CANON S120,Nicolas,INTERTIDAL,NO,50 x 50,NO,Human,Confirmed,(Imported points; not specified),0,0,0,0,0,0,100,0,0,0,0,0,0,0,0,0,0,0,0,0,0
EC_SX_RA_MT_20190328_Q06_human.jpg,28/03/2019,ROCKY SHORE,ECUADOR,SANTA CRUZ,RATONERA,MIDTIDE,60,0,0,0,CANON S120,Nicolas,INTERTIDAL,NO,50 x 50,NO,Human,Confirmed,(Imported points; not specified),0,0,0,0,0,0,94,0,0,6,0,0,0,0,0,0,0,0,0,0,0
EC_SX_RA_MT_20190328_Q07_human.jpg,28/03/2019,ROCKY SHORE,ECUADOR,SANTA CRUZ,RATONERA,MIDTIDE,60,0,0,0,CANON S120,Nicolas,INTERTIDAL,NO,50 x 50,NO,Human,Confirmed,(Imported points; not specified),0,0,0,0,0,0,100,0,0,0,0,0,0,0,0,0,0,0,0,0,0
EC_SX_RA_MT_20190328_Q08_human.jpg,28/03/2019,ROCKY SHORE,ECUADOR,SANTA CRUZ,RATONERA,MIDTIDE,60,0,0,0,CANON S120,Nicolas,INTERTIDAL,NO,50 x 50,NO,Human,Confirmed,(Imported points; not specified),0,5,0,0,0,0,43,0,0,0,52,0,0,0,0,0,0,0,0,0,0
EC_SX_RA_MT_20190328_Q09_human.jpg,28/03/2019,ROCKY SHORE,ECUADOR,SANTA CRUZ,RATONERA,MIDTIDE,60,0,0,0,CANON S120,Nicolas,INTERTIDAL,NO,50 x 50,NO,Human,Confirmed,(Imported points; not specified),0,0,0,0,0,0,13,1,0,0,85,0,0,1,0,0,0,0,0,0,0
EC_SX_RA_MT_20190328_Q10_human.jpg,28/03/2019,ROCKY SHORE,ECUADOR,SANTA CRUZ,RATONERA,MIDTIDE,60,0,0,0,CANON S120,Nicolas,INTERTIDAL,NO,50 x 50,NO,Human,Confirmed,(Imported points; not specified),0,0,0,0,0,0,55,0,0,0,45,0,0,0,0,0,0,0,0,0,0
EC_SX_TO_HT_20190329_Q01_human.jpg,29/03/2019,ROCKY SHORE,ECUADOR,SANTA CRUZ,TORTUGA BAY,HIGHTIDE,60,0,0,0,CANON S120,Nicolas,INTERTIDAL,NO,50 x 50,NO,Human,Confirmed,(Imported points; not specified),0,0,0,0,0,0,100,0,0,0,0,0,0,0,0,0,0,0,0,0,0
EC_SX_TO_HT_20190329_Q02_human.jpg,29/03/2019,ROCKY SHORE,ECUADOR,SANTA CRUZ,TORTUGA BAY,HIGHTIDE,60,0,0,0,CANON S120,Nicolas,INTERTIDAL,NO,50 x 50,NO,Human,Confirmed,(Imported points; not specified),0,0,0,0,0,0,100,0,0,0,0,0,0,0,0,0,0,0,0,0,0
EC_SX_TO_HT_20190329_Q03_human.jpg,29/03/2019,ROCKY SHORE,ECUADOR,SANTA CRUZ,TORTUGA BAY,HIGHTIDE,60,0,0,0,CANON S120,Nicolas,INTERTIDAL,NO,50 x 50,NO,Human,Confirmed,(Imported points; not specified),0,0,0,0,0,0,100,0,0,0,0,0,0,0,0,0,0,0,0,0,0
EC_SX_TO_HT_20190329_Q04_human.jpg,29/03/2019,ROCKY SHORE,ECUADOR,SANTA CRUZ,TORTUGA BAY,HIGHTIDE,60,0,0,0,CANON S120,Nicolas,INTERTIDAL,NO,50 x 50,NO,Human,Confirmed,(Imported points; not specified),0,0,0,0,0,0,100,0,0,0,0,0,0,0,0,0,0,0,0,0,0
EC_SX_TO_HT_20190329_Q05_human.jpg,29/03/2019,ROCKY SHORE,ECUADOR,SANTA CRUZ,TORTUGA BAY,HIGHTIDE,60,0,0,0,CANON S120,Nicolas,INTERTIDAL,NO,50 x 50,NO,Human,Confirmed,(Imported points; not specified),0,0,0,0,0,0,100,0,0,0,0,0,0,0,0,0,0,0,0,0,0
EC_SX_TO_HT_20190329_Q06_human.jpg,29/03/2019,ROCKY SHORE,ECUADOR,SANTA CRUZ,TORTUGA BAY,HIGHTIDE,60,0,0,0,CANON S120,Nicolas,INTERTIDAL,NO,50 x 50,NO,Human,Confirmed,(Imported points; not specified),0,0,0,0,0,0,100,0,0,0,0,0,0,0,0,0,0,0,0,0,0
EC_SX_TO_HT_20190329_Q07_human.jpg,29/03/2019,ROCKY SHORE,ECUADOR,SANTA CRUZ,TORTUGA BAY,HIGHTIDE,60,0,0,0,CANON S120,Nicolas,INTERTIDAL,NO,50 x 50,NO,Human,Confirmed,(Imported points; not specified),0,0,0,0,0,0,100,0,0,0,0,0,0,0,0,0,0,0,0,0,0
EC_SX_TO_HT_20190329_Q08_human.jpg,29/03/2019,ROCKY SHORE,ECUADOR,SANTA CRUZ,TORTUGA BAY,HIGHTIDE,60,0,0,0,CANON S120,Nicolas,INTERTIDAL,NO,50 x 50,NO,Human,Confirmed,(Imported points; not specified),0,0,0,0,0,0,100,0,0,0,0,0,0,0,0,0,0,0,0,0,0
EC_SX_TO_HT_20190329_Q09_human.jpg,29/03/2019,ROCKY SHORE,ECUADOR,SANTA CRUZ,TORTUGA BAY,HIGHTIDE,60,0,0,0,CANON S120,Nicolas,INTERTIDAL,NO,50 x 50,NO,Human,Confirmed,(Imported points; not specified),0,0,0,0,0,0,100,0,0,0,0,0,0,0,0,0,0,0,0,0,0
EC_SX_TO_HT_20190329_Q10_human.jpg,29/03/2019,ROCKY SHORE,ECUADOR,SANTA CRUZ,TORTUGA BAY,HIGHTIDE,60,0,0,0,CANON S120,Nicolas,INTERTIDAL,NO,50 x 50,NO,Human,Confirmed,(Imported points; not specified),0,0,0,0,0,0,100,0,0,0,0,0,0,0,0,0,0,0,0,0,0
EC_SX_TO_LT_20190329_Q01_human.jpg,29/03/2019,ROCKY SHORE,ECUADOR,SANTA CRUZ,TORTUGA BAY,LOWTIDE,60,0,0,0,CANON S120,Nicolas,INTERTIDAL,NO,50 x 50,NO,Human,Confirmed,(Imported points; not specified),0,0,0,0,0,0,84,1,0,15,0,0,0,0,0,0,0,0,0,0,0
EC_SX_TO_LT_20190329_Q02_human.jpg,29/03/2019,ROCKY SHORE,ECUADOR,SANTA CRUZ,TORTUGA BAY,LOWTIDE,60,0,0,0,CANON S120,Nicolas,INTERTIDAL,NO,50 x 50,NO,Human,Confirmed,(Imported points; not specified),0,0,0,0,0,0,86,0,0,14,0,0,0,0,0,0,0,0,0,0,0
EC_SX_TO_LT_20190329_Q03_human.jpg,29/03/2019,ROCKY SHORE,ECUADOR,SANTA CRUZ,TORTUGA BAY,LOWTIDE,60,0,0,0,CANON S120,Nicolas,INTERTIDAL,NO,50 x 50,NO,Human,Confirmed,(Imported points; not specified),0,0,0,0,0,0,70,6,0,23,1,0,0,0,0,0,0,0,0,0,0
EC_SX_TO_LT_20190329_Q04_human.jpg,29/03/2019,ROCKY SHORE,ECUADOR,SANTA CRUZ,TORTUGA BAY,LOWTIDE,60,0,0,0,CANON S120,Nicolas,INTERTIDAL,NO,50 x 50,NO,Human,Confirmed,(Imported points; not specified),0,0,0,0,0,0,77,7,0,14,2,0,0,0,0,0,0,0,0,0,0
EC_SX_TO_LT_20190329_Q05_human.jpg,29/03/2019,ROCKY SHORE,ECUADOR,SANTA CRUZ,TORTUGA BAY,LOWTIDE,60,0,0,0,CANON S120,Nicolas,INTERTIDAL,NO,50 x 50,NO,Human,Confirmed,(Imported points; not specified),0,0,0,0,0,0,69,1,0,30,0,0,0,0,0,0,0,0,0,0,0
EC_SX_TO_LT_20190329_Q06_human.jpg,29/03/2019,ROCKY SHORE,ECUADOR,SANTA CRUZ,TORTUGA BAY,LOWTIDE,60,0,0,0,CANON S120,Nicolas,INTERTIDAL,NO,50 x 50,NO,Human,Confirmed,(Imported points; not specified),0,0,0,0,0,0,50,5,0,45,0,0,0,0,0,0,0,0,0,0,0
EC_SX_TO_LT_20190329_Q07_human.jpg,29/03/2019,ROCKY SHORE,ECUADOR,SANTA CRUZ,TORTUGA BAY,LOWTIDE,60,0,0,0,CANON S120,Nicolas,INTERTIDAL,NO,50 x 50,NO,Human,Confirmed,(Imported points; not specified),0,0,0,0,0,0,89,0,0,11,0,0,0,0,0,0,0,0,0,0,0
EC_SX_TO_LT_20190329_Q08_human.jpg,29/03/2019,ROCKY SHORE,ECUADOR,SANTA CRUZ,TORTUGA BAY,LOWTIDE,60,0,0,0,CANON S120,Nicolas,INTERTIDAL,NO,50 x 50,NO,Human,Confirmed,(Imported points; not specified),0,0,0,0,0,0,79,3,0,18,0,0,0,0,0,0,0,0,0,0,0
EC_SX_TO_LT_20190329_Q09_human.jpg,29/03/2019,ROCKY SHORE,ECUADOR,SANTA CRUZ,TORTUGA BAY,LOWTIDE,60,0,0,0,CANON S120,Nicolas,INTERTIDAL,NO,50 x 50,NO,Human,Confirmed,(Imported points; not specified),0,0,0,0,0,0,69,10,0,21,0,0,0,0,0,0,0,0,0,0,0
EC_SX_TO_LT_20190329_Q10_human.jpg,29/03/2019,ROCKY SHORE,ECUADOR,SANTA CRUZ,TORTUGA BAY,LOWTIDE,60,0,0,0,CANON S120,Nicolas,INTERTIDAL,NO,50 x 50,NO,Human,Confirmed,(Imported points; not specified),0,0,0,0,0,0,94,0,0,6,0,0,0,0,0,0,0,0,0,0,0
EC_SX_TO_MT_20190329_Q01_human.jpg,29/03/2019,ROCKY SHORE,ECUADOR,SANTA CRUZ,TORTUGA BAY,MIDTIDE,60,0,0,0,CANON S120,Nicolas,INTERTIDAL,NO,50 x 50,NO,Human,Confirmed,(Imported points; not specified),0,0,0,0,0,0,74,0,0,26,0,0,0,0,0,0,0,0,0,0,0
EC_SX_TO_MT_20190329_Q02_human.jpg,29/03/2019,ROCKY SHORE,ECUADOR,SANTA CRUZ,TORTUGA BAY,MIDTIDE,60,0,0,0,CANON S120,Nicolas,INTERTIDAL,NO,50 x 50,NO,Human,Confirmed,(Imported points; not specified),0,0,0,0,0,0,87,1,0,12,0,0,0,0,0,0,0,0,0,0,0
EC_SX_TO_MT_20190329_Q03_human.jpg,29/03/2019,ROCKY SHORE,ECUADOR,SANTA CRUZ,TORTUGA BAY,MIDTIDE,60,0,0,0,CANON S120,Nicolas,INTERTIDAL,NO,50 x 50,NO,Human,Confirmed,(Imported points; not specified),0,0,0,0,0,0,51,0,0,49,0,0,0,0,0,0,0,0,0,0,0
EC_SX_TO_MT_20190329_Q04_human.jpg,29/03/2019,ROCKY SHORE,ECUADOR,SANTA CRUZ,TORTUGA BAY,MIDTIDE,60,0,0,0,CANON S120,Nicolas,INTERTIDAL,NO,50 x 50,NO,Human,Confirmed,(Imported points; not specified),0,0,0,0,0,0,18,0,0,82,0,0,0,0,0,0,0,0,0,0,0
EC_SX_TO_MT_20190329_Q05_human.jpg,29/03/2019,ROCKY SHORE,ECUADOR,SANTA CRUZ,TORTUGA BAY,MIDTIDE,60,0,0,0,CANON S120,Nicolas,INTERTIDAL,NO,50 x 50,NO,Human,Confirmed,(Imported points; not specified),0,0,0,0,0,0,52,0,0,48,0,0,0,0,0,0,0,0,0,0,0
EC_SX_TO_MT_20190329_Q06_human.jpg,29/03/2019,ROCKY SHORE,ECUADOR,SANTA CRUZ,TORTUGA BAY,MIDTIDE,60,0,0,0,CANON S120,Nicolas,INTERTIDAL,NO,50 x 50,NO,Human,Confirmed,(Imported points; not specified),0,0,0,0,0,0,46,0,0,54,0,0,0,0,0,0,0,0,0,0,0
EC_SX_TO_MT_20190329_Q07_human.jpg,29/03/2019,ROCKY SHORE,ECUADOR,SANTA CRUZ,TORTUGA BAY,MIDTIDE,60,0,0,0,CANON S120,Nicolas,INTERTIDAL,NO,50 x 50,NO,Human,Confirmed,(Imported points; not specified),0,0,0,0,0,0,32,0,0,68,0,0,0,0,0,0,0,0,0,0,0
EC_SX_TO_MT_20190329_Q08_human.jpg,29/03/2019,ROCKY SHORE,ECUADOR,SANTA CRUZ,TORTUGA BAY,MIDTIDE,60,0,0,0,CANON S120,Nicolas,INTERTIDAL,NO,50 x 50,NO,Human,Confirmed,(Imported points; not specified),0,0,0,0,0,0,25,0,0,75,0,0,0,0,0,0,0,0,0,0,0
EC_SX_TO_MT_20190329_Q09_human.jpg,29/03/2019,ROCKY SHORE,ECUADOR,SANTA CRUZ,TORTUGA BAY,MIDTIDE,60,0,0,0,CANON S120,Nicolas,INTERTIDAL,NO,50 x 50,NO,Human,Confirmed,(Imported points; not specified),0,0,0,0,0,0,49,0,0,51,0,0,0,0,0,0,0,0,0,0,0
EC_SX_TO_MT_20190329_Q10_human.jpg,29/03/2019,ROCKY SHORE,ECUADOR,SANTA CRUZ,TORTUGA BAY,MIDTIDE,60,0,0,0,CANON S120,Nicolas,INTERTIDAL,NO,50 x 50,NO,Human,Confirmed,(Imported points; not specified),0,0,0,0,0,0,9,0,0,91,0,0,0,0,0,0,0,0,0,0,0
USMAMH201807_138_low_(2)_human.JPG,17/07/2018,Rocky shore,USA,MASSACHUSETTS,MARBLEHEAD,MIDTIDE,25,42.507496,-70.84332,0,NIKON D5100,Helmuth,INTERTIDAL,NONE,25 X 25,0,Human,Confirmed,X: 0 - 100% / Y: 0 - 100%,0,0,4,0,0,0,1,0,0,1,0,0,0,0,0,0,0,7,87,0,0
USMAMH201807_139_low_(2)_human.JPG,17/07/2018,Rocky shore,USA,MASSACHUSETTS,MARBLEHEAD,MIDTIDE,25,42.507496,-70.84332,0,NIKON D5100,Helmuth,INTERTIDAL,NONE,25 X 25,0,Human,Confirmed,X: 0 - 100% / Y: 0 - 100%,0,0,5,0,0,0,2,0,0,3,0,0,0,0,0,0,0,3,87,0,0
USMAMH201807_419_low_(2)_human.JPG,17/07/2018,Rocky shore,USA,MASSACHUSETTS,MARBLEHEAD,MIDTIDE,25,42.507496,-70.84332,0,NIKON D5100,Helmuth,INTERTIDAL,NONE,25 X 25,0,Human,Confirmed,X: 0 - 100% / Y: 0 - 100%,0,0,8,1,0,0,11,0,0,2,0,0,0,0,0,0,0,2,76,0,0
USMAMH201807_445_high_(3)_human.JPG,17/07/2018,Rocky shore,USA,MASSACHUSETTS,MARBLEHEAD,HIGHTIDE,25,42.507496,-70.84332,0,NIKON D5100,Helmuth,INTERTIDAL,NONE,25 X 25,0,Human,Confirmed,X: 0 - 100% / Y: 0 - 100%,0,0,8,0,1,0,80,0,0,0,0,0,0,0,0,0,0,0,11,0,0
USMAMH201807_503_high_(3)_human.JPG,17/07/2018,Rocky shore,USA,MASSACHUSETTS,MARBLEHEAD,HIGHTIDE,25,42.507496,-70.84332,0,NIKON D5100,Helmuth,INTERTIDAL,NONE,25 X 25,0,Human,Confirmed,X: 0 - 100% / Y: 0 - 100%,0,0,0,0,1,0,0,0,0,2,0,0,0,0,0,0,0,4,93,0,0
USMAMH201807_518_low_(2)_human.JPG,17/07/2018,Rocky shore,USA,MASSACHUSETTS,MARBLEHEAD,MIDTIDE,25,42.507496,-70.84332,0,NIKON D5100,Helmuth,INTERTIDAL,NONE,25 X 25,0,Human,Confirmed,X: 0 - 100% / Y: 0 - 100%,0,0,0,0,0,0,0,0,0,0,0,0,0,0,0,0,0,0,100,0,0
USMAMH201807_552_low_(2)_human.JPG,17/07/2018,Rocky shore,USA,MASSACHUSETTS,MARBLEHEAD,MIDTIDE,25,42.507496,-70.84332,0,NIKON D5100,Helmuth,INTERTIDAL,NONE,25 X 25,0,Human,Confirmed,X: 0 - 100% / Y: 0 - 100%,0,0,19,7,0,0,7,0,0,0,0,0,0,0,0,0,0,1,66,0,0
USMAMH201807_592_low_(2)_human.JPG,17/07/2018,Rocky shore,USA,MASSACHUSETTS,MARBLEHEAD,MIDTIDE,25,42.507496,-70.84332,0,NIKON D5100,Helmuth,INTERTIDAL,NONE,25 X 25,0,Human,Confirmed,X: 0 - 100% / Y: 0 - 100%,0,0,0,0,0,0,1,0,0,5,0,0,0,0,0,0,0,1,93,0,0
USMAMH201807_593_low_(2)_human.JPG,17/07/2018,Rocky shore,USA,MASSACHUSETTS,MARBLEHEAD,MIDTIDE,25,42.507496,-70.84332,0,NIKON D5100,Helmuth,INTERTIDAL,NONE,25 X 25,0,Human,Confirmed,X: 0 - 100% / Y: 0 - 100%,0,0,12,0,1,0,1,0,0,37,0,0,0,0,0,0,0,0,49,0,0
USMAMH201807_594_low_(3)_human.JPG,17/07/2018,Rocky shore,USA,MASSACHUSETTS,MARBLEHEAD,MIDTIDE,25,42.507496,-70.84332,0,NIKON D5100,Helmuth,INTERTIDAL,NONE,25 X 25,0,Human,Confirmed,X: 0 - 100% / Y: 0 - 100%,0,0,25,0,0,0,6,0,0,4,0,0,0,0,0,0,0,0,62,3,0
USMAMH201807_595_high_(3)_human.JPG,17/07/2018,Rocky shore,USA,MASSACHUSETTS,MARBLEHEAD,HIGHTIDE,25,42.507496,-70.84332,0,NIKON D5100,Helmuth,INTERTIDAL,NONE,25 X 25,0,Human,Confirmed,X: 0 - 100% / Y: 0 - 100%,0,0,2,0,0,0,21,0,0,0,0,0,0,0,0,0,0,0,76,1,0
USMAMH201807_596_low_(2)_human.JPG,17/07/2018,Rocky shore,USA,MASSACHUSETTS,MARBLEHEAD,MIDTIDE,25,42.507496,-70.84332,0,NIKON D5100,Helmuth,INTERTIDAL,NONE,25 X 25,0,Human,Confirmed,X: 0 - 100% / Y: 0 - 100%,0,0,34,0,0,0,42,0,0,1,0,0,0,0,0,0,0,0,22,1,0
USMAMH201807_598_high_(2)_human.JPG,17/07/2018,Rocky shore,USA,MASSACHUSETTS,MARBLEHEAD,HIGHTIDE,25,42.507496,-70.84332,0,NIKON D5100,Helmuth,INTERTIDAL,NONE,25 X 25,0,Human,Confirmed,X: 0 - 100% / Y: 0 - 100%,0,0,1,0,1,0,1,0,0,1,0,0,0,0,0,0,0,2,91,3,0
USMAMH201807_599_high_(3)_human.JPG,17/07/2018,Rocky shore,USA,MASSACHUSETTS,MARBLEHEAD,HIGHTIDE,25,42.507496,-70.84332,0,NIKON D5100,Helmuth,INTERTIDAL,NONE,25 X 25,0,Human,Confirmed,X: 0 - 100% / Y: 0 - 100%,0,0,0,0,0,0,0,0,0,0,0,0,0,0,0,0,0,10,88,2,0
USMAMH201807_600_high_(3)_human.JPG,17/07/2018,Rocky shore,USA,MASSACHUSETTS,MARBLEHEAD,HIGHTIDE,25,42.507496,-70.84332,0,NIKON D5100,Helmuth,INTERTIDAL,NONE,25 X 25,0,Human,Confirmed,X: 0 - 100% / Y: 0 - 100%,0,0,13,4,0,0,68,0,0,3,0,0,0,0,0,0,0,0,11,1,0
USMAMH201905_139_low_(3)_human.JPG,22/05/2019,Rocky shore,USA,MASSACHUSETTS,MARBLEHEAD,MIDTIDE,25,42.507496,-70.84332,0,NIKON D5100,Helmuth,INTERTIDAL,NONE,25 X 25,0,Human,Confirmed,X: 0 - 100% / Y: 0 - 100%,0,0,3,6,3,0,4,0,0,3,0,0,0,0,0,0,0,0,81,0,0
USMAMH201905_442_high_(2)_human.JPG,21/05/2019,Rocky shore,USA,MASSACHUSETTS,MARBLEHEAD,HIGHTIDE,25,42.507496,-70.84332,0,NIKON D5100,Helmuth,INTERTIDAL,NONE,25 X 25,0,Human,Confirmed,X: 0 - 100% / Y: 0 - 100%,0,0,5,0,3,0,88,0,0,0,0,0,0,0,0,2,0,0,2,0,0
USMAMH201905_445_high_(3)_human.JPG,21/05/2019,Rocky shore,USA,MASSACHUSETTS,MARBLEHEAD,HIGHTIDE,25,42.507496,-70.84332,0,NIKON D5100,Helmuth,INTERTIDAL,NONE,25 X 25,0,Human,Confirmed,X: 0 - 100% / Y: 0 - 100%,0,0,9,0,1,0,75,0,0,0,0,0,0,0,0,0,0,0,15,0,0
USMAMH201905_466_high_(2)_human.JPG,21/05/2019,Rocky shore,USA,MASSACHUSETTS,MARBLEHEAD,HIGHTIDE,25,42.507496,-70.84332,0,NIKON D5100,Helmuth,INTERTIDAL,NONE,25 X 25,0,Human,Confirmed,X: 0 - 100% / Y: 0 - 100%,0,0,1,1,0,0,3,0,0,2,0,0,0,0,0,0,0,1,82,10,0
USMAMH201905_503_high_(2)_human.JPG,21/05/2019,Rocky shore,USA,MASSACHUSETTS,MARBLEHEAD,HIGHTIDE,25,42.507496,-70.84332,0,NIKON D5100,Helmuth,INTERTIDAL,NONE,25 X 25,0,Human,Confirmed,X: 0 - 100% / Y: 0 - 100%,0,0,11,1,1,0,11,0,0,0,0,0,0,0,0,0,0,0,76,0,0
USMAMH201905_552_low_(5)_human.JPG,22/05/2019,Rocky shore,USA,MASSACHUSETTS,MARBLEHEAD,MIDTIDE,25,42.507496,-70.84332,0,NIKON D5100,Helmuth,INTERTIDAL,NONE,25 X 25,0,Human,Confirmed,X: 0 - 100% / Y: 0 - 100%,0,0,6,41,5,0,14,0,0,2,0,0,0,0,11,0,0,0,21,0,0
USMAMH201905_596_low_(3)_human.JPG,22/05/2019,Rocky shore,USA,MASSACHUSETTS,MARBLEHEAD,MIDTIDE,25,42.507496,-70.84332,0,NIKON D5100,Helmuth,INTERTIDAL,NONE,25 X 25,0,Human,Confirmed,X: 0 - 100% / Y: 0 - 100%,0,0,10,0,3,0,70,0,0,5,0,0,0,0,0,0,0,1,11,0,0
USMAMH201905_598_high_(3)_human.JPG,21/05/2019,Rocky shore,USA,MASSACHUSETTS,MARBLEHEAD,HIGHTIDE,25,42.507496,-70.84332,0,NIKON D5100,Helmuth,INTERTIDAL,NONE,25 X 25,0,Human,Confirmed,X: 0 - 100% / Y: 0 - 100%,0,0,22,0,0,0,32,0,0,28,0,0,0,0,0,0,0,0,18,0,0
USMAMH201905_599_high_(3)_human.JPG,21/05/2019,Rocky shore,USA,MASSACHUSETTS,MARBLEHEAD,HIGHTIDE,25,42.507496,-70.84332,0,NIKON D5100,Helmuth,INTERTIDAL,NONE,25 X 25,0,Human,Confirmed,X: 0 - 100% / Y: 0 - 100%,0,0,4,2,0,0,13,2,0,1,0,0,0,0,31,0,0,0,47,0,0
USMAMH201905_600_high_(2)_human.JPG,21/05/2019,Rocky shore,USA,MASSACHUSETTS,MARBLEHEAD,HIGHTIDE,25,42.507496,-70.84332,0,NIKON D5100,Helmuth,INTERTIDAL,NONE,25 X 25,0,Human,Confirmed,X: 0 - 100% / Y: 0 - 100%,0,0,7,1,0,0,80,0,0,0,0,0,0,0,0,0,0,0,12,0,0
USMAPH201807_405_low_(4)_human.JPG,16/07/2018,Rocky shore,USA,MASSACHUSETTS,PUMPHOUSE,MIDTIDE,25,42.417115,-70.906804,0,NIKON D5100,Helmuth,INTERTIDAL,NONE,25 X 25,0,Human,Confirmed,X: 0 - 100% / Y: 0 - 100%,0,0,9,9,0,0,10,0,0,0,1,0,0,0,0,0,0,0,71,0,0
USMAPH201807_422_high__human.JPG,16/07/2018,Rocky shore,USA,MASSACHUSETTS,PUMPHOUSE,HIGHTIDE,25,42.417115,-70.906804,0,NIKON D5100,Helmuth,INTERTIDAL,NONE,25 X 25,0,Human,Confirmed,X: 0 - 100% / Y: 0 - 100%,0,0,21,12,1,0,25,0,0,5,0,0,0,0,0,0,0,0,36,0,0
USMAPH201807_426_high__human.JPG,16/07/2018,Rocky shore,USA,MASSACHUSETTS,PUMPHOUSE,HIGHTIDE,25,42.417115,-70.906804,0,NIKON D5100,Helmuth,INTERTIDAL,NONE,25 X 25,0,Human,Confirmed,X: 0 - 100% / Y: 0 - 100%,0,0,26,6,0,0,5,0,0,2,0,0,0,0,0,0,0,0,61,0,0
USMAPH201807_428_high_(2)_human.JPG,16/07/2018,Rocky shore,USA,MASSACHUSETTS,PUMPHOUSE,HIGHTIDE,25,42.417115,-70.906804,0,NIKON D5100,Helmuth,INTERTIDAL,NONE,25 X 25,0,Human,Confirmed,X: 0 - 100% / Y: 0 - 100%,0,0,19,0,0,0,2,0,0,0,0,0,0,0,0,0,0,0,79,0,0
USMAPH201807_441_low_(2)_human.JPG,16/07/2018,Rocky shore,USA,MASSACHUSETTS,PUMPHOUSE,MIDTIDE,25,42.417115,-70.906804,0,NIKON D5100,Helmuth,INTERTIDAL,NONE,25 X 25,0,Human,Confirmed,X: 0 - 100% / Y: 0 - 100%,0,0,0,0,0,0,0,0,0,0,0,0,0,0,0,0,0,0,100,0,0
USMAPH201807_444_low_(2)_human.JPG,16/07/2018,Rocky shore,USA,MASSACHUSETTS,PUMPHOUSE,MIDTIDE,25,42.417115,-70.906804,0,NIKON D5100,Helmuth,INTERTIDAL,NONE,25 X 25,0,Human,Confirmed,X: 0 - 100% / Y: 0 - 100%,0,0,29,0,0,0,36,0,0,1,0,0,0,0,0,0,0,0,34,0,0
USMAPH201807_450_low_(1)_human.JPG,16/07/2018,Rocky shore,USA,MASSACHUSETTS,PUMPHOUSE,MIDTIDE,25,42.417115,-70.906804,0,NIKON D5100,Helmuth,INTERTIDAL,NONE,25 X 25,0,Human,Confirmed,X: 0 - 100% / Y: 0 - 100%,0,0,29,1,0,0,44,0,0,0,0,0,0,0,0,0,0,0,26,0,0
USMAPH201807_461_low_(2)_human.JPG,16/07/2018,Rocky shore,USA,MASSACHUSETTS,PUMPHOUSE,MIDTIDE,25,42.417115,-70.906804,0,NIKON D5100,Helmuth,INTERTIDAL,NONE,25 X 25,0,Human,Confirmed,X: 0 - 100% / Y: 0 - 100%,0,0,1,0,0,0,0,0,0,0,0,0,0,0,0,0,0,0,99,0,0
USMAPH201807_483_high_(4)_human.JPG,16/07/2018,Rocky shore,USA,MASSACHUSETTS,PUMPHOUSE,HIGHTIDE,25,42.417115,-70.906804,0,NIKON D5100,Helmuth,INTERTIDAL,NONE,25 X 25,0,Human,Confirmed,X: 0 - 100% / Y: 0 - 100%,0,0,34,3,0,0,2,0,0,0,3,0,0,0,0,0,0,1,57,0,0
USMAPH201807_494_low_(1)_human.JPG,16/07/2018,Rocky shore,USA,MASSACHUSETTS,PUMPHOUSE,MIDTIDE,25,42.417115,-70.906804,0,NIKON D5100,Helmuth,INTERTIDAL,NONE,25 X 25,0,Human,Confirmed,X: 0 - 100% / Y: 0 - 100%,0,0,19,0,1,0,16,0,0,0,0,0,0,0,0,0,0,2,62,0,0
USMAPH201807_499_high__human.JPG,16/07/2018,Rocky shore,USA,MASSACHUSETTS,PUMPHOUSE,HIGHTIDE,25,42.417115,-70.906804,0,NIKON D5100,Helmuth,INTERTIDAL,NONE,25 X 25,0,Human,Confirmed,X: 0 - 100% / Y: 0 - 100%,0,0,15,19,4,0,36,0,0,6,0,0,0,0,0,0,0,0,18,0,2
USMAPH201807_529_high__human.JPG,16/07/2018,Rocky shore,USA,MASSACHUSETTS,PUMPHOUSE,HIGHTIDE,25,42.417115,-70.906804,0,NIKON D5100,Helmuth,INTERTIDAL,NONE,25 X 25,0,Human,Confirmed,X: 0 - 100% / Y: 0 - 100%,0,0,22,13,0,0,11,0,0,1,0,0,0,0,0,0,0,0,53,0,0
USMAPH201905_422_high_(2)_human.JPG,20/05/2019,Rocky shore,USA,MASSACHUSETTS,PUMPHOUSE,HIGHTIDE,25,42.417115,-70.906804,0,NIKON D5100,Helmuth,INTERTIDAL,NONE,25 X 25,0,Human,Confirmed,X: 0 - 100% / Y: 0 - 100%,0,0,9,2,0,0,1,0,0,0,0,0,0,0,0,0,0,0,88,0,0
USMAPH201905_426_high_(2)_human.JPG,20/05/2019,Rocky shore,USA,MASSACHUSETTS,PUMPHOUSE,HIGHTIDE,25,42.417115,-70.906804,0,NIKON D5100,Helmuth,INTERTIDAL,NONE,25 X 25,0,Human,Confirmed,X: 0 - 100% / Y: 0 - 100%,0,0,40,5,0,0,26,0,0,8,0,0,0,0,0,0,0,1,20,0,0
USMAPH201905_441_low_(2)_human.JPG,20/05/2019,Rocky shore,USA,MASSACHUSETTS,PUMPHOUSE,MIDTIDE,25,42.417115,-70.906804,0,NIKON D5100,Helmuth,INTERTIDAL,NONE,25 X 25,0,Human,Confirmed,X: 0 - 100% / Y: 0 - 100%,0,0,6,0,3,0,12,0,0,6,0,0,0,0,0,0,0,0,73,0,0
USMAPH201905_450_low_(2)_human.JPG,20/05/2019,Rocky shore,USA,MASSACHUSETTS,PUMPHOUSE,MIDTIDE,25,42.417115,-70.906804,0,NIKON D5100,Helmuth,INTERTIDAL,NONE,25 X 25,0,Human,Confirmed,X: 0 - 100% / Y: 0 - 100%,0,0,34,1,0,0,36,0,0,0,0,0,0,0,0,0,0,1,28,0,0
USMAPH201905_455_low_(2)_human.JPG,20/05/2019,Rocky shore,USA,MASSACHUSETTS,PUMPHOUSE,MIDTIDE,25,42.417115,-70.906804,0,NIKON D5100,Helmuth,INTERTIDAL,NONE,25 X 25,0,Human,Confirmed,X: 0 - 100% / Y: 0 - 100%,0,0,28,0,0,0,12,0,0,2,0,0,0,0,0,0,0,0,58,0,0
USMAPH201905_461_low_(3)_human.JPG,20/05/2019,Rocky shore,USA,MASSACHUSETTS,PUMPHOUSE,MIDTIDE,25,42.417115,-70.906804,0,NIKON D5100,Helmuth,INTERTIDAL,NONE,25 X 25,0,Human,Confirmed,X: 0 - 100% / Y: 0 - 100%,0,0,54,0,4,0,17,0,0,2,0,0,0,0,0,0,0,1,22,0,0
USMAPH201905_469_high_(2)_human.JPG,20/05/2019,Rocky shore,USA,MASSACHUSETTS,PUMPHOUSE,HIGHTIDE,25,42.417115,-70.906804,0,NIKON D5100,Helmuth,INTERTIDAL,NONE,25 X 25,0,Human,Confirmed,X: 0 - 100% / Y: 0 - 100%,0,0,18,0,2,0,70,0,0,0,0,0,0,0,0,0,0,0,10,0,0
USMAPH201905_494_low_(2)_human.JPG,20/05/2019,Rocky shore,USA,MASSACHUSETTS,PUMPHOUSE,MIDTIDE,25,42.417115,-70.906804,0,NIKON D5100,Helmuth,INTERTIDAL,NONE,25 X 25,0,Human,Confirmed,X: 0 - 100% / Y: 0 - 100%,0,0,10,0,0,0,10,0,0,0,0,0,0,0,0,0,1,1,78,0,0
USMAPH201905_499_high_(2)_human.JPG,20/05/2019,Rocky shore,USA,MASSACHUSETTS,PUMPHOUSE,HIGHTIDE,25,42.417115,-70.906804,0,NIKON D5100,Helmuth,INTERTIDAL,NONE,25 X 25,0,Human,Confirmed,X: 0 - 100% / Y: 0 - 100%,0,0,35,12,7,0,22,0,0,3,0,0,0,0,0,0,0,1,16,4,0
USMECH201808_190_low_(2)_human.JPG,15/08/2018,Rocky shore,USA,MAINE,CHAMBERLAIN,MIDTIDE,25,43.884718,-69.475504,0,NIKON D5100,Helmuth,INTERTIDAL,NONE,25 X 25,0,Human,Confirmed,X: 0 - 100% / Y: 0 - 100%,0,0,43,0,1,0,5,0,0,1,0,0,0,0,0,0,0,0,50,0,0
USMECH201808_191_low_(2)_human.JPG,15/08/2018,Rocky shore,USA,MAINE,CHAMBERLAIN,MIDTIDE,25,43.884718,-69.475504,0,NIKON D5100,Helmuth,INTERTIDAL,NONE,25 X 25,0,Human,Confirmed,X: 0 - 100% / Y: 0 - 100%,0,0,10,2,0,0,3,0,0,0,0,0,0,0,0,0,0,0,72,8,5
USMECH201808_192_low_(2)_human.JPG,15/08/2018,Rocky shore,USA,MAINE,CHAMBERLAIN,MIDTIDE,25,43.884718,-69.475504,0,NIKON D5100,Helmuth,INTERTIDAL,NONE,25 X 25,0,Human,Confirmed,X: 0 - 100% / Y: 0 - 100%,0,0,14,2,0,0,4,0,0,1,0,0,0,0,0,0,0,0,79,0,0
USMECH201808_195_low_(3)_human.JPG,15/08/2018,Rocky shore,USA,MAINE,CHAMBERLAIN,MIDTIDE,25,43.884718,-69.475504,0,NIKON D5100,Helmuth,INTERTIDAL,NONE,25 X 25,0,Human,Confirmed,X: 0 - 100% / Y: 0 - 100%,0,0,84,1,1,0,14,0,0,0,0,0,0,0,0,0,0,0,0,0,0
USMECH201808_198_high_(2)_human.JPG,15/08/2018,Rocky shore,USA,MAINE,CHAMBERLAIN,HIGHTIDE,25,43.884718,-69.475504,0,NIKON D5100,Helmuth,INTERTIDAL,NONE,25 X 25,0,Human,Confirmed,X: 0 - 100% / Y: 0 - 100%,0,0,0,0,1,0,1,0,0,0,0,0,0,0,0,0,0,0,98,0,0
USMECH201808_564_low_(3)_human.JPG,15/08/2018,Rocky shore,USA,MAINE,CHAMBERLAIN,MIDTIDE,25,43.884718,-69.475504,0,NIKON D5100,Helmuth,INTERTIDAL,NONE,25 X 25,0,Human,Confirmed,X: 0 - 100% / Y: 0 - 100%,0,0,13,0,1,0,9,0,0,1,0,0,0,0,0,0,0,0,76,0,0
USMECH201905_190_low_(2)_human.JPG,16/05/2019,Rocky shore,USA,MAINE,CHAMBERLAIN,MIDTIDE,25,43.884718,-69.475504,0,NIKON D5100,Helmuth,INTERTIDAL,NONE,25 X 25,0,Human,Confirmed,X: 0 - 100% / Y: 0 - 100%,0,0,28,0,1,0,1,0,0,0,0,0,0,0,0,0,0,0,70,0,0
USMECH201905_191_low_(2)_human.JPG,16/05/2019,Rocky shore,USA,MAINE,CHAMBERLAIN,MIDTIDE,25,43.884718,-69.475504,0,NIKON D5100,Helmuth,INTERTIDAL,NONE,25 X 25,0,Human,Confirmed,X: 0 - 100% / Y: 0 - 100%,0,0,25,5,1,0,23,0,0,0,0,0,0,0,0,0,0,0,46,0,0
USMECH201905_192_low_(2)_human.JPG,16/05/2019,Rocky shore,USA,MAINE,CHAMBERLAIN,MIDTIDE,25,43.884718,-69.475504,0,NIKON D5100,Helmuth,INTERTIDAL,NONE,25 X 25,0,Human,Confirmed,X: 0 - 100% / Y: 0 - 100%,0,0,56,0,0,0,0,0,0,0,0,0,0,0,0,0,0,0,44,0,0
USMECH201905_193_low_(3)_human.JPG,16/05/2019,Rocky shore,USA,MAINE,CHAMBERLAIN,MIDTIDE,25,43.884718,-69.475504,0,NIKON D5100,Helmuth,INTERTIDAL,NONE,25 X 25,0,Human,Confirmed,X: 0 - 100% / Y: 0 - 100%,0,0,19,3,5,0,4,0,0,19,0,0,0,0,0,0,0,0,50,0,0
USMECH201905_194_low_(2)_human.JPG,16/05/2019,Rocky shore,USA,MAINE,CHAMBERLAIN,MIDTIDE,25,43.884718,-69.475504,0,NIKON D5100,Helmuth,INTERTIDAL,NONE,25 X 25,0,Human,Confirmed,X: 0 - 100% / Y: 0 - 100%,0,0,77,1,1,0,5,0,0,0,0,0,0,0,0,0,0,0,16,0,0
USMECH201905_195_low_(2)_human.JPG,16/05/2019,Rocky shore,USA,MAINE,CHAMBERLAIN,MIDTIDE,25,43.884718,-69.475504,0,NIKON D5100,Helmuth,INTERTIDAL,NONE,25 X 25,0,Human,Confirmed,X: 0 - 100% / Y: 0 - 100%,0,0,96,0,0,0,1,0,0,0,0,0,0,0,0,0,0,0,3,0,0
USMECH201905_196_high_(2)_human.JPG,16/05/2019,Rocky shore,USA,MAINE,CHAMBERLAIN,HIGHTIDE,25,43.884718,-69.475504,0,NIKON D5100,Helmuth,INTERTIDAL,NONE,25 X 25,0,Human,Confirmed,X: 0 - 100% / Y: 0 - 100%,0,0,49,0,0,0,24,0,0,8,3,0,0,0,1,0,0,0,15,0,0
USMECH201905_198_high_(2)_human.JPG,16/05/2019,Rocky shore,USA,MAINE,CHAMBERLAIN,HIGHTIDE,25,43.884718,-69.475504,0,NIKON D5100,Helmuth,INTERTIDAL,NONE,25 X 25,0,Human,Confirmed,X: 0 - 100% / Y: 0 - 100%,0,0,11,0,0,0,21,0,0,9,0,0,0,0,0,0,0,0,59,0,0
USMECH201905_199_high_(2)_human.JPG,16/05/2019,Rocky shore,USA,MAINE,CHAMBERLAIN,HIGHTIDE,25,43.884718,-69.475504,0,NIKON D5100,Helmuth,INTERTIDAL,NONE,25 X 25,0,Human,Confirmed,X: 0 - 100% / Y: 0 - 100%,0,0,18,1,1,0,16,0,0,25,0,0,0,0,0,0,0,0,33,0,6
USMECH201905_200_high_(2)_human.JPG,16/05/2019,Rocky shore,USA,MAINE,CHAMBERLAIN,HIGHTIDE,25,43.884718,-69.475504,0,NIKON D5100,Helmuth,INTERTIDAL,NONE,25 X 25,0,Human,Confirmed,X: 0 - 100% / Y: 0 - 100%,0,0,12,0,0,0,3,0,0,0,0,0,0,0,0,0,0,0,28,0,57
USMECH201905_564_low_(1)_human.JPG,16/05/2019,Rocky shore,USA,MAINE,CHAMBERLAIN,MIDTIDE,25,43.884718,-69.475504,0,NIKON D5100,Helmuth,INTERTIDAL,NONE,25 X 25,0,Human,Confirmed,X: 0 - 100% / Y: 0 - 100%,0,0,55,0,0,0,1,0,0,2,0,0,0,0,0,0,0,0,42,0,0
USMEGS201807_107_low_(3)_human.JPG,13/07/2018,Rocky shore,USA,MAINE,GRINDSTONE,MIDTIDE,25,44.371417,-68.092583,0,NIKON D5100,Helmuth,INTERTIDAL,NONE,25 X 25,0,Human,Confirmed,X: 0 - 100% / Y: 0 - 100%,0,0,11,0,8,0,45,0,0,0,0,0,0,0,3,0,0,0,33,0,0
USMEGS201807_133_low_(2)_human.JPG,13/07/2018,Rocky shore,USA,MAINE,GRINDSTONE,HIGHTIDE,25,44.371417,-68.092583,0,NIKON D5100,Helmuth,INTERTIDAL,NONE,25 X 25,0,Human,Confirmed,X: 0 - 100% / Y: 0 - 100%,0,0,0,0,0,0,2,0,0,0,0,0,0,0,7,0,0,0,91,0,0
USMEGS201807_134_high_(3)_human.JPG,13/07/2018,Rocky shore,USA,MAINE,GRINDSTONE,HIGHTIDE,25,44.371417,-68.092583,0,NIKON D5100,Helmuth,INTERTIDAL,NONE,25 X 25,0,Human,Confirmed,X: 0 - 100% / Y: 0 - 100%,0,0,38,0,0,0,1,0,0,0,0,0,0,0,0,0,0,0,61,0,0
USMEGS201807_135_high_(3)_human.JPG,13/07/2018,Rocky shore,USA,MAINE,GRINDSTONE,HIGHTIDE,25,44.371417,-68.092583,0,NIKON D5100,Helmuth,INTERTIDAL,NONE,25 X 25,0,Human,Confirmed,X: 0 - 100% / Y: 0 - 100%,0,0,57,2,2,0,4,0,0,0,0,0,0,0,0,0,0,0,35,0,0
USMEGS201807_159_high_(2)_human.JPG,13/07/2018,Rocky shore,USA,MAINE,GRINDSTONE,HIGHTIDE,25,44.371417,-68.092583,0,NIKON D5100,Helmuth,INTERTIDAL,NONE,25 X 25,0,Human,Confirmed,X: 0 - 100% / Y: 0 - 100%,0,0,2,0,0,0,2,0,0,0,0,0,0,0,0,0,0,0,96,0,0
USMEGS201807_160_high_(2)_human.JPG,13/07/2018,Rocky shore,USA,MAINE,GRINDSTONE,HIGHTIDE,25,44.371417,-68.092583,0,NIKON D5100,Helmuth,INTERTIDAL,NONE,25 X 25,0,Human,Confirmed,X: 0 - 100% / Y: 0 - 100%,0,0,9,0,1,0,0,0,0,0,0,0,0,0,0,0,0,0,90,0,0
USMEGS201807_166_high_(2)_human.JPG,13/07/2018,Rocky shore,USA,MAINE,GRINDSTONE,HIGHTIDE,25,44.371417,-68.092583,0,NIKON D5100,Helmuth,INTERTIDAL,NONE,25 X 25,0,Human,Confirmed,X: 0 - 100% / Y: 0 - 100%,0,0,84,0,1,0,8,0,0,0,0,0,0,0,0,0,0,1,6,0,0
USMEGS201807_186_high_(2)_human.JPG,13/07/2018,Rocky shore,USA,MAINE,GRINDSTONE,HIGHTIDE,25,44.371417,-68.092583,0,NIKON D5100,Helmuth,INTERTIDAL,NONE,25 X 25,0,Human,Confirmed,X: 0 - 100% / Y: 0 - 100%,0,0,42,0,0,0,15,0,0,0,0,0,0,0,0,0,0,0,43,0,0
USMEGS201807_187_high_(2)_human.JPG,13/07/2018,Rocky shore,USA,MAINE,GRINDSTONE,HIGHTIDE,25,44.371417,-68.092583,0,NIKON D5100,Helmuth,INTERTIDAL,NONE,25 X 25,0,Human,Confirmed,X: 0 - 100% / Y: 0 - 100%,0,0,93,0,0,0,7,0,0,0,0,0,0,0,0,0,0,0,0,0,0
USMEGS201807_94_low_(2)_human.JPG,13/07/2018,Rocky shore,USA,MAINE,GRINDSTONE,MIDTIDE,25,44.371417,-68.092583,0,NIKON D5100,Helmuth,INTERTIDAL,NONE,25 X 25,0,Human,Confirmed,X: 0 - 100% / Y: 0 - 100%,0,0,0,0,0,0,0,0,0,0,0,0,0,0,0,0,0,0,100,0,0
USMEGS201807_98_low_(3)_human.JPG,13/07/2018,Rocky shore,USA,MAINE,GRINDSTONE,MIDTIDE,25,44.371417,-68.092583,0,NIKON D5100,Helmuth,INTERTIDAL,NONE,25 X 25,0,Human,Confirmed,X: 0 - 100% / Y: 0 - 100%,0,0,7,0,0,0,2,0,0,0,0,0,0,0,0,0,0,0,91,0,0
USMEGS201807_99_low_(2)_human.JPG,13/07/2018,Rocky shore,USA,MAINE,GRINDSTONE,MIDTIDE,25,44.371417,-68.092583,0,NIKON D5100,Helmuth,INTERTIDAL,NONE,25 X 25,0,Human,Confirmed,X: 0 - 100% / Y: 0 - 100%,0,0,4,0,0,0,2,0,0,7,0,0,0,0,0,0,0,0,87,0,0
USMEGS201808_107_low_(3)_human.JPG,13/08/2018,Rocky shore,USA,MAINE,GRINDSTONE,MIDTIDE,25,44.371417,-68.092583,0,NIKON D5100,Helmuth,INTERTIDAL,NONE,25 X 25,0,Human,Confirmed,X: 0 - 100% / Y: 0 - 100%,0,0,11,0,0,0,65,0,0,0,0,0,0,0,0,0,0,0,24,0,0
USMEGS201808_133_low_(4)_human.JPG,13/08/2018,Rocky shore,USA,MAINE,GRINDSTONE,MIDTIDE,25,44.371417,-68.092583,0,NIKON D5100,Helmuth,INTERTIDAL,NONE,25 X 25,0,Human,Confirmed,X: 0 - 100% / Y: 0 - 100%,0,0,2,0,4,0,5,0,0,10,0,0,0,0,0,0,0,2,77,0,0
USMEGS201808_134_high_(2)_human.JPG,13/08/2018,Rocky shore,USA,MAINE,GRINDSTONE,HIGHTIDE,25,44.371417,-68.092583,0,NIKON D5100,Helmuth,INTERTIDAL,NONE,25 X 25,0,Human,Confirmed,X: 0 - 100% / Y: 0 - 100%,0,0,7,0,0,0,0,0,0,0,0,0,0,0,0,0,0,0,93,0,0
USMEGS201808_135_high_(2)_human.JPG,13/08/2018,Rocky shore,USA,MAINE,GRINDSTONE,HIGHTIDE,25,44.371417,-68.092583,0,NIKON D5100,Helmuth,INTERTIDAL,NONE,25 X 25,0,Human,Confirmed,X: 0 - 100% / Y: 0 - 100%,0,0,22,1,1,0,4,0,0,0,0,0,0,0,0,0,0,0,72,0,0
USMEGS201808_159_high_(2)_human.JPG,13/08/2018,Rocky shore,USA,MAINE,GRINDSTONE,HIGHTIDE,25,44.371417,-68.092583,0,NIKON D5100,Helmuth,INTERTIDAL,NONE,25 X 25,0,Human,Confirmed,X: 0 - 100% / Y: 0 - 100%,0,0,10,0,0,0,1,0,0,0,0,0,0,0,0,0,0,0,89,0,0
USMEGS201808_160_high_(2)_human.JPG,13/08/2018,Rocky shore,USA,MAINE,GRINDSTONE,HIGHTIDE,25,44.371417,-68.092583,0,NIKON D5100,Helmuth,INTERTIDAL,NONE,25 X 25,0,Human,Confirmed,X: 0 - 100% / Y: 0 - 100%,0,0,0,0,1,0,0,0,0,0,0,0,0,0,0,0,0,0,99,0,0
USMEGS201808_165_high_(3)_human.JPG,13/08/2018,Rocky shore,USA,MAINE,GRINDSTONE,HIGHTIDE,25,44.371417,-68.092583,0,NIKON D5100,Helmuth,INTERTIDAL,NONE,25 X 25,0,Human,Confirmed,X: 0 - 100% / Y: 0 - 100%,0,0,80,0,5,0,13,0,0,0,0,0,0,0,0,0,0,1,1,0,0
USMEGS201808_166_high_(2)_human.JPG,13/08/2018,Rocky shore,USA,MAINE,GRINDSTONE,HIGHTIDE,25,44.371417,-68.092583,0,NIKON D5100,Helmuth,INTERTIDAL,NONE,25 X 25,0,Human,Confirmed,X: 0 - 100% / Y: 0 - 100%,0,0,81,0,0,0,8,1,0,0,0,0,0,0,0,0,0,0,10,0,0
USMEGS201808_186_high_(1)_human.JPG,13/08/2018,Rocky shore,USA,MAINE,GRINDSTONE,HIGHTIDE,25,44.371417,-68.092583,0,NIKON D5100,Helmuth,INTERTIDAL,NONE,25 X 25,0,Human,Confirmed,X: 0 - 100% / Y: 0 - 100%,0,0,4,0,0,0,2,0,0,0,0,0,0,0,0,0,0,0,94,0,0
USMEGS201808_94_low_(2)_human.JPG,13/08/2018,Rocky shore,USA,MAINE,GRINDSTONE,MIDTIDE,25,44.371417,-68.092583,0,NIKON D5100,Helmuth,INTERTIDAL,NONE,25 X 25,0,Human,Confirmed,X: 0 - 100% / Y: 0 - 100%,0,0,2,0,0,0,1,0,0,0,0,0,0,0,0,0,0,0,97,0,0
USMEGS201808_99_low_(3)_human.JPG,13/08/2018,Rocky shore,USA,MAINE,GRINDSTONE,MIDTIDE,25,44.371417,-68.092583,0,NIKON D5100,Helmuth,INTERTIDAL,NONE,25 X 25,0,Human,Confirmed,X: 0 - 100% / Y: 0 - 100%,0,0,27,0,7,0,29,0,0,0,0,0,0,0,0,0,0,0,37,0,0
USMEGS201905_107_low_(2)_human.JPG,15/05/2019,Rocky shore,USA,MAINE,GRINDSTONE,MIDTIDE,25,44.371417,-68.092583,0,NIKON D5100,Helmuth,INTERTIDAL,NONE,25 X 25,0,Human,Confirmed,X: 0 - 100% / Y: 0 - 100%,0,0,40,0,2,0,29,0,0,0,0,0,0,0,0,0,0,0,29,0,0
USMEGS201905_134_high_(3)_human.JPG,15/05/2019,Rocky shore,USA,MAINE,GRINDSTONE,HIGHTIDE,25,44.371417,-68.092583,0,NIKON D5100,Helmuth,INTERTIDAL,NONE,25 X 25,0,Human,Confirmed,X: 0 - 100% / Y: 0 - 100%,0,0,14,0,1,0,10,0,0,0,0,0,0,0,0,0,0,0,75,0,0
USMEGS201905_160_high_(2)_human.JPG,15/05/2019,Rocky shore,USA,MAINE,GRINDSTONE,HIGHTIDE,25,44.371417,-68.092583,0,NIKON D5100,Helmuth,INTERTIDAL,NONE,25 X 25,0,Human,Confirmed,X: 0 - 100% / Y: 0 - 100%,0,0,19,0,0,0,0,0,0,0,0,0,0,0,2,0,0,0,79,0,0
USMEGS201905_165_high_(2)_human.JPG,15/05/2019,Rocky shore,USA,MAINE,GRINDSTONE,HIGHTIDE,25,44.371417,-68.092583,0,NIKON D5100,Helmuth,INTERTIDAL,NONE,25 X 25,0,Human,Confirmed,X: 0 - 100% / Y: 0 - 100%,0,0,67,0,2,0,9,0,0,0,0,0,0,0,0,0,0,0,22,0,0
USMEGS201905_187_high_(2)_human.JPG,15/05/2019,Rocky shore,USA,MAINE,GRINDSTONE,HIGHTIDE,25,44.371417,-68.092583,0,NIKON D5100,Helmuth,INTERTIDAL,NONE,25 X 25,0,Human,Confirmed,X: 0 - 100% / Y: 0 - 100%,0,0,90,0,2,0,7,0,0,0,0,0,0,0,0,0,0,0,1,0,0
USMEGS201905_99_low_(2)_human.JPG,15/05/2019,Rocky shore,USA,MAINE,GRINDSTONE,MIDTIDE,25,44.371417,-68.092583,0,NIKON D5100,Helmuth,INTERTIDAL,NONE,25 X 25,0,Human,Confirmed,X: 0 - 100% / Y: 0 - 100%,0,0,15,0,2,0,4,0,0,5,0,0,0,0,0,0,0,0,74,0,0