"","Name","Date","habitat","country","locality","site","strata","Height..cm.","Latitude","Longitude","Camera","Photographer","Water.quality","Strobes","Framing.gear.used","White.balance.card","Comments","Depth"
"1","AR_PM_PC_HT_20181105_Q01_Random.jpg",2018-11-05,"ROCKY SHORE","ARGENTINA","PUERTO MADRYN","PUNTA CUEVAS","HIGHTIDE",60,-42.77986,-65.00171,"COOLPIX AW130","Bigatti","INTERTIDAL",0,"50 X 50",0,"robot",NA
"2","AR_PM_PC_HT_20181105_Q02_Random.jpg",2018-11-05,"ROCKY SHORE","ARGENTINA","PUERTO MADRYN","PUNTA CUEVAS","HIGHTIDE",60,-42.77986,-65.00171,"COOLPIX AW130","Bigatti","INTERTIDAL",0,"50 X 50",0,"robot",NA
"3","AR_PM_PC_HT_20181105_Q03_Random.jpg",2018-11-05,"ROCKY SHORE","ARGENTINA","PUERTO MADRYN","PUNTA CUEVAS","HIGHTIDE",60,-42.77986,-65.00171,"COOLPIX AW130","Bigatti","INTERTIDAL",0,"50 X 50",0,"robot",NA
"4","AR_PM_PC_HT_20181105_Q04_Random.jpg",2018-11-05,"ROCKY SHORE","ARGENTINA","PUERTO MADRYN","PUNTA CUEVAS","HIGHTIDE",60,-42.77986,-65.00171,"COOLPIX AW130","Bigatti","INTERTIDAL",0,"50 X 50",0,"robot",NA
"5","AR_PM_PC_HT_20181105_Q05_Random.jpg",2018-11-05,"ROCKY SHORE","ARGENTINA","PUERTO MADRYN","PUNTA CUEVAS","HIGHTIDE",60,-42.77986,-65.00171,"COOLPIX AW130","Bigatti","INTERTIDAL",0,"50 X 50",0,"robot",NA
"6","AR_PM_PC_HT_20181105_Q06_Random.jpg",2018-11-05,"ROCKY SHORE","ARGENTINA","PUERTO MADRYN","PUNTA CUEVAS","HIGHTIDE",60,-42.77986,-65.00171,"COOLPIX AW130","Bigatti","INTERTIDAL",0,"50 X 50",0,"robot",NA
"7","AR_PM_PC_HT_20181105_Q07_Random.jpg",2018-11-05,"ROCKY SHORE","ARGENTINA","PUERTO MADRYN","PUNTA CUEVAS","HIGHTIDE",60,-42.77986,-65.00171,"COOLPIX AW130","Bigatti","INTERTIDAL",0,"50 X 50",0,"robot",NA
"8","AR_PM_PC_HT_20181105_Q08_Random.jpg",2018-11-05,"ROCKY SHORE","ARGENTINA","PUERTO MADRYN","PUNTA CUEVAS","HIGHTIDE",60,-42.77986,-65.00171,"COOLPIX AW130","Bigatti","INTERTIDAL",0,"50 X 50",0,"robot",NA
"9","AR_PM_PC_HT_20181105_Q09_Random.jpg",2018-11-05,"ROCKY SHORE","ARGENTINA","PUERTO MADRYN","PUNTA CUEVAS","HIGHTIDE",60,-42.77986,-65.00171,"COOLPIX AW130","Bigatti","INTERTIDAL",0,"50 X 50",0,"robot",NA
"10","AR_PM_PC_HT_20181105_Q10_Random.jpg",2018-11-05,"ROCKY SHORE","ARGENTINA","PUERTO MADRYN","PUNTA CUEVAS","HIGHTIDE",60,-42.77986,-65.00171,"COOLPIX AW130","Bigatti","INTERTIDAL",0,"50 X 50",0,"robot",NA
"11","AR_PM_PC_LT_20181105_Q01_Random.jpg",2018-11-05,"ROCKY SHORE","ARGENTINA","PUERTO MADRYN","PUNTA CUEVAS","LOWTIDE",60,-42.77986,-65.00171,"COOLPIX AW130","Bigatti","INTERTIDAL",0,"50 X 50",0,"robot",NA
"12","AR_PM_PC_LT_20181105_Q02_Random.jpg",2018-11-05,"ROCKY SHORE","ARGENTINA","PUERTO MADRYN","PUNTA CUEVAS","LOWTIDE",60,-42.77986,-65.00171,"COOLPIX AW130","Bigatti","INTERTIDAL",0,"50 X 50",0,"robot",NA
"13","AR_PM_PC_LT_20181105_Q03_Random.jpg",2018-11-05,"ROCKY SHORE","ARGENTINA","PUERTO MADRYN","PUNTA CUEVAS","LOWTIDE",60,-42.77986,-65.00171,"COOLPIX AW130","Bigatti","INTERTIDAL",0,"50 X 50",0,"robot",NA
"14","AR_PM_PC_LT_20181105_Q04_Random.jpg",2018-11-05,"ROCKY SHORE","ARGENTINA","PUERTO MADRYN","PUNTA CUEVAS","LOWTIDE",60,-42.77986,-65.00171,"COOLPIX AW130","Bigatti","INTERTIDAL",0,"50 X 50",0,"robot",NA
"15","AR_PM_PC_LT_20181105_Q05_Random.jpg",2018-11-05,"ROCKY SHORE","ARGENTINA","PUERTO MADRYN","PUNTA CUEVAS","LOWTIDE",60,-42.77986,-65.00171,"COOLPIX AW130","Bigatti","INTERTIDAL",0,"50 X 50",0,"robot",NA
"16","AR_PM_PC_LT_20181105_Q06_Random.jpg",2018-11-05,"ROCKY SHORE","ARGENTINA","PUERTO MADRYN","PUNTA CUEVAS","LOWTIDE",60,-42.77986,-65.00171,"COOLPIX AW130","Bigatti","INTERTIDAL",0,"50 X 50",0,"robot",NA
"17","AR_PM_PC_LT_20181105_Q07_Random.jpg",2018-11-05,"ROCKY SHORE","ARGENTINA","PUERTO MADRYN","PUNTA CUEVAS","LOWTIDE",60,-42.77986,-65.00171,"COOLPIX AW130","Bigatti","INTERTIDAL",0,"50 X 50",0,"robot",NA
"18","AR_PM_PC_LT_20181105_Q08_Random.jpg",2018-11-05,"ROCKY SHORE","ARGENTINA","PUERTO MADRYN","PUNTA CUEVAS","LOWTIDE",60,-42.77986,-65.00171,"COOLPIX AW130","Bigatti","INTERTIDAL",0,"50 X 50",0,"robot",NA
"19","AR_PM_PC_LT_20181105_Q09_Random.jpg",2018-11-05,"ROCKY SHORE","ARGENTINA","PUERTO MADRYN","PUNTA CUEVAS","LOWTIDE",60,-42.77986,-65.00171,"COOLPIX AW130","Bigatti","INTERTIDAL",0,"50 X 50",0,"robot",NA
"20","AR_PM_PC_LT_20181105_Q10_Random.jpg",2018-11-05,"ROCKY SHORE","ARGENTINA","PUERTO MADRYN","PUNTA CUEVAS","LOWTIDE",60,-42.77986,-65.00171,"COOLPIX AW130","Bigatti","INTERTIDAL",0,"50 X 50",0,"robot",NA
"21","AR_PM_PC_MT_20181105_Q01_Random.jpg",2018-11-05,"ROCKY SHORE","ARGENTINA","PUERTO MADRYN","PUNTA CUEVAS","MIDTIDE",60,-42.77986,-65.00171,"COOLPIX AW130","Bigatti","INTERTIDAL",0,"50 X 50",0,"robot",NA
"22","AR_PM_PC_MT_20181105_Q02_Random.jpg",2018-11-05,"ROCKY SHORE","ARGENTINA","PUERTO MADRYN","PUNTA CUEVAS","MIDTIDE",60,-42.77986,-65.00171,"COOLPIX AW130","Bigatti","INTERTIDAL",0,"50 X 50",0,"robot",NA
"23","AR_PM_PC_MT_20181105_Q03_Random.jpg",2018-11-05,"ROCKY SHORE","ARGENTINA","PUERTO MADRYN","PUNTA CUEVAS","MIDTIDE",60,-42.77986,-65.00171,"COOLPIX AW130","Bigatti","INTERTIDAL",0,"50 X 50",0,"robot",NA
"24","AR_PM_PC_MT_20181105_Q04_Random.jpg",2018-11-05,"ROCKY SHORE","ARGENTINA","PUERTO MADRYN","PUNTA CUEVAS","MIDTIDE",60,-42.77986,-65.00171,"COOLPIX AW130","Bigatti","INTERTIDAL",0,"50 X 50",0,"robot",NA
"25","AR_PM_PC_MT_20181105_Q05_Random.jpg",2018-11-05,"ROCKY SHORE","ARGENTINA","PUERTO MADRYN","PUNTA CUEVAS","MIDTIDE",60,-42.77986,-65.00171,"COOLPIX AW130","Bigatti","INTERTIDAL",0,"50 X 50",0,"robot",NA
"26","AR_PM_PC_MT_20181105_Q06_Random.jpg",2018-11-05,"ROCKY SHORE","ARGENTINA","PUERTO MADRYN","PUNTA CUEVAS","MIDTIDE",60,-42.77986,-65.00171,"COOLPIX AW130","Bigatti","INTERTIDAL",0,"50 X 50",0,"robot",NA
"27","AR_PM_PC_MT_20181105_Q07_Random.jpg",2018-11-05,"ROCKY SHORE","ARGENTINA","PUERTO MADRYN","PUNTA CUEVAS","MIDTIDE",60,-42.77986,-65.00171,"COOLPIX AW130","Bigatti","INTERTIDAL",0,"50 X 50",0,"robot",NA
"28","AR_PM_PC_MT_20181105_Q08_Random.jpg",2018-11-05,"ROCKY SHORE","ARGENTINA","PUERTO MADRYN","PUNTA CUEVAS","MIDTIDE",60,-42.77986,-65.00171,"COOLPIX AW130","Bigatti","INTERTIDAL",0,"50 X 50",0,"robot",NA
"29","AR_PM_PC_MT_20181105_Q09_Random.jpg",2018-11-05,"ROCKY SHORE","ARGENTINA","PUERTO MADRYN","PUNTA CUEVAS","MIDTIDE",60,-42.77986,-65.00171,"COOLPIX AW130","Bigatti","INTERTIDAL",0,"50 X 50",0,"robot",NA
"30","AR_PM_PC_MT_20181105_Q10_Random.jpg",2018-11-05,"ROCKY SHORE","ARGENTINA","PUERTO MADRYN","PUNTA CUEVAS","MIDTIDE",60,-42.77986,-65.00171,"COOLPIX AW130","Bigatti","INTERTIDAL",0,"50 X 50",0,"robot",NA
"31","AR_PM_PE_HT_20181025_Q01_Random.jpg",2018-10-25,"ROCKY SHORE","ARGENTINA","PUERTO MADRYN","PUNTA ESTE","HIGHTIDE",60,-42.78511,-64.95264,"COOLPIX AW130","Bigatti","INTERTIDAL",0,"50 X 50",0,"robot",NA
"32","AR_PM_PE_HT_20181025_Q02_Random.jpg",2018-10-25,"ROCKY SHORE","ARGENTINA","PUERTO MADRYN","PUNTA ESTE","HIGHTIDE",60,-42.78511,-64.95264,"COOLPIX AW130","Bigatti","INTERTIDAL",0,"50 X 50",0,"robot",NA
"33","AR_PM_PE_HT_20181025_Q03_Random.jpg",2018-10-25,"ROCKY SHORE","ARGENTINA","PUERTO MADRYN","PUNTA ESTE","HIGHTIDE",60,-42.78511,-64.95264,"COOLPIX AW130","Bigatti","INTERTIDAL",0,"50 X 50",0,"robot",NA
"34","AR_PM_PE_HT_20181025_Q04_Random.jpg",2018-10-25,"ROCKY SHORE","ARGENTINA","PUERTO MADRYN","PUNTA ESTE","HIGHTIDE",60,-42.78511,-64.95264,"COOLPIX AW130","Bigatti","INTERTIDAL",0,"50 X 50",0,"robot",NA
"35","AR_PM_PE_HT_20181025_Q05_Random.jpg",2018-10-25,"ROCKY SHORE","ARGENTINA","PUERTO MADRYN","PUNTA ESTE","HIGHTIDE",60,-42.78511,-64.95264,"COOLPIX AW130","Bigatti","INTERTIDAL",0,"50 X 50",0,"robot",NA
"36","AR_PM_PE_HT_20181025_Q06_Random.jpg",2018-10-25,"ROCKY SHORE","ARGENTINA","PUERTO MADRYN","PUNTA ESTE","HIGHTIDE",60,-42.78511,-64.95264,"COOLPIX AW130","Bigatti","INTERTIDAL",0,"50 X 50",0,"robot",NA
"37","AR_PM_PE_HT_20181025_Q07_Random.jpg",2018-10-25,"ROCKY SHORE","ARGENTINA","PUERTO MADRYN","PUNTA ESTE","HIGHTIDE",60,-42.78511,-64.95264,"COOLPIX AW130","Bigatti","INTERTIDAL",0,"50 X 50",0,"robot",NA
"38","AR_PM_PE_HT_20181025_Q08_Random.jpg",2018-10-25,"ROCKY SHORE","ARGENTINA","PUERTO MADRYN","PUNTA ESTE","HIGHTIDE",60,-42.78511,-64.95264,"COOLPIX AW130","Bigatti","INTERTIDAL",0,"50 X 50",0,"robot",NA
"39","AR_PM_PE_HT_20181025_Q09_Random.jpg",2018-10-25,"ROCKY SHORE","ARGENTINA","PUERTO MADRYN","PUNTA ESTE","HIGHTIDE",60,-42.78511,-64.95264,"COOLPIX AW130","Bigatti","INTERTIDAL",0,"50 X 50",0,"robot",NA
"40","AR_PM_PE_HT_20181025_Q10_Random.jpg",2018-10-25,"ROCKY SHORE","ARGENTINA","PUERTO MADRYN","PUNTA ESTE","HIGHTIDE",60,-42.78511,-64.95264,"COOLPIX AW130","Bigatti","INTERTIDAL",0,"50 X 50",0,"robot",NA
"41","AR_PM_PE_LT_20181025_Q01_Random.jpg",2018-10-25,"ROCKY SHORE","ARGENTINA","PUERTO MADRYN","PUNTA ESTE","LOWTIDE",60,-42.78511,-64.95264,"COOLPIX AW130","Bigatti","INTERTIDAL",0,"50 X 50",0,"robot",NA
"42","AR_PM_PE_LT_20181025_Q02_Random.jpg",2018-10-25,"ROCKY SHORE","ARGENTINA","PUERTO MADRYN","PUNTA ESTE","LOWTIDE",60,-42.78511,-64.95264,"COOLPIX AW130","Bigatti","INTERTIDAL",0,"50 X 50",0,"robot",NA
"43","AR_PM_PE_LT_20181025_Q03_Random.jpg",2018-10-25,"ROCKY SHORE","ARGENTINA","PUERTO MADRYN","PUNTA ESTE","LOWTIDE",60,-42.78511,-64.95264,"COOLPIX AW130","Bigatti","INTERTIDAL",0,"50 X 50",0,"robot",NA
"44","AR_PM_PE_LT_20181025_Q04_Random.jpg",2018-10-25,"ROCKY SHORE","ARGENTINA","PUERTO MADRYN","PUNTA ESTE","LOWTIDE",60,-42.78511,-64.95264,"COOLPIX AW130","Bigatti","INTERTIDAL",0,"50 X 50",0,"robot",NA
"45","AR_PM_PE_LT_20181025_Q05_Random.jpg",2018-10-25,"ROCKY SHORE","ARGENTINA","PUERTO MADRYN","PUNTA ESTE","LOWTIDE",60,-42.78511,-64.95264,"COOLPIX AW130","Bigatti","INTERTIDAL",0,"50 X 50",0,"robot",NA
"46","AR_PM_PE_LT_20181025_Q06_Random.jpg",2018-10-25,"ROCKY SHORE","ARGENTINA","PUERTO MADRYN","PUNTA ESTE","LOWTIDE",60,-42.78511,-64.95264,"COOLPIX AW130","Bigatti","INTERTIDAL",0,"50 X 50",0,"robot",NA
"47","AR_PM_PE_LT_20181025_Q07_Random.jpg",2018-10-25,"ROCKY SHORE","ARGENTINA","PUERTO MADRYN","PUNTA ESTE","LOWTIDE",60,-42.78511,-64.95264,"COOLPIX AW130","Bigatti","INTERTIDAL",0,"50 X 50",0,"robot",NA
"48","AR_PM_PE_LT_20181025_Q08_Random.jpg",2018-10-25,"ROCKY SHORE","ARGENTINA","PUERTO MADRYN","PUNTA ESTE","LOWTIDE",60,-42.78511,-64.95264,"COOLPIX AW130","Bigatti","INTERTIDAL",0,"50 X 50",0,"robot",NA
"49","AR_PM_PE_LT_20181025_Q09_Random.jpg",2018-10-25,"ROCKY SHORE","ARGENTINA","PUERTO MADRYN","PUNTA ESTE","LOWTIDE",60,-42.78511,-64.95264,"COOLPIX AW130","Bigatti","INTERTIDAL",0,"50 X 50",0,"robot",NA
"50","AR_PM_PE_LT_20181025_Q10_Random.jpg",2018-10-25,"ROCKY SHORE","ARGENTINA","PUERTO MADRYN","PUNTA ESTE","LOWTIDE",60,-42.78511,-64.95264,"COOLPIX AW130","Bigatti","INTERTIDAL",0,"50 X 50",0,"robot",NA
"51","AR_PM_PE_MT_20181025_Q01_Random.jpg",2018-10-25,"ROCKY SHORE","ARGENTINA","PUERTO MADRYN","PUNTA ESTE","MIDTIDE",60,-42.78511,-64.95264,"COOLPIX AW130","Bigatti","INTERTIDAL",0,"50 X 50",0,"robot",NA
"52","AR_PM_PE_MT_20181025_Q02_Random.jpg",2018-10-25,"ROCKY SHORE","ARGENTINA","PUERTO MADRYN","PUNTA ESTE","MIDTIDE",60,-42.78511,-64.95264,"COOLPIX AW130","Bigatti","INTERTIDAL",0,"50 X 50",0,"robot",NA
"53","AR_PM_PE_MT_20181025_Q03_Random.jpg",2018-10-25,"ROCKY SHORE","ARGENTINA","PUERTO MADRYN","PUNTA ESTE","MIDTIDE",60,-42.78511,-64.95264,"COOLPIX AW130","Bigatti","INTERTIDAL",0,"50 X 50",0,"robot",NA
"54","AR_PM_PE_MT_20181025_Q04_Random.jpg",2018-10-25,"ROCKY SHORE","ARGENTINA","PUERTO MADRYN","PUNTA ESTE","MIDTIDE",60,-42.78511,-64.95264,"COOLPIX AW130","Bigatti","INTERTIDAL",0,"50 X 50",0,"robot",NA
"55","AR_PM_PE_MT_20181025_Q05_Random.jpg",2018-10-25,"ROCKY SHORE","ARGENTINA","PUERTO MADRYN","PUNTA ESTE","MIDTIDE",60,-42.78511,-64.95264,"COOLPIX AW130","Bigatti","INTERTIDAL",0,"50 X 50",0,"robot",NA
"56","AR_PM_PE_MT_20181025_Q06_Random.jpg",2018-10-25,"ROCKY SHORE","ARGENTINA","PUERTO MADRYN","PUNTA ESTE","MIDTIDE",60,-42.78511,-64.95264,"COOLPIX AW130","Bigatti","INTERTIDAL",0,"50 X 50",0,"robot",NA
"57","AR_PM_PE_MT_20181025_Q07_Random.jpg",2018-10-25,"ROCKY SHORE","ARGENTINA","PUERTO MADRYN","PUNTA ESTE","MIDTIDE",60,-42.78511,-64.95264,"COOLPIX AW130","Bigatti","INTERTIDAL",0,"50 X 50",0,"robot",NA
"58","AR_PM_PE_MT_20181025_Q08_Random.jpg",2018-10-25,"ROCKY SHORE","ARGENTINA","PUERTO MADRYN","PUNTA ESTE","MIDTIDE",60,-42.78511,-64.95264,"COOLPIX AW130","Bigatti","INTERTIDAL",0,"50 X 50",0,"robot",NA
"59","AR_PM_PE_MT_20181025_Q09_Random.jpg",2018-10-25,"ROCKY SHORE","ARGENTINA","PUERTO MADRYN","PUNTA ESTE","MIDTIDE",60,-42.78511,-64.95264,"COOLPIX AW130","Bigatti","INTERTIDAL",0,"50 X 50",0,"robot",NA
"60","AR_PM_PE_MT_20181025_Q10_Random.jpg",2018-10-25,"ROCKY SHORE","ARGENTINA","PUERTO MADRYN","PUNTA ESTE","MIDTIDE",60,-42.78511,-64.95264,"COOLPIX AW130","Bigatti","INTERTIDAL",0,"50 X 50",0,"robot",NA
"61","AR_PM_PL_HT_20181026_Q01_Random.jpg",2018-10-26,"ROCKY SHORE","ARGENTINA","PUERTO MADRYN","PUNTA LOMA","HIGHTIDE",60,-42.8120275583333,-64.8917416066667,"COOLPIX AW130","Bigatti","INTERTIDAL",0,"50 X 50",0,"robot",NA
"62","AR_PM_PL_HT_20181026_Q02_Random.jpg",2018-10-26,"ROCKY SHORE","ARGENTINA","PUERTO MADRYN","PUNTA LOMA","HIGHTIDE",60,-42.8120275583333,-64.8917416066667,"COOLPIX AW130","Bigatti","INTERTIDAL",0,"50 X 50",0,"robot",NA
"63","AR_PM_PL_HT_20181026_Q03_Random.jpg",2018-10-26,"ROCKY SHORE","ARGENTINA","PUERTO MADRYN","PUNTA LOMA","HIGHTIDE",60,-42.8120275583333,-64.8917416066667,"COOLPIX AW130","Bigatti","INTERTIDAL",0,"50 X 50",0,"robot",NA
"64","AR_PM_PL_HT_20181026_Q04_Random.jpg",2018-10-26,"ROCKY SHORE","ARGENTINA","PUERTO MADRYN","PUNTA LOMA","HIGHTIDE",60,-42.8120275583333,-64.8917416066667,"COOLPIX AW130","Bigatti","INTERTIDAL",0,"50 X 50",0,"robot",NA
"65","AR_PM_PL_HT_20181026_Q05_Random.jpg",2018-10-26,"ROCKY SHORE","ARGENTINA","PUERTO MADRYN","PUNTA LOMA","HIGHTIDE",60,-42.8120275583333,-64.8917416066667,"COOLPIX AW130","Bigatti","INTERTIDAL",0,"50 X 50",0,"robot",NA
"66","AR_PM_PL_HT_20181026_Q06_Random.jpg",2018-10-26,"ROCKY SHORE","ARGENTINA","PUERTO MADRYN","PUNTA LOMA","HIGHTIDE",60,-42.8120275583333,-64.8917416066667,"COOLPIX AW130","Bigatti","INTERTIDAL",0,"50 X 50",0,"robot",NA
"67","AR_PM_PL_HT_20181026_Q07_Random.jpg",2018-10-26,"ROCKY SHORE","ARGENTINA","PUERTO MADRYN","PUNTA LOMA","HIGHTIDE",60,-42.8120275583333,-64.8917416066667,"COOLPIX AW130","Bigatti","INTERTIDAL",0,"50 X 50",0,"robot",NA
"68","AR_PM_PL_HT_20181026_Q08_Random.jpg",2018-10-26,"ROCKY SHORE","ARGENTINA","PUERTO MADRYN","PUNTA LOMA","HIGHTIDE",60,-42.8120275583333,-64.8917416066667,"COOLPIX AW130","Bigatti","INTERTIDAL",0,"50 X 50",0,"robot",NA
"69","AR_PM_PL_HT_20181026_Q09_Random.jpg",2018-10-26,"ROCKY SHORE","ARGENTINA","PUERTO MADRYN","PUNTA LOMA","HIGHTIDE",60,-42.8120275583333,-64.8917416066667,"COOLPIX AW130","Bigatti","INTERTIDAL",0,"50 X 50",0,"robot",NA
"70","AR_PM_PL_HT_20181026_Q10_Random.jpg",2018-10-26,"ROCKY SHORE","ARGENTINA","PUERTO MADRYN","PUNTA LOMA","HIGHTIDE",60,-42.8120275583333,-64.8917416066667,"COOLPIX AW130","Bigatti","INTERTIDAL",0,"50 X 50",0,"robot",NA
"71","AR_PM_PL_LT_20181026_Q01_Random.jpg",2018-10-26,"ROCKY SHORE","ARGENTINA","PUERTO MADRYN","PUNTA LOMA","LOWTIDE",60,-42.8120275583333,-64.8917416066667,"COOLPIX AW130","Bigatti","INTERTIDAL",0,"50 X 50",0,"robot",NA
"72","AR_PM_PL_LT_20181026_Q02_Random.jpg",2018-10-26,"ROCKY SHORE","ARGENTINA","PUERTO MADRYN","PUNTA LOMA","LOWTIDE",60,-42.8120275583333,-64.8917416066667,"COOLPIX AW130","Bigatti","INTERTIDAL",0,"50 X 50",0,"robot",NA
"73","AR_PM_PL_LT_20181026_Q03_Random.jpg",2018-10-26,"ROCKY SHORE","ARGENTINA","PUERTO MADRYN","PUNTA LOMA","LOWTIDE",60,-42.8120275583333,-64.8917416066667,"COOLPIX AW130","Bigatti","INTERTIDAL",0,"50 X 50",0,"robot",NA
"74","AR_PM_PL_LT_20181026_Q04_Random.jpg",2018-10-26,"ROCKY SHORE","ARGENTINA","PUERTO MADRYN","PUNTA LOMA","LOWTIDE",60,-42.8120275583333,-64.8917416066667,"COOLPIX AW130","Bigatti","INTERTIDAL",0,"50 X 50",0,"robot",NA
"75","AR_PM_PL_LT_20181026_Q05_Random.jpg",2018-10-26,"ROCKY SHORE","ARGENTINA","PUERTO MADRYN","PUNTA LOMA","LOWTIDE",60,-42.8120275583333,-64.8917416066667,"COOLPIX AW130","Bigatti","INTERTIDAL",0,"50 X 50",0,"robot",NA
"76","AR_PM_PL_LT_20181026_Q06_Random.jpg",2018-10-26,"ROCKY SHORE","ARGENTINA","PUERTO MADRYN","PUNTA LOMA","LOWTIDE",60,-42.8120275583333,-64.8917416066667,"COOLPIX AW130","Bigatti","INTERTIDAL",0,"50 X 50",0,"robot",NA
"77","AR_PM_PL_LT_20181026_Q07_Random.jpg",2018-10-26,"ROCKY SHORE","ARGENTINA","PUERTO MADRYN","PUNTA LOMA","LOWTIDE",60,-42.8120275583333,-64.8917416066667,"COOLPIX AW130","Bigatti","INTERTIDAL",0,"50 X 50",0,"robot",NA
"78","AR_PM_PL_LT_20181026_Q08_Random.jpg",2018-10-26,"ROCKY SHORE","ARGENTINA","PUERTO MADRYN","PUNTA LOMA","LOWTIDE",60,-42.8120275583333,-64.8917416066667,"COOLPIX AW130","Bigatti","INTERTIDAL",0,"50 X 50",0,"robot",NA
"79","AR_PM_PL_LT_20181026_Q09_Random.jpg",2018-10-26,"ROCKY SHORE","ARGENTINA","PUERTO MADRYN","PUNTA LOMA","LOWTIDE",60,-42.8120275583333,-64.8917416066667,"COOLPIX AW130","Bigatti","INTERTIDAL",0,"50 X 50",0,"robot",NA
"80","AR_PM_PL_LT_20181026_Q10_Random.jpg",2018-10-26,"ROCKY SHORE","ARGENTINA","PUERTO MADRYN","PUNTA LOMA","LOWTIDE",60,-42.8120275583333,-64.8917416066667,"COOLPIX AW130","Bigatti","INTERTIDAL",0,"50 X 50",0,"robot",NA
"81","AR_PM_PL_MT_20181026_Q01_Random.jpg",2018-10-26,"ROCKY SHORE","ARGENTINA","PUERTO MADRYN","PUNTA LOMA","MIDTIDE",60,-42.8120275583333,-64.8917416066667,"COOLPIX AW130","Bigatti","INTERTIDAL",0,"50 X 50",0,"robot",NA
"82","AR_PM_PL_MT_20181026_Q02_Random.jpg",2018-10-26,"ROCKY SHORE","ARGENTINA","PUERTO MADRYN","PUNTA LOMA","MIDTIDE",60,-42.8120275583333,-64.8917416066667,"COOLPIX AW130","Bigatti","INTERTIDAL",0,"50 X 50",0,"robot",NA
"83","AR_PM_PL_MT_20181026_Q03_Random.jpg",2018-10-26,"ROCKY SHORE","ARGENTINA","PUERTO MADRYN","PUNTA LOMA","MIDTIDE",60,-42.8120275583333,-64.8917416066667,"COOLPIX AW130","Bigatti","INTERTIDAL",0,"50 X 50",0,"robot",NA
"84","AR_PM_PL_MT_20181026_Q04_Random.jpg",2018-10-26,"ROCKY SHORE","ARGENTINA","PUERTO MADRYN","PUNTA LOMA","MIDTIDE",60,-42.8120275583333,-64.8917416066667,"COOLPIX AW130","Bigatti","INTERTIDAL",0,"50 X 50",0,"robot",NA
"85","AR_PM_PL_MT_20181026_Q05_Random.jpg",2018-10-26,"ROCKY SHORE","ARGENTINA","PUERTO MADRYN","PUNTA LOMA","MIDTIDE",60,-42.8120275583333,-64.8917416066667,"COOLPIX AW130","Bigatti","INTERTIDAL",0,"50 X 50",0,"robot",NA
"86","AR_PM_PL_MT_20181026_Q06_Random.jpg",2018-10-26,"ROCKY SHORE","ARGENTINA","PUERTO MADRYN","PUNTA LOMA","MIDTIDE",60,-42.8120275583333,-64.8917416066667,"COOLPIX AW130","Bigatti","INTERTIDAL",0,"50 X 50",0,"robot",NA
"87","AR_PM_PL_MT_20181026_Q07_Random.jpg",2018-10-26,"ROCKY SHORE","ARGENTINA","PUERTO MADRYN","PUNTA LOMA","MIDTIDE",60,-42.8120275583333,-64.8917416066667,"COOLPIX AW130","Bigatti","INTERTIDAL",0,"50 X 50",0,"robot",NA
"88","AR_PM_PL_MT_20181026_Q08_Random.jpg",2018-10-26,"ROCKY SHORE","ARGENTINA","PUERTO MADRYN","PUNTA LOMA","MIDTIDE",60,-42.8120275583333,-64.8917416066667,"COOLPIX AW130","Bigatti","INTERTIDAL",0,"50 X 50",0,"robot",NA
"89","AR_PM_PL_MT_20181026_Q09_Random.jpg",2018-10-26,"ROCKY SHORE","ARGENTINA","PUERTO MADRYN","PUNTA LOMA","MIDTIDE",60,-42.8120275583333,-64.8917416066667,"COOLPIX AW130","Bigatti","INTERTIDAL",0,"50 X 50",0,"robot",NA
"90","AR_PM_PL_MT_20181026_Q10_Random.jpg",2018-10-26,"ROCKY SHORE","ARGENTINA","PUERTO MADRYN","PUNTA LOMA","MIDTIDE",60,-42.8120275583333,-64.8917416066667,"COOLPIX AW130","Bigatti","INTERTIDAL",0,"50 X 50",0,"robot",NA
"91","CO_GI_LM_HT_20181014_Q01_Random.jpg",2018-10-14,"ROCKY SHORE","COLOMBIA","GORGONA ISLAND","LA MANCORA","HIGHTIDE",60,NA,NA,"Canon PowerShot G16","Londoño-Cruz","COLOMBIA",NA,"50 X 50",0,"robot",NA
"92","CO_GI_LM_HT_20181014_Q02_Random.jpg",2018-10-14,"ROCKY SHORE","COLOMBIA","GORGONA ISLAND","LA MANCORA","HIGHTIDE",60,NA,NA,"Canon PowerShot G16","Londoño-Cruz","COLOMBIA",NA,"50 X 50",0,"robot",NA
"93","CO_GI_LM_HT_20181014_Q03_Random.jpg",2018-10-14,"ROCKY SHORE","COLOMBIA","GORGONA ISLAND","LA MANCORA","HIGHTIDE",60,NA,NA,"Canon PowerShot G16","Londoño-Cruz","COLOMBIA",NA,"50 X 50",0,"robot",NA
"94","CO_GI_LM_HT_20181014_Q04_Random.jpg",2018-10-14,"ROCKY SHORE","COLOMBIA","GORGONA ISLAND","LA MANCORA","HIGHTIDE",60,NA,NA,"Canon PowerShot G16","Londoño-Cruz","COLOMBIA",NA,"50 X 50",0,"robot",NA
"95","CO_GI_LM_HT_20181014_Q05_Random.jpg",2018-10-14,"ROCKY SHORE","COLOMBIA","GORGONA ISLAND","LA MANCORA","HIGHTIDE",60,NA,NA,"Canon PowerShot G16","Londoño-Cruz","COLOMBIA",NA,"50 X 50",0,"robot",NA
"96","CO_GI_LM_HT_20181014_Q06_Random.jpg",2018-10-14,"ROCKY SHORE","COLOMBIA","GORGONA ISLAND","LA MANCORA","HIGHTIDE",60,NA,NA,"Canon PowerShot G16","Londoño-Cruz","COLOMBIA",NA,"50 X 50",0,"robot",NA
"97","CO_GI_LM_HT_20181014_Q07_Random.jpg",2018-10-14,"ROCKY SHORE","COLOMBIA","GORGONA ISLAND","LA MANCORA","HIGHTIDE",60,NA,NA,"Canon PowerShot G16","Londoño-Cruz","COLOMBIA",NA,"50 X 50",1,"robot",NA
"98","CO_GI_LM_HT_20181014_Q08_Random.jpg",2018-10-14,"ROCKY SHORE","COLOMBIA","GORGONA ISLAND","LA MANCORA","HIGHTIDE",60,NA,NA,"Canon PowerShot G16","Londoño-Cruz","COLOMBIA",NA,"50 X 50",1,"robot",NA
"99","CO_GI_LM_HT_20181014_Q09_Random.jpg",2018-10-14,"ROCKY SHORE","COLOMBIA","GORGONA ISLAND","LA MANCORA","HIGHTIDE",60,NA,NA,"Canon PowerShot G16","Londoño-Cruz","COLOMBIA",NA,"50 X 50",1,"robot",NA
"100","CO_GI_LM_HT_20181014_Q10_Random.jpg",2018-10-14,"ROCKY SHORE","COLOMBIA","GORGONA ISLAND","LA MANCORA","HIGHTIDE",60,NA,NA,"Canon PowerShot G16","Londoño-Cruz","COLOMBIA",NA,"50 X 50",1,"robot",NA
"101","CO_GI_LM_LT_20181014_Q01_Random.jpg",2018-10-13,"ROCKY SHORE","COLOMBIA","GORGONA ISLAND","LA MANCORA","LOWTIDE",60,NA,NA,"Canon PowerShot G16","Londoño-Cruz","COLOMBIA",NA,"50 X 50",0,"robot",NA
"102","CO_GI_LM_LT_20181014_Q02_Random.jpg",2018-10-13,"ROCKY SHORE","COLOMBIA","GORGONA ISLAND","LA MANCORA","LOWTIDE",60,NA,NA,"Canon PowerShot G16","Londoño-Cruz","COLOMBIA",NA,"50 X 50",0,"robot",NA
"103","CO_GI_LM_LT_20181014_Q03_Random.jpg",2018-10-13,"ROCKY SHORE","COLOMBIA","GORGONA ISLAND","LA MANCORA","LOWTIDE",60,NA,NA,"Canon PowerShot G16","Londoño-Cruz","COLOMBIA",NA,"50 X 50",0,"robot",NA
"104","CO_GI_LM_LT_20181014_Q04_Random.jpg",2018-10-13,"ROCKY SHORE","COLOMBIA","GORGONA ISLAND","LA MANCORA","LOWTIDE",60,NA,NA,"Canon PowerShot G16","Londoño-Cruz","COLOMBIA",NA,"50 X 50",0,"robot",NA
"105","CO_GI_LM_LT_20181014_Q05_Random.jpg",2018-10-13,"ROCKY SHORE","COLOMBIA","GORGONA ISLAND","LA MANCORA","LOWTIDE",60,NA,NA,"Canon PowerShot G16","Londoño-Cruz","COLOMBIA",NA,"50 X 50",0,"robot",NA
"106","CO_GI_LM_LT_20181014_Q06_Random.jpg",2018-10-13,"ROCKY SHORE","COLOMBIA","GORGONA ISLAND","LA MANCORA","LOWTIDE",60,NA,NA,"Canon PowerShot G16","Londoño-Cruz","COLOMBIA",NA,"50 X 50",0,"robot",NA
"107","CO_GI_LM_LT_20181014_Q07_Random.jpg",2018-10-13,"ROCKY SHORE","COLOMBIA","GORGONA ISLAND","LA MANCORA","LOWTIDE",60,NA,NA,"Canon PowerShot G16","Londoño-Cruz","COLOMBIA",NA,"50 X 50",0,"robot",NA
"108","CO_GI_LM_LT_20181014_Q08_Random.jpg",2018-10-13,"ROCKY SHORE","COLOMBIA","GORGONA ISLAND","LA MANCORA","LOWTIDE",60,NA,NA,"Canon PowerShot G16","Londoño-Cruz","COLOMBIA",NA,"50 X 50",0,"robot",NA
"109","CO_GI_LM_LT_20181014_Q09_Random.jpg",2018-10-13,"ROCKY SHORE","COLOMBIA","GORGONA ISLAND","LA MANCORA","LOWTIDE",60,NA,NA,"Canon PowerShot G16","Londoño-Cruz","COLOMBIA",NA,"50 X 50",0,"robot",NA
"110","CO_GI_LM_LT_20181014_Q10_Random.jpg",2018-10-13,"ROCKY SHORE","COLOMBIA","GORGONA ISLAND","LA MANCORA","LOWTIDE",60,NA,NA,"Canon PowerShot G16","Londoño-Cruz","COLOMBIA",NA,"50 X 50",0,"robot",NA
"111","CO_GI_LM_MT_20181014_Q01_Random.jpg",2018-10-13,"ROCKY SHORE","COLOMBIA","GORGONA ISLAND","LA MANCORA","MIDTIDE",60,NA,NA,"Canon PowerShot G16","Londoño-Cruz","COLOMBIA",NA,"50 X 50",0,"robot",NA
"112","CO_GI_LM_MT_20181014_Q02_Random.jpg",2018-10-13,"ROCKY SHORE","COLOMBIA","GORGONA ISLAND","LA MANCORA","MIDTIDE",60,NA,NA,"Canon PowerShot G16","Londoño-Cruz","COLOMBIA",NA,"50 X 50",0,"robot",NA
"113","CO_GI_LM_MT_20181014_Q03_Random.jpg",2018-10-13,"ROCKY SHORE","COLOMBIA","GORGONA ISLAND","LA MANCORA","MIDTIDE",60,NA,NA,"Canon PowerShot G16","Londoño-Cruz","COLOMBIA",NA,"50 X 50",0,"robot",NA
"114","CO_GI_LM_MT_20181014_Q04_Random.jpg",2018-10-13,"ROCKY SHORE","COLOMBIA","GORGONA ISLAND","LA MANCORA","MIDTIDE",60,NA,NA,"Canon PowerShot G16","Londoño-Cruz","COLOMBIA",NA,"50 X 50",0,"robot",NA
"115","CO_GI_LM_MT_20181014_Q05_Random.jpg",2018-10-13,"ROCKY SHORE","COLOMBIA","GORGONA ISLAND","LA MANCORA","MIDTIDE",60,NA,NA,"Canon PowerShot G16","Londoño-Cruz","COLOMBIA",NA,"50 X 50",0,"robot",NA
"116","CO_GI_LM_MT_20181014_Q06_Random.jpg",2018-10-13,"ROCKY SHORE","COLOMBIA","GORGONA ISLAND","LA MANCORA","MIDTIDE",60,NA,NA,"Canon PowerShot G16","Londoño-Cruz","COLOMBIA",NA,"50 X 50",0,"robot",NA
"117","CO_GI_LM_MT_20181014_Q07_Random.jpg",2018-10-13,"ROCKY SHORE","COLOMBIA","GORGONA ISLAND","LA MANCORA","MIDTIDE",60,NA,NA,"Canon PowerShot G16","Londoño-Cruz","COLOMBIA",NA,"50 X 50",0,"robot",NA
"118","CO_GI_LM_MT_20181014_Q08_Random.jpg",2018-10-13,"ROCKY SHORE","COLOMBIA","GORGONA ISLAND","LA MANCORA","MIDTIDE",60,NA,NA,"Canon PowerShot G16","Londoño-Cruz","COLOMBIA",NA,"50 X 50",0,"robot",NA
"119","CO_GI_LM_MT_20181014_Q09_Random.jpg",2018-10-13,"ROCKY SHORE","COLOMBIA","GORGONA ISLAND","LA MANCORA","MIDTIDE",60,NA,NA,"Canon PowerShot G16","Londoño-Cruz","COLOMBIA",NA,"50 X 50",0,"robot",NA
"120","CO_GI_LM_MT_20181014_Q10_Random.jpg",2018-10-13,"ROCKY SHORE","COLOMBIA","GORGONA ISLAND","LA MANCORA","MIDTIDE",60,NA,NA,"Canon PowerShot G16","Londoño-Cruz","COLOMBIA",NA,"50 X 50",0,"robot",NA
"121","CO_GI_LV_HT_20181010_Q01_Random.jpg",2018-10-10,"ROCKY SHORE","COLOMBIA","GORGONA ISLAND","LA VENTANA","HIGHTIDE",60,NA,NA,"Canon PowerShot G16","Londoño-Cruz","COLOMBIA",NA,"50 X 50",0,"robot",NA
"122","CO_GI_LV_HT_20181010_Q02_Random.jpg",2018-10-10,"ROCKY SHORE","COLOMBIA","GORGONA ISLAND","LA VENTANA","HIGHTIDE",60,NA,NA,"Canon PowerShot G16","Londoño-Cruz","COLOMBIA",NA,"50 X 50",0,"robot",NA
"123","CO_GI_LV_HT_20181010_Q03_Random.jpg",2018-10-10,"ROCKY SHORE","COLOMBIA","GORGONA ISLAND","LA VENTANA","HIGHTIDE",60,NA,NA,"Canon PowerShot G16","Londoño-Cruz","COLOMBIA",NA,"50 X 50",0,"robot",NA
"124","CO_GI_LV_HT_20181010_Q04_Random.jpg",2018-10-10,"ROCKY SHORE","COLOMBIA","GORGONA ISLAND","LA VENTANA","HIGHTIDE",60,NA,NA,"Canon PowerShot G16","Londoño-Cruz","COLOMBIA",NA,"50 X 50",0,"robot",NA
"125","CO_GI_LV_HT_20181010_Q05_Random.jpg",2018-10-10,"ROCKY SHORE","COLOMBIA","GORGONA ISLAND","LA VENTANA","HIGHTIDE",60,NA,NA,"Canon PowerShot G16","Londoño-Cruz","COLOMBIA",NA,"50 X 50",0,"robot",NA
"126","CO_GI_LV_HT_20181010_Q06_Random.jpg",2018-10-10,"ROCKY SHORE","COLOMBIA","GORGONA ISLAND","LA VENTANA","HIGHTIDE",60,NA,NA,"Canon PowerShot G16","Londoño-Cruz","COLOMBIA",NA,"50 X 50",0,"robot",NA
"127","CO_GI_LV_HT_20181010_Q07_Random.jpg",2018-10-10,"ROCKY SHORE","COLOMBIA","GORGONA ISLAND","LA VENTANA","HIGHTIDE",60,NA,NA,"Canon PowerShot G16","Londoño-Cruz","COLOMBIA",NA,"50 X 50",0,"robot",NA
"128","CO_GI_LV_HT_20181010_Q08_Random.jpg",2018-10-10,"ROCKY SHORE","COLOMBIA","GORGONA ISLAND","LA VENTANA","HIGHTIDE",60,NA,NA,"Canon PowerShot G16","Londoño-Cruz","COLOMBIA",NA,"50 X 50",0,"robot",NA
"129","CO_GI_LV_HT_20181010_Q09_Random.jpg",2018-10-10,"ROCKY SHORE","COLOMBIA","GORGONA ISLAND","LA VENTANA","HIGHTIDE",60,NA,NA,"Canon PowerShot G16","Londoño-Cruz","COLOMBIA",NA,"50 X 50",0,"robot",NA
"130","CO_GI_LV_HT_20181010_Q10_Random.jpg",2018-10-10,"ROCKY SHORE","COLOMBIA","GORGONA ISLAND","LA VENTANA","HIGHTIDE",60,NA,NA,"Canon PowerShot G16","Londoño-Cruz","COLOMBIA",NA,"50 X 50",0,"robot",NA
"131","CO_GI_LV_LT_20181011_Q01_Random.jpg",2018-10-11,"ROCKY SHORE","COLOMBIA","GORGONA ISLAND","LA VENTANA","LOWTIDE",60,NA,NA,"Canon PowerShot G16","Londoño-Cruz","COLOMBIA",NA,"50 X 50",0,"robot",NA
"132","CO_GI_LV_LT_20181011_Q02_Random.jpg",2018-10-11,"ROCKY SHORE","COLOMBIA","GORGONA ISLAND","LA VENTANA","LOWTIDE",60,NA,NA,"Canon PowerShot G16","Londoño-Cruz","COLOMBIA",NA,"50 X 50",0,"robot",NA
"133","CO_GI_LV_LT_20181011_Q03_Random.jpg",2018-10-11,"ROCKY SHORE","COLOMBIA","GORGONA ISLAND","LA VENTANA","LOWTIDE",60,NA,NA,"Canon PowerShot G16","Londoño-Cruz","COLOMBIA",NA,"50 X 50",0,"robot",NA
"134","CO_GI_LV_LT_20181011_Q04_Random.jpg",2018-10-11,"ROCKY SHORE","COLOMBIA","GORGONA ISLAND","LA VENTANA","LOWTIDE",60,NA,NA,"Canon PowerShot G16","Londoño-Cruz","COLOMBIA",NA,"50 X 50",0,"robot",NA
"135","CO_GI_LV_LT_20181011_Q05_Random.jpg",2018-10-11,"ROCKY SHORE","COLOMBIA","GORGONA ISLAND","LA VENTANA","LOWTIDE",60,NA,NA,"Canon PowerShot G16","Londoño-Cruz","COLOMBIA",NA,"50 X 50",0,"robot",NA
"136","CO_GI_LV_LT_20181011_Q06_Random.jpg",2018-10-11,"ROCKY SHORE","COLOMBIA","GORGONA ISLAND","LA VENTANA","LOWTIDE",60,NA,NA,"Canon PowerShot G16","Londoño-Cruz","COLOMBIA",NA,"50 X 50",0,"robot",NA
"137","CO_GI_LV_LT_20181011_Q07_Random.jpg",2018-10-11,"ROCKY SHORE","COLOMBIA","GORGONA ISLAND","LA VENTANA","LOWTIDE",60,NA,NA,"Canon PowerShot G16","Londoño-Cruz","COLOMBIA",NA,"50 X 50",0,"robot",NA
"138","CO_GI_LV_LT_20181011_Q08_Random.jpg",2018-10-11,"ROCKY SHORE","COLOMBIA","GORGONA ISLAND","LA VENTANA","LOWTIDE",60,NA,NA,"Canon PowerShot G16","Londoño-Cruz","COLOMBIA",NA,"50 X 50",0,"robot",NA
"139","CO_GI_LV_LT_20181011_Q09_Random.jpg",2018-10-11,"ROCKY SHORE","COLOMBIA","GORGONA ISLAND","LA VENTANA","LOWTIDE",60,NA,NA,"Canon PowerShot G16","Londoño-Cruz","COLOMBIA",NA,"50 X 50",0,"robot",NA
"140","CO_GI_LV_LT_20181011_Q10_Random.jpg",2018-10-11,"ROCKY SHORE","COLOMBIA","GORGONA ISLAND","LA VENTANA","LOWTIDE",60,NA,NA,"Canon PowerShot G16","Londoño-Cruz","COLOMBIA",NA,"50 X 50",0,"robot",NA
"141","CO_GI_LV_MT_20181010_Q01_Random.jpg",2018-10-10,"ROCKY SHORE","COLOMBIA","GORGONA ISLAND","LA VENTANA","MIDTIDE",60,NA,NA,"Canon PowerShot G16","Londoño-Cruz","COLOMBIA",NA,"50 X 50",0,"robot",NA
"142","CO_GI_LV_MT_20181010_Q02_Random.jpg",2018-10-10,"ROCKY SHORE","COLOMBIA","GORGONA ISLAND","LA VENTANA","MIDTIDE",60,NA,NA,"Canon PowerShot G16","Londoño-Cruz","COLOMBIA",NA,"50 X 50",0,"robot",NA
"143","CO_GI_LV_MT_20181010_Q03_Random.jpg",2018-10-10,"ROCKY SHORE","COLOMBIA","GORGONA ISLAND","LA VENTANA","MIDTIDE",60,NA,NA,"Canon PowerShot G16","Londoño-Cruz","COLOMBIA",NA,"50 X 50",0,"robot",NA
"144","CO_GI_LV_MT_20181010_Q04_Random.jpg",2018-10-10,"ROCKY SHORE","COLOMBIA","GORGONA ISLAND","LA VENTANA","MIDTIDE",60,NA,NA,"Canon PowerShot G16","Londoño-Cruz","COLOMBIA",NA,"50 X 50",0,"robot",NA
"145","CO_GI_LV_MT_20181010_Q05_Random.jpg",2018-10-10,"ROCKY SHORE","COLOMBIA","GORGONA ISLAND","LA VENTANA","MIDTIDE",60,NA,NA,"Canon PowerShot G16","Londoño-Cruz","COLOMBIA",NA,"50 X 50",0,"robot",NA
"146","CO_GI_LV_MT_20181010_Q06_Random.jpg",2018-10-10,"ROCKY SHORE","COLOMBIA","GORGONA ISLAND","LA VENTANA","MIDTIDE",60,NA,NA,"Canon PowerShot G16","Londoño-Cruz","COLOMBIA",NA,"50 X 50",0,"robot",NA
"147","CO_GI_LV_MT_20181010_Q07_Random.jpg",2018-10-10,"ROCKY SHORE","COLOMBIA","GORGONA ISLAND","LA VENTANA","MIDTIDE",60,NA,NA,"Canon PowerShot G16","Londoño-Cruz","COLOMBIA",NA,"50 X 50",0,"robot",NA
"148","CO_GI_LV_MT_20181010_Q08_Random.jpg",2018-10-10,"ROCKY SHORE","COLOMBIA","GORGONA ISLAND","LA VENTANA","MIDTIDE",60,NA,NA,"Canon PowerShot G16","Londoño-Cruz","COLOMBIA",NA,"50 X 50",0,"robot",NA
"149","CO_GI_LV_MT_20181010_Q09_Random.jpg",2018-10-10,"ROCKY SHORE","COLOMBIA","GORGONA ISLAND","LA VENTANA","MIDTIDE",60,NA,NA,"Canon PowerShot G16","Londoño-Cruz","COLOMBIA",NA,"50 X 50",0,"robot",NA
"150","CO_GI_LV_MT_20181010_Q10_Random.jpg",2018-10-10,"ROCKY SHORE","COLOMBIA","GORGONA ISLAND","LA VENTANA","MIDTIDE",60,NA,NA,"Canon PowerShot G16","Londoño-Cruz","COLOMBIA",NA,"50 X 50",0,"robot",NA
"151","CO_GI_PV_HT_20181012_Q01_Random.jpg",2018-10-12,"ROCKY SHORE","COLOMBIA","GORGONA ISLAND","PLAYA VERDE","HIGHTIDE",60,NA,NA,"Canon PowerShot G16","Londoño-Cruz","COLOMBIA",NA,"50 X 50",0,"robot",NA
"152","CO_GI_PV_HT_20181012_Q02_Random.jpg",2018-10-12,"ROCKY SHORE","COLOMBIA","GORGONA ISLAND","PLAYA VERDE","HIGHTIDE",60,NA,NA,"Canon PowerShot G16","Londoño-Cruz","COLOMBIA",NA,"50 X 50",0,"robot",NA
"153","CO_GI_PV_HT_20181012_Q03_Random.jpg",2018-10-12,"ROCKY SHORE","COLOMBIA","GORGONA ISLAND","PLAYA VERDE","HIGHTIDE",60,NA,NA,"Canon PowerShot G16","Londoño-Cruz","COLOMBIA",NA,"50 X 50",0,"robot",NA
"154","CO_GI_PV_HT_20181012_Q04_Random.jpg",2018-10-12,"ROCKY SHORE","COLOMBIA","GORGONA ISLAND","PLAYA VERDE","HIGHTIDE",60,NA,NA,"Canon PowerShot G16","Londoño-Cruz","COLOMBIA",NA,"50 X 50",0,"robot",NA
"155","CO_GI_PV_HT_20181012_Q05_Random.jpg",2018-10-12,"ROCKY SHORE","COLOMBIA","GORGONA ISLAND","PLAYA VERDE","HIGHTIDE",60,NA,NA,"Canon PowerShot G16","Londoño-Cruz","COLOMBIA",NA,"50 X 50",0,"robot",NA
"156","CO_GI_PV_HT_20181012_Q06_Random.jpg",2018-10-12,"ROCKY SHORE","COLOMBIA","GORGONA ISLAND","PLAYA VERDE","HIGHTIDE",60,NA,NA,"Canon PowerShot G16","Londoño-Cruz","COLOMBIA",NA,"50 X 50",0,"robot",NA
"157","CO_GI_PV_HT_20181012_Q07_Random.jpg",2018-10-12,"ROCKY SHORE","COLOMBIA","GORGONA ISLAND","PLAYA VERDE","HIGHTIDE",60,NA,NA,"Canon PowerShot G16","Londoño-Cruz","COLOMBIA",NA,"50 X 50",0,"robot",NA
"158","CO_GI_PV_HT_20181012_Q08_Random.jpg",2018-10-12,"ROCKY SHORE","COLOMBIA","GORGONA ISLAND","PLAYA VERDE","HIGHTIDE",60,NA,NA,"Canon PowerShot G16","Londoño-Cruz","COLOMBIA",NA,"50 X 50",0,"robot",NA
"159","CO_GI_PV_HT_20181012_Q09_Random.jpg",2018-10-12,"ROCKY SHORE","COLOMBIA","GORGONA ISLAND","PLAYA VERDE","HIGHTIDE",60,NA,NA,"Canon PowerShot G16","Londoño-Cruz","COLOMBIA",NA,"50 X 50",0,"robot",NA
"160","CO_GI_PV_HT_20181012_Q10_Random.jpg",2018-10-12,"ROCKY SHORE","COLOMBIA","GORGONA ISLAND","PLAYA VERDE","HIGHTIDE",60,NA,NA,"Canon PowerShot G16","Londoño-Cruz","COLOMBIA",NA,"50 X 50",0,"robot",NA
"161","CO_GI_PV_LT_20181012_Q01_Random.jpg",2018-10-14,"ROCKY SHORE","COLOMBIA","GORGONA ISLAND","PLAYA VERDE","LOWTIDE",60,NA,NA,"Canon PowerShot G16","Londoño-Cruz","COLOMBIA",NA,"50 X 50",0,"robot",NA
"162","CO_GI_PV_LT_20181012_Q02_Random.jpg",2018-10-14,"ROCKY SHORE","COLOMBIA","GORGONA ISLAND","PLAYA VERDE","LOWTIDE",60,NA,NA,"Canon PowerShot G16","Londoño-Cruz","COLOMBIA",NA,"50 X 50",0,"robot",NA
"163","CO_GI_PV_LT_20181012_Q03_Random.jpg",2018-10-14,"ROCKY SHORE","COLOMBIA","GORGONA ISLAND","PLAYA VERDE","LOWTIDE",60,NA,NA,"Canon PowerShot G16","Londoño-Cruz","COLOMBIA",NA,"50 X 50",0,"robot",NA
"164","CO_GI_PV_LT_20181012_Q04_Random.jpg",2018-10-14,"ROCKY SHORE","COLOMBIA","GORGONA ISLAND","PLAYA VERDE","LOWTIDE",60,NA,NA,"Canon PowerShot G16","Londoño-Cruz","COLOMBIA",NA,"50 X 50",0,"robot",NA
"165","CO_GI_PV_LT_20181012_Q05_Random.jpg",2018-10-14,"ROCKY SHORE","COLOMBIA","GORGONA ISLAND","PLAYA VERDE","LOWTIDE",60,NA,NA,"Canon PowerShot G16","Londoño-Cruz","COLOMBIA",NA,"50 X 50",0,"robot",NA
"166","CO_GI_PV_LT_20181012_Q06_Random.jpg",2018-10-14,"ROCKY SHORE","COLOMBIA","GORGONA ISLAND","PLAYA VERDE","LOWTIDE",60,NA,NA,"Canon PowerShot G16","Londoño-Cruz","COLOMBIA",NA,"50 X 50",0,"robot",NA
"167","CO_GI_PV_LT_20181012_Q07_Random.jpg",2018-10-14,"ROCKY SHORE","COLOMBIA","GORGONA ISLAND","PLAYA VERDE","LOWTIDE",60,NA,NA,"Canon PowerShot G16","Londoño-Cruz","COLOMBIA",NA,"50 X 50",0,"robot",NA
"168","CO_GI_PV_LT_20181012_Q08_Random.jpg",2018-10-14,"ROCKY SHORE","COLOMBIA","GORGONA ISLAND","PLAYA VERDE","LOWTIDE",60,NA,NA,"Canon PowerShot G16","Londoño-Cruz","COLOMBIA",NA,"50 X 50",0,"robot",NA
"169","CO_GI_PV_LT_20181012_Q09_Random.jpg",2018-10-14,"ROCKY SHORE","COLOMBIA","GORGONA ISLAND","PLAYA VERDE","LOWTIDE",60,NA,NA,"Canon PowerShot G16","Londoño-Cruz","COLOMBIA",NA,"50 X 50",0,"robot",NA
"170","CO_GI_PV_LT_20181012_Q10_Random.jpg",2018-10-14,"ROCKY SHORE","COLOMBIA","GORGONA ISLAND","PLAYA VERDE","LOWTIDE",60,NA,NA,"Canon PowerShot G16","Londoño-Cruz","COLOMBIA",NA,"50 X 50",0,"robot",NA
"171","CO_GI_PV_MT_20181012_Q01_Random.jpg",2018-10-12,"ROCKY SHORE","COLOMBIA","GORGONA ISLAND","PLAYA VERDE","MIDTIDE",60,NA,NA,"Canon PowerShot G16","Londoño-Cruz","COLOMBIA",NA,"50 X 50",0,"robot",NA
"172","CO_GI_PV_MT_20181012_Q02_Random.jpg",2018-10-12,"ROCKY SHORE","COLOMBIA","GORGONA ISLAND","PLAYA VERDE","MIDTIDE",60,NA,NA,"Canon PowerShot G16","Londoño-Cruz","COLOMBIA",NA,"50 X 50",0,"robot",NA
"173","CO_GI_PV_MT_20181012_Q03_Random.jpg",2018-10-12,"ROCKY SHORE","COLOMBIA","GORGONA ISLAND","PLAYA VERDE","MIDTIDE",60,NA,NA,"Canon PowerShot G16","Londoño-Cruz","COLOMBIA",NA,"50 X 50",0,"robot",NA
"174","CO_GI_PV_MT_20181012_Q04_Random.jpg",2018-10-12,"ROCKY SHORE","COLOMBIA","GORGONA ISLAND","PLAYA VERDE","MIDTIDE",60,NA,NA,"Canon PowerShot G16","Londoño-Cruz","COLOMBIA",NA,"50 X 50",0,"robot",NA
"175","CO_GI_PV_MT_20181012_Q05_Random.jpg",2018-10-12,"ROCKY SHORE","COLOMBIA","GORGONA ISLAND","PLAYA VERDE","MIDTIDE",60,NA,NA,"Canon PowerShot G16","Londoño-Cruz","COLOMBIA",NA,"50 X 50",0,"robot",NA
"176","CO_GI_PV_MT_20181012_Q06_Random.jpg",2018-10-12,"ROCKY SHORE","COLOMBIA","GORGONA ISLAND","PLAYA VERDE","MIDTIDE",60,NA,NA,"Canon PowerShot G16","Londoño-Cruz","COLOMBIA",NA,"50 X 50",0,"robot",NA
"177","CO_GI_PV_MT_20181012_Q07_Random.jpg",2018-10-12,"ROCKY SHORE","COLOMBIA","GORGONA ISLAND","PLAYA VERDE","MIDTIDE",60,NA,NA,"Canon PowerShot G16","Londoño-Cruz","COLOMBIA",NA,"50 X 50",0,"robot",NA
"178","CO_GI_PV_MT_20181012_Q08_Random.jpg",2018-10-12,"ROCKY SHORE","COLOMBIA","GORGONA ISLAND","PLAYA VERDE","MIDTIDE",60,NA,NA,"Canon PowerShot G16","Londoño-Cruz","COLOMBIA",NA,"50 X 50",0,"robot",NA
"179","CO_GI_PV_MT_20181012_Q09_Random.jpg",2018-10-12,"ROCKY SHORE","COLOMBIA","GORGONA ISLAND","PLAYA VERDE","MIDTIDE",60,NA,NA,"Canon PowerShot G16","Londoño-Cruz","COLOMBIA",NA,"50 X 50",0,"robot",NA
"180","CO_GI_PV_MT_20181012_Q10_Random.jpg",2018-10-12,"ROCKY SHORE","COLOMBIA","GORGONA ISLAND","PLAYA VERDE","MIDTIDE",60,NA,NA,"Canon PowerShot G16","Londoño-Cruz","COLOMBIA",NA,"50 X 50",0,"robot",NA
"181","EC_SX_CD_HT_20190327_Q01_Random.jpg",2019-03-27,"ROCKY SHORE","ECUADOR","SANTA CRUZ","CHARLES DARWIN FOUNDATION","HIGHTIDE",60,NA,NA,"Canon PowerShot S120","Nicolas Moity","INTERTIDAL",NA,"50 X 50",1,"robot",NA
"182","EC_SX_CD_HT_20190327_Q02_Random.jpg",2019-03-27,"ROCKY SHORE","ECUADOR","SANTA CRUZ","CHARLES DARWIN FOUNDATION","HIGHTIDE",60,NA,NA,"Canon PowerShot S120","Nicolas Moity","INTERTIDAL",NA,"50 X 50",1,"robot",NA
"183","EC_SX_CD_HT_20190327_Q03_Random.jpg",2019-03-27,"ROCKY SHORE","ECUADOR","SANTA CRUZ","CHARLES DARWIN FOUNDATION","HIGHTIDE",60,NA,NA,"Canon PowerShot S120","Nicolas Moity","INTERTIDAL",NA,"50 X 50",1,"robot",NA
"184","EC_SX_CD_HT_20190327_Q04_Random.jpg",2019-03-27,"ROCKY SHORE","ECUADOR","SANTA CRUZ","CHARLES DARWIN FOUNDATION","HIGHTIDE",60,NA,NA,"Canon PowerShot S120","Nicolas Moity","INTERTIDAL",NA,"50 X 50",1,"robot",NA
"185","EC_SX_CD_HT_20190327_Q05_Random.jpg",2019-03-27,"ROCKY SHORE","ECUADOR","SANTA CRUZ","CHARLES DARWIN FOUNDATION","HIGHTIDE",60,NA,NA,"Canon PowerShot S120","Nicolas Moity","INTERTIDAL",NA,"50 X 50",1,"robot",NA
"186","EC_SX_CD_HT_20190327_Q06_Random.jpg",2019-03-27,"ROCKY SHORE","ECUADOR","SANTA CRUZ","CHARLES DARWIN FOUNDATION","HIGHTIDE",60,NA,NA,"Canon PowerShot S120","Nicolas Moity","INTERTIDAL",NA,"50 X 50",1,"robot",NA
"187","EC_SX_CD_HT_20190327_Q07_Random.jpg",2019-03-27,"ROCKY SHORE","ECUADOR","SANTA CRUZ","CHARLES DARWIN FOUNDATION","HIGHTIDE",60,NA,NA,"Canon PowerShot S120","Nicolas Moity","INTERTIDAL",NA,"50 X 50",1,"robot",NA
"188","EC_SX_CD_HT_20190327_Q08_Random.jpg",2019-03-27,"ROCKY SHORE","ECUADOR","SANTA CRUZ","CHARLES DARWIN FOUNDATION","HIGHTIDE",60,NA,NA,"Canon PowerShot S120","Nicolas Moity","INTERTIDAL",NA,"50 X 50",1,"robot",NA
"189","EC_SX_CD_HT_20190327_Q09_Random.jpg",2019-03-27,"ROCKY SHORE","ECUADOR","SANTA CRUZ","CHARLES DARWIN FOUNDATION","HIGHTIDE",60,NA,NA,"Canon PowerShot S120","Nicolas Moity","INTERTIDAL",NA,"50 X 50",1,"robot",NA
"190","EC_SX_CD_HT_20190327_Q10_Random.jpg",2019-03-27,"ROCKY SHORE","ECUADOR","SANTA CRUZ","CHARLES DARWIN FOUNDATION","HIGHTIDE",60,NA,NA,"Canon PowerShot S120","Nicolas Moity","INTERTIDAL",NA,"50 X 50",1,"robot",NA
"191","EC_SX_CD_LT_20190327_Q01_Random.jpg",2019-03-28,"ROCKY SHORE","ECUADOR","SANTA CRUZ","CHARLES DARWIN FOUNDATION","LOWTIDE",60,NA,NA,"Canon PowerShot S120","Nicolas Moity","INTERTIDAL",NA,"50 X 50",1,"robot",NA
"192","EC_SX_CD_LT_20190327_Q02_Random.jpg",2019-03-28,"ROCKY SHORE","ECUADOR","SANTA CRUZ","CHARLES DARWIN FOUNDATION","LOWTIDE",60,NA,NA,"Canon PowerShot S120","Nicolas Moity","INTERTIDAL",NA,"50 X 50",1,"robot",NA
"193","EC_SX_CD_LT_20190327_Q03_Random.jpg",2019-03-28,"ROCKY SHORE","ECUADOR","SANTA CRUZ","CHARLES DARWIN FOUNDATION","LOWTIDE",60,NA,NA,"Canon PowerShot S120","Nicolas Moity","INTERTIDAL",NA,"50 X 50",1,"robot",NA
"194","EC_SX_CD_LT_20190327_Q04_Random.jpg",2019-03-28,"ROCKY SHORE","ECUADOR","SANTA CRUZ","CHARLES DARWIN FOUNDATION","LOWTIDE",60,NA,NA,"Canon PowerShot S120","Nicolas Moity","INTERTIDAL",NA,"50 X 50",1,"robot",NA
"195","EC_SX_CD_LT_20190327_Q05_Random.jpg",2019-03-28,"ROCKY SHORE","ECUADOR","SANTA CRUZ","CHARLES DARWIN FOUNDATION","LOWTIDE",60,NA,NA,"Canon PowerShot S120","Nicolas Moity","INTERTIDAL",NA,"50 X 50",1,"robot",NA
"196","EC_SX_CD_LT_20190327_Q06_Random.jpg",2019-03-28,"ROCKY SHORE","ECUADOR","SANTA CRUZ","CHARLES DARWIN FOUNDATION","LOWTIDE",60,NA,NA,"Canon PowerShot S120","Nicolas Moity","INTERTIDAL",NA,"50 X 50",1,"robot",NA
"197","EC_SX_CD_LT_20190327_Q07_Random.jpg",2019-03-28,"ROCKY SHORE","ECUADOR","SANTA CRUZ","CHARLES DARWIN FOUNDATION","LOWTIDE",60,NA,NA,"Canon PowerShot S120","Nicolas Moity","INTERTIDAL",NA,"50 X 50",1,"robot",NA
"198","EC_SX_CD_LT_20190327_Q08_Random.jpg",2019-03-28,"ROCKY SHORE","ECUADOR","SANTA CRUZ","CHARLES DARWIN FOUNDATION","LOWTIDE",60,NA,NA,"Canon PowerShot S120","Nicolas Moity","INTERTIDAL",NA,"50 X 50",1,"robot",NA
"199","EC_SX_CD_LT_20190327_Q09_Random.jpg",2019-03-28,"ROCKY SHORE","ECUADOR","SANTA CRUZ","CHARLES DARWIN FOUNDATION","LOWTIDE",60,NA,NA,"Canon PowerShot S120","Nicolas Moity","INTERTIDAL",NA,"50 X 50",1,"robot",NA
"200","EC_SX_CD_LT_20190327_Q10_Random.jpg",2019-03-28,"ROCKY SHORE","ECUADOR","SANTA CRUZ","CHARLES DARWIN FOUNDATION","LOWTIDE",60,NA,NA,"Canon PowerShot S120","Nicolas Moity","INTERTIDAL",NA,"50 X 50",1,"robot",NA
"201","EC_SX_CD_MT_20190327_Q01_Random.jpg",2019-03-28,"ROCKY SHORE","ECUADOR","SANTA CRUZ","CHARLES DARWIN FOUNDATION","MIDTIDE",60,NA,NA,"Canon PowerShot S120","Nicolas Moity","INTERTIDAL",NA,"50 X 50",1,"robot",NA
"202","EC_SX_CD_MT_20190327_Q02_Random.jpg",2019-03-28,"ROCKY SHORE","ECUADOR","SANTA CRUZ","CHARLES DARWIN FOUNDATION","MIDTIDE",60,NA,NA,"Canon PowerShot S120","Nicolas Moity","INTERTIDAL",NA,"50 X 50",1,"robot",NA
"203","EC_SX_CD_MT_20190327_Q03_Random.jpg",2019-03-28,"ROCKY SHORE","ECUADOR","SANTA CRUZ","CHARLES DARWIN FOUNDATION","MIDTIDE",60,NA,NA,"Canon PowerShot S120","Nicolas Moity","INTERTIDAL",NA,"50 X 50",1,"robot",NA
"204","EC_SX_CD_MT_20190327_Q04_Random.jpg",2019-03-28,"ROCKY SHORE","ECUADOR","SANTA CRUZ","CHARLES DARWIN FOUNDATION","MIDTIDE",60,NA,NA,"Canon PowerShot S120","Nicolas Moity","INTERTIDAL",NA,"50 X 50",1,"robot",NA
"205","EC_SX_CD_MT_20190327_Q05_Random.jpg",2019-03-28,"ROCKY SHORE","ECUADOR","SANTA CRUZ","CHARLES DARWIN FOUNDATION","MIDTIDE",60,NA,NA,"Canon PowerShot S120","Nicolas Moity","INTERTIDAL",NA,"50 X 50",1,"robot",NA
"206","EC_SX_CD_MT_20190327_Q06_Random.jpg",2019-03-28,"ROCKY SHORE","ECUADOR","SANTA CRUZ","CHARLES DARWIN FOUNDATION","MIDTIDE",60,NA,NA,"Canon PowerShot S120","Nicolas Moity","INTERTIDAL",NA,"50 X 50",1,"robot",NA
"207","EC_SX_CD_MT_20190327_Q07_Random.jpg",2019-03-28,"ROCKY SHORE","ECUADOR","SANTA CRUZ","CHARLES DARWIN FOUNDATION","MIDTIDE",60,NA,NA,"Canon PowerShot S120","Nicolas Moity","INTERTIDAL",NA,"50 X 50",1,"robot",NA
"208","EC_SX_CD_MT_20190327_Q08_Random.jpg",2019-03-28,"ROCKY SHORE","ECUADOR","SANTA CRUZ","CHARLES DARWIN FOUNDATION","MIDTIDE",60,NA,NA,"Canon PowerShot S120","Nicolas Moity","INTERTIDAL",NA,"50 X 50",1,"robot",NA
"209","EC_SX_CD_MT_20190327_Q09_Random.jpg",2019-03-28,"ROCKY SHORE","ECUADOR","SANTA CRUZ","CHARLES DARWIN FOUNDATION","MIDTIDE",60,NA,NA,"Canon PowerShot S120","Nicolas Moity","INTERTIDAL",NA,"50 X 50",1,"robot",NA
"210","EC_SX_CD_MT_20190327_Q10_Random.jpg",2019-03-28,"ROCKY SHORE","ECUADOR","SANTA CRUZ","CHARLES DARWIN FOUNDATION","MIDTIDE",60,NA,NA,"Canon PowerShot S120","Nicolas Moity","INTERTIDAL",NA,"50 X 50",1,"robot",NA
"211","EC_SX_RA_HT_20190328_Q01_Random.jpg",2019-03-28,"ROCKY SHORE","ECUADOR","SANTA CRUZ","RATONERA","HIGHTIDE",60,NA,NA,"Canon PowerShot S120","Nicolas Moity","INTERTIDAL",NA,"50 X 50",1,"robot",NA
"212","EC_SX_RA_HT_20190328_Q02_Random.jpg",2019-03-28,"ROCKY SHORE","ECUADOR","SANTA CRUZ","RATONERA","HIGHTIDE",60,NA,NA,"Canon PowerShot S120","Nicolas Moity","INTERTIDAL",NA,"50 X 50",1,"robot",NA
"213","EC_SX_RA_HT_20190328_Q03_Random.jpg",2019-03-28,"ROCKY SHORE","ECUADOR","SANTA CRUZ","RATONERA","HIGHTIDE",60,NA,NA,"Canon PowerShot S120","Nicolas Moity","INTERTIDAL",NA,"50 X 50",1,"robot",NA
"214","EC_SX_RA_HT_20190328_Q04_Random.jpg",2019-03-28,"ROCKY SHORE","ECUADOR","SANTA CRUZ","RATONERA","HIGHTIDE",60,NA,NA,"Canon PowerShot S120","Nicolas Moity","INTERTIDAL",NA,"50 X 50",1,"robot",NA
"215","EC_SX_RA_HT_20190328_Q05_Random.jpg",2019-03-28,"ROCKY SHORE","ECUADOR","SANTA CRUZ","RATONERA","HIGHTIDE",60,NA,NA,"Canon PowerShot S120","Nicolas Moity","INTERTIDAL",NA,"50 X 50",1,"robot",NA
"216","EC_SX_RA_HT_20190328_Q06_Random.jpg",2019-03-28,"ROCKY SHORE","ECUADOR","SANTA CRUZ","RATONERA","HIGHTIDE",60,NA,NA,"Canon PowerShot S120","Nicolas Moity","INTERTIDAL",NA,"50 X 50",1,"robot",NA
"217","EC_SX_RA_HT_20190328_Q07_Random.jpg",2019-03-28,"ROCKY SHORE","ECUADOR","SANTA CRUZ","RATONERA","HIGHTIDE",60,NA,NA,"Canon PowerShot S120","Nicolas Moity","INTERTIDAL",NA,"50 X 50",1,"robot",NA
"218","EC_SX_RA_HT_20190328_Q08_Random.jpg",2019-03-28,"ROCKY SHORE","ECUADOR","SANTA CRUZ","RATONERA","HIGHTIDE",60,NA,NA,"Canon PowerShot S120","Nicolas Moity","INTERTIDAL",NA,"50 X 50",1,"robot",NA
"219","EC_SX_RA_HT_20190328_Q09_Random.jpg",2019-03-28,"ROCKY SHORE","ECUADOR","SANTA CRUZ","RATONERA","HIGHTIDE",60,NA,NA,"Canon PowerShot S120","Nicolas Moity","INTERTIDAL",NA,"50 X 50",1,"robot",NA
"220","EC_SX_RA_HT_20190328_Q10_Random.jpg",2019-03-28,"ROCKY SHORE","ECUADOR","SANTA CRUZ","RATONERA","HIGHTIDE",60,NA,NA,"Canon PowerShot S120","Nicolas Moity","INTERTIDAL",NA,"50 X 50",1,"robot",NA
"221","EC_SX_RA_LT_20190328_Q01_Random.jpg",2019-03-28,"ROCKY SHORE","ECUADOR","SANTA CRUZ","RATONERA","LOWTIDE",60,NA,NA,"Canon PowerShot S120","Nicolas Moity","INTERTIDAL",NA,"50 X 50",1,"robot",NA
"222","EC_SX_RA_LT_20190328_Q02_Random.jpg",2019-03-28,"ROCKY SHORE","ECUADOR","SANTA CRUZ","RATONERA","LOWTIDE",60,NA,NA,"Canon PowerShot S120","Nicolas Moity","INTERTIDAL",NA,"50 X 50",1,"robot",NA
"223","EC_SX_RA_LT_20190328_Q03_Random.jpg",2019-03-28,"ROCKY SHORE","ECUADOR","SANTA CRUZ","RATONERA","LOWTIDE",60,NA,NA,"Canon PowerShot S120","Nicolas Moity","INTERTIDAL",NA,"50 X 50",1,"robot",NA
"224","EC_SX_RA_LT_20190328_Q04_Random.jpg",2019-03-28,"ROCKY SHORE","ECUADOR","SANTA CRUZ","RATONERA","LOWTIDE",60,NA,NA,"Canon PowerShot S120","Nicolas Moity","INTERTIDAL",NA,"50 X 50",1,"robot",NA
"225","EC_SX_RA_LT_20190328_Q05_Random.jpg",2019-03-28,"ROCKY SHORE","ECUADOR","SANTA CRUZ","RATONERA","LOWTIDE",60,NA,NA,"Canon PowerShot S120","Nicolas Moity","INTERTIDAL",NA,"50 X 50",1,"robot",NA
"226","EC_SX_RA_LT_20190328_Q06_Random.jpg",2019-03-28,"ROCKY SHORE","ECUADOR","SANTA CRUZ","RATONERA","LOWTIDE",60,NA,NA,"Canon PowerShot S120","Nicolas Moity","INTERTIDAL",NA,"50 X 50",1,"robot",NA
"227","EC_SX_RA_LT_20190328_Q07_Random.jpg",2019-03-28,"ROCKY SHORE","ECUADOR","SANTA CRUZ","RATONERA","LOWTIDE",60,NA,NA,"Canon PowerShot S120","Nicolas Moity","INTERTIDAL",NA,"50 X 50",1,"robot",NA
"228","EC_SX_RA_LT_20190328_Q08_Random.jpg",2019-03-28,"ROCKY SHORE","ECUADOR","SANTA CRUZ","RATONERA","LOWTIDE",60,NA,NA,"Canon PowerShot S120","Nicolas Moity","INTERTIDAL",NA,"50 X 50",1,"robot",NA
"229","EC_SX_RA_LT_20190328_Q09_Random.jpg",2019-03-28,"ROCKY SHORE","ECUADOR","SANTA CRUZ","RATONERA","LOWTIDE",60,NA,NA,"Canon PowerShot S120","Nicolas Moity","INTERTIDAL",NA,"50 X 50",1,"robot",NA
"230","EC_SX_RA_LT_20190328_Q10_Random.jpg",2019-03-28,"ROCKY SHORE","ECUADOR","SANTA CRUZ","RATONERA","LOWTIDE",60,NA,NA,"Canon PowerShot S120","Nicolas Moity","INTERTIDAL",NA,"50 X 50",1,"robot",NA
"231","EC_SX_RA_MT_20190328_Q01_Random.jpg",2019-03-28,"ROCKY SHORE","ECUADOR","SANTA CRUZ","RATONERA","MIDTIDE",60,NA,NA,"Canon PowerShot S120","Nicolas Moity","INTERTIDAL",NA,"50 X 50",1,"robot",NA
"232","EC_SX_RA_MT_20190328_Q02_Random.jpg",2019-03-28,"ROCKY SHORE","ECUADOR","SANTA CRUZ","RATONERA","MIDTIDE",60,NA,NA,"Canon PowerShot S120","Nicolas Moity","INTERTIDAL",NA,"50 X 50",1,"robot",NA
"233","EC_SX_RA_MT_20190328_Q03_Random.jpg",2019-03-28,"ROCKY SHORE","ECUADOR","SANTA CRUZ","RATONERA","MIDTIDE",60,NA,NA,"Canon PowerShot S120","Nicolas Moity","INTERTIDAL",NA,"50 X 50",1,"robot",NA
"234","EC_SX_RA_MT_20190328_Q04_Random.jpg",2019-03-28,"ROCKY SHORE","ECUADOR","SANTA CRUZ","RATONERA","MIDTIDE",60,NA,NA,"Canon PowerShot S120","Nicolas Moity","INTERTIDAL",NA,"50 X 50",1,"robot",NA
"235","EC_SX_RA_MT_20190328_Q05_Random.jpg",2019-03-28,"ROCKY SHORE","ECUADOR","SANTA CRUZ","RATONERA","MIDTIDE",60,NA,NA,"Canon PowerShot S120","Nicolas Moity","INTERTIDAL",NA,"50 X 50",1,"robot",NA
"236","EC_SX_RA_MT_20190328_Q06_Random.jpg",2019-03-28,"ROCKY SHORE","ECUADOR","SANTA CRUZ","RATONERA","MIDTIDE",60,NA,NA,"Canon PowerShot S120","Nicolas Moity","INTERTIDAL",NA,"50 X 50",1,"robot",NA
"237","EC_SX_RA_MT_20190328_Q07_Random.jpg",2019-03-28,"ROCKY SHORE","ECUADOR","SANTA CRUZ","RATONERA","MIDTIDE",60,NA,NA,"Canon PowerShot S120","Nicolas Moity","INTERTIDAL",NA,"50 X 50",1,"robot",NA
"238","EC_SX_RA_MT_20190328_Q08_Random.jpg",2019-03-28,"ROCKY SHORE","ECUADOR","SANTA CRUZ","RATONERA","MIDTIDE",60,NA,NA,"Canon PowerShot S120","Nicolas Moity","INTERTIDAL",NA,"50 X 50",1,"robot",NA
"239","EC_SX_RA_MT_20190328_Q09_Random.jpg",2019-03-28,"ROCKY SHORE","ECUADOR","SANTA CRUZ","RATONERA","MIDTIDE",60,NA,NA,"Canon PowerShot S120","Nicolas Moity","INTERTIDAL",NA,"50 X 50",1,"robot",NA
"240","EC_SX_RA_MT_20190328_Q10_Random.jpg",2019-03-28,"ROCKY SHORE","ECUADOR","SANTA CRUZ","RATONERA","MIDTIDE",60,NA,NA,"Canon PowerShot S120","Nicolas Moity","INTERTIDAL",NA,"50 X 50",1,"robot",NA
"241","EC_SX_TO_HT_20190329_Q01_Random.jpg",2019-03-29,"ROCKY SHORE","ECUADOR","SANTA CRUZ","TORTUGA BAY","HIGHTIDE",60,NA,NA,"Canon PowerShot S120","Nicolas Moity","INTERTIDAL",NA,"50 X 50",1,"robot",NA
"242","EC_SX_TO_HT_20190329_Q02_Random.jpg",2019-03-29,"ROCKY SHORE","ECUADOR","SANTA CRUZ","TORTUGA BAY","HIGHTIDE",60,NA,NA,"Canon PowerShot S120","Nicolas Moity","INTERTIDAL",NA,"50 X 50",1,"robot",NA
"243","EC_SX_TO_HT_20190329_Q03_Random.jpg",2019-03-29,"ROCKY SHORE","ECUADOR","SANTA CRUZ","TORTUGA BAY","HIGHTIDE",60,NA,NA,"Canon PowerShot S120","Nicolas Moity","INTERTIDAL",NA,"50 X 50",1,"robot",NA
"244","EC_SX_TO_HT_20190329_Q04_Random.jpg",2019-03-29,"ROCKY SHORE","ECUADOR","SANTA CRUZ","TORTUGA BAY","HIGHTIDE",60,NA,NA,"Canon PowerShot S120","Nicolas Moity","INTERTIDAL",NA,"50 X 50",1,"robot",NA
"245","EC_SX_TO_HT_20190329_Q05_Random.jpg",2019-03-29,"ROCKY SHORE","ECUADOR","SANTA CRUZ","TORTUGA BAY","HIGHTIDE",60,NA,NA,"Canon PowerShot S120","Nicolas Moity","INTERTIDAL",NA,"50 X 50",1,"robot",NA
"246","EC_SX_TO_HT_20190329_Q06_Random.jpg",2019-03-29,"ROCKY SHORE","ECUADOR","SANTA CRUZ","TORTUGA BAY","HIGHTIDE",60,NA,NA,"Canon PowerShot S120","Nicolas Moity","INTERTIDAL",NA,"50 X 50",1,"robot",NA
"247","EC_SX_TO_HT_20190329_Q07_Random.jpg",2019-03-29,"ROCKY SHORE","ECUADOR","SANTA CRUZ","TORTUGA BAY","HIGHTIDE",60,NA,NA,"Canon PowerShot S120","Nicolas Moity","INTERTIDAL",NA,"50 X 50",1,"robot",NA
"248","EC_SX_TO_HT_20190329_Q08_Random.jpg",2019-03-29,"ROCKY SHORE","ECUADOR","SANTA CRUZ","TORTUGA BAY","HIGHTIDE",60,NA,NA,"Canon PowerShot S120","Nicolas Moity","INTERTIDAL",NA,"50 X 50",1,"robot",NA
"249","EC_SX_TO_HT_20190329_Q09_Random.jpg",2019-03-29,"ROCKY SHORE","ECUADOR","SANTA CRUZ","TORTUGA BAY","HIGHTIDE",60,NA,NA,"Canon PowerShot S120","Nicolas Moity","INTERTIDAL",NA,"50 X 50",1,"robot",NA
"250","EC_SX_TO_HT_20190329_Q10_Random.jpg",2019-03-29,"ROCKY SHORE","ECUADOR","SANTA CRUZ","TORTUGA BAY","HIGHTIDE",60,NA,NA,"Canon PowerShot S120","Nicolas Moity","INTERTIDAL",NA,"50 X 50",1,"robot",NA
"251","EC_SX_TO_LT_20190329_Q01_Random.jpg",2019-03-29,"ROCKY SHORE","ECUADOR","SANTA CRUZ","TORTUGA BAY","LOWTIDE",60,NA,NA,"Canon PowerShot S120","Nicolas Moity","INTERTIDAL",NA,"50 X 50",1,"robot",NA
"252","EC_SX_TO_LT_20190329_Q02_Random.jpg",2019-03-29,"ROCKY SHORE","ECUADOR","SANTA CRUZ","TORTUGA BAY","LOWTIDE",60,NA,NA,"Canon PowerShot S120","Nicolas Moity","INTERTIDAL",NA,"50 X 50",1,"robot",NA
"253","EC_SX_TO_LT_20190329_Q03_Random.jpg",2019-03-29,"ROCKY SHORE","ECUADOR","SANTA CRUZ","TORTUGA BAY","LOWTIDE",60,NA,NA,"Canon PowerShot S120","Nicolas Moity","INTERTIDAL",NA,"50 X 50",1,"robot",NA
"254","EC_SX_TO_LT_20190329_Q04_Random.jpg",2019-03-29,"ROCKY SHORE","ECUADOR","SANTA CRUZ","TORTUGA BAY","LOWTIDE",60,NA,NA,"Canon PowerShot S120","Nicolas Moity","INTERTIDAL",NA,"50 X 50",1,"robot",NA
"255","EC_SX_TO_LT_20190329_Q05_Random.jpg",2019-03-29,"ROCKY SHORE","ECUADOR","SANTA CRUZ","TORTUGA BAY","LOWTIDE",60,NA,NA,"Canon PowerShot S120","Nicolas Moity","INTERTIDAL",NA,"50 X 50",1,"robot",NA
"256","EC_SX_TO_LT_20190329_Q06_Random.jpg",2019-03-29,"ROCKY SHORE","ECUADOR","SANTA CRUZ","TORTUGA BAY","LOWTIDE",60,NA,NA,"Canon PowerShot S120","Nicolas Moity","INTERTIDAL",NA,"50 X 50",1,"robot",NA
"257","EC_SX_TO_LT_20190329_Q07_Random.jpg",2019-03-29,"ROCKY SHORE","ECUADOR","SANTA CRUZ","TORTUGA BAY","LOWTIDE",60,NA,NA,"Canon PowerShot S120","Nicolas Moity","INTERTIDAL",NA,"50 X 50",1,"robot",NA
"258","EC_SX_TO_LT_20190329_Q08_Random.jpg",2019-03-29,"ROCKY SHORE","ECUADOR","SANTA CRUZ","TORTUGA BAY","LOWTIDE",60,NA,NA,"Canon PowerShot S120","Nicolas Moity","INTERTIDAL",NA,"50 X 50",1,"robot",NA
"259","EC_SX_TO_LT_20190329_Q09_Random.jpg",2019-03-29,"ROCKY SHORE","ECUADOR","SANTA CRUZ","TORTUGA BAY","LOWTIDE",60,NA,NA,"Canon PowerShot S120","Nicolas Moity","INTERTIDAL",NA,"50 X 50",1,"robot",NA
"260","EC_SX_TO_LT_20190329_Q10_Random.jpg",2019-03-29,"ROCKY SHORE","ECUADOR","SANTA CRUZ","TORTUGA BAY","LOWTIDE",60,NA,NA,"Canon PowerShot S120","Nicolas Moity","INTERTIDAL",NA,"50 X 50",1,"robot",NA
"261","EC_SX_TO_MT_20190329_Q01_Random.jpg",2019-03-29,"ROCKY SHORE","ECUADOR","SANTA CRUZ","TORTUGA BAY","MIDTIDE",60,NA,NA,"Canon PowerShot S120","Nicolas Moity","INTERTIDAL",NA,"50 X 50",1,"robot",NA
"262","EC_SX_TO_MT_20190329_Q02_Random.jpg",2019-03-29,"ROCKY SHORE","ECUADOR","SANTA CRUZ","TORTUGA BAY","MIDTIDE",60,NA,NA,"Canon PowerShot S120","Nicolas Moity","INTERTIDAL",NA,"50 X 50",1,"robot",NA
"263","EC_SX_TO_MT_20190329_Q03_Random.jpg",2019-03-29,"ROCKY SHORE","ECUADOR","SANTA CRUZ","TORTUGA BAY","MIDTIDE",60,NA,NA,"Canon PowerShot S120","Nicolas Moity","INTERTIDAL",NA,"50 X 50",1,"robot",NA
"264","EC_SX_TO_MT_20190329_Q04_Random.jpg",2019-03-29,"ROCKY SHORE","ECUADOR","SANTA CRUZ","TORTUGA BAY","MIDTIDE",60,NA,NA,"Canon PowerShot S120","Nicolas Moity","INTERTIDAL",NA,"50 X 50",1,"robot",NA
"265","EC_SX_TO_MT_20190329_Q05_Random.jpg",2019-03-29,"ROCKY SHORE","ECUADOR","SANTA CRUZ","TORTUGA BAY","MIDTIDE",60,NA,NA,"Canon PowerShot S120","Nicolas Moity","INTERTIDAL",NA,"50 X 50",1,"robot",NA
"266","EC_SX_TO_MT_20190329_Q06_Random.jpg",2019-03-29,"ROCKY SHORE","ECUADOR","SANTA CRUZ","TORTUGA BAY","MIDTIDE",60,NA,NA,"Canon PowerShot S120","Nicolas Moity","INTERTIDAL",NA,"50 X 50",1,"robot",NA
"267","EC_SX_TO_MT_20190329_Q07_Random.jpg",2019-03-29,"ROCKY SHORE","ECUADOR","SANTA CRUZ","TORTUGA BAY","MIDTIDE",60,NA,NA,"Canon PowerShot S120","Nicolas Moity","INTERTIDAL",NA,"50 X 50",1,"robot",NA
"268","EC_SX_TO_MT_20190329_Q08_Random.jpg",2019-03-29,"ROCKY SHORE","ECUADOR","SANTA CRUZ","TORTUGA BAY","MIDTIDE",60,NA,NA,"Canon PowerShot S120","Nicolas Moity","INTERTIDAL",NA,"50 X 50",1,"robot",NA
"269","EC_SX_TO_MT_20190329_Q09_Random.jpg",2019-03-29,"ROCKY SHORE","ECUADOR","SANTA CRUZ","TORTUGA BAY","MIDTIDE",60,NA,NA,"Canon PowerShot S120","Nicolas Moity","INTERTIDAL",NA,"50 X 50",1,"robot",NA
"270","EC_SX_TO_MT_20190329_Q10_Random.jpg",2019-03-29,"ROCKY SHORE","ECUADOR","SANTA CRUZ","TORTUGA BAY","MIDTIDE",60,NA,NA,"Canon PowerShot S120","Nicolas Moity","INTERTIDAL",NA,"50 X 50",1,"robot",NA
"271","USMAMH201807_138_low_(2).JPG",2018-07-17,"Rocky shore","USA","MASSACHUSETTS","NORTHSHORE","LOWTIDE",25,42.507496,-70.84332,"NIKON D5100","Helmuth","INTERTIDAL",9,"25 X 25",NA,"robot",NA
"272","USMAMH201807_139_low_(2).JPG",2018-07-17,"Rocky shore","USA","MASSACHUSETTS","NORTHSHORE","LOWTIDE",25,42.507496,-70.84332,"NIKON D5100","Helmuth","INTERTIDAL",9,"25 X 25",NA,"robot",NA
"273","USMAMH201807_419_low_(2).JPG",2018-07-17,"Rocky shore","USA","MASSACHUSETTS","NORTHSHORE","LOWTIDE",25,42.507496,-70.84332,"NIKON D5100","Helmuth","INTERTIDAL",9,"25 X 25",NA,"robot",NA
"274","USMAMH201807_445_high_(3).JPG",2018-07-17,"Rocky shore","USA","MASSACHUSETTS","NORTHSHORE","HIGHTIDE",25,42.507496,-70.84332,"NIKON D5100","Helmuth","INTERTIDAL",9,"25 X 25",NA,"robot",NA
"275","USMAMH201807_503_high_(3).JPG",2018-07-17,"Rocky shore","USA","MASSACHUSETTS","NORTHSHORE","HIGHTIDE",25,42.507496,-70.84332,"NIKON D5100","Helmuth","INTERTIDAL",9,"25 X 25",NA,"robot",NA
"276","USMAMH201807_518_low_(2).JPG",2018-07-17,"Rocky shore","USA","MASSACHUSETTS","NORTHSHORE","LOWTIDE",25,42.507496,-70.84332,"NIKON D5100","Helmuth","INTERTIDAL",9,"25 X 25",NA,"robot",NA
"277","USMAMH201807_552_low_(2).JPG",2018-07-17,"Rocky shore","USA","MASSACHUSETTS","NORTHSHORE","LOWTIDE",25,42.507496,-70.84332,"NIKON D5100","Helmuth","INTERTIDAL",9,"25 X 25",NA,"robot",NA
"278","USMAMH201807_592_low_(2).JPG",2018-07-17,"Rocky shore","USA","MASSACHUSETTS","NORTHSHORE","LOWTIDE",25,42.507496,-70.84332,"NIKON D5100","Helmuth","INTERTIDAL",9,"25 X 25",NA,"robot",NA
"279","USMAMH201807_593_low_(2).JPG",2018-07-17,"Rocky shore","USA","MASSACHUSETTS","NORTHSHORE","LOWTIDE",25,42.507496,-70.84332,"NIKON D5100","Helmuth","INTERTIDAL",9,"25 X 25",NA,"robot",NA
"280","USMAMH201807_594_low_(3).JPG",2018-07-17,"Rocky shore","USA","MASSACHUSETTS","NORTHSHORE","LOWTIDE",25,42.507496,-70.84332,"NIKON D5100","Helmuth","INTERTIDAL",9,"25 X 25",NA,"robot",NA
"281","USMAMH201807_595_high_(3).JPG",2018-07-17,"Rocky shore","USA","MASSACHUSETTS","NORTHSHORE","HIGHTIDE",25,42.507496,-70.84332,"NIKON D5100","Helmuth","INTERTIDAL",9,"25 X 25",NA,"robot",NA
"282","USMAMH201807_596_low_(2).JPG",2018-07-17,"Rocky shore","USA","MASSACHUSETTS","NORTHSHORE","LOWTIDE",25,42.507496,-70.84332,"NIKON D5100","Helmuth","INTERTIDAL",9,"25 X 25",NA,"robot",NA
"283","USMAMH201807_598_high_(2).JPG",2018-07-17,"Rocky shore","USA","MASSACHUSETTS","NORTHSHORE","HIGHTIDE",25,42.507496,-70.84332,"NIKON D5100","Helmuth","INTERTIDAL",9,"25 X 25",NA,"robot",NA
"284","USMAMH201807_599_high_(3).JPG",2018-07-17,"Rocky shore","USA","MASSACHUSETTS","NORTHSHORE","HIGHTIDE",25,42.507496,-70.84332,"NIKON D5100","Helmuth","INTERTIDAL",9,"25 X 25",NA,"robot",NA
"285","USMAMH201807_600_high_(3).JPG",2018-07-17,"Rocky shore","USA","MASSACHUSETTS","NORTHSHORE","HIGHTIDE",25,42.507496,-70.84332,"NIKON D5100","Helmuth","INTERTIDAL",9,"25 X 25",NA,"robot",NA
"286","USMAMH201905_139_low_(3).JPG",2019-05-22,"Rocky shore","USA","MASSACHUSETTS","NORTHSHORE","LOWTIDE",25,42.507496,-70.84332,"NIKON D5100","Helmuth","INTERTIDAL",9,"25 X 25",NA,"robot",NA
"287","USMAMH201905_442_high_(2).JPG",2019-05-21,"Rocky shore","USA","MASSACHUSETTS","NORTHSHORE","HIGHTIDE",25,42.507496,-70.84332,"NIKON D5100","Helmuth","INTERTIDAL",9,"25 X 25",NA,"robot",NA
"288","USMAMH201905_445_high_(3).JPG",2019-05-21,"Rocky shore","USA","MASSACHUSETTS","NORTHSHORE","HIGHTIDE",25,42.507496,-70.84332,"NIKON D5100","Helmuth","INTERTIDAL",9,"25 X 25",NA,"robot",NA
"289","USMAMH201905_466_high_(2).JPG",2019-05-21,"Rocky shore","USA","MASSACHUSETTS","NORTHSHORE","HIGHTIDE",25,42.507496,-70.84332,"NIKON D5100","Helmuth","INTERTIDAL",9,"25 X 25",NA,"robot",NA
"290","USMAMH201905_503_high_(2).JPG",2019-05-21,"Rocky shore","USA","MASSACHUSETTS","NORTHSHORE","HIGHTIDE",25,42.507496,-70.84332,"NIKON D5100","Helmuth","INTERTIDAL",9,"25 X 25",NA,"robot",NA
"291","USMAMH201905_552_low_(5).JPG",2019-05-22,"Rocky shore","USA","MASSACHUSETTS","NORTHSHORE","LOWTIDE",25,42.507496,-70.84332,"NIKON D5100","Helmuth","INTERTIDAL",9,"25 X 25",NA,"robot",NA
"292","USMAMH201905_596_low_(3).JPG",2019-05-22,"Rocky shore","USA","MASSACHUSETTS","NORTHSHORE","LOWTIDE",25,42.507496,-70.84332,"NIKON D5100","Helmuth","INTERTIDAL",9,"25 X 25",NA,"robot",NA
"293","USMAMH201905_598_high_(3).JPG",2019-05-21,"Rocky shore","USA","MASSACHUSETTS","NORTHSHORE","HIGHTIDE",25,42.507496,-70.84332,"NIKON D5100","Helmuth","INTERTIDAL",9,"25 X 25",NA,"robot",NA
"294","USMAMH201905_599_high_(3).JPG",2019-05-21,"Rocky shore","USA","MASSACHUSETTS","NORTHSHORE","HIGHTIDE",25,42.507496,-70.84332,"NIKON D5100","Helmuth","INTERTIDAL",9,"25 X 25",NA,"robot",NA
"295","USMAMH201905_600_high_(2).JPG",2019-05-21,"Rocky shore","USA","MASSACHUSETTS","NORTHSHORE","HIGHTIDE",25,42.507496,-70.84332,"NIKON D5100","Helmuth","INTERTIDAL",9,"25 X 25",NA,"robot",NA
"296","USMAPH201807_405_low_(4).JPG",2018-07-16,"Rocky shore","USA","MASSACHUSETTS","NORTHSHORE","LOWTIDE",25,42.417115,-70.906804,"NIKON D5100","Helmuth","INTERTIDAL",9,"25 X 25",NA,"robot",NA
"297","USMAPH201807_422_high_.JPG",2018-07-16,"Rocky shore","USA","MASSACHUSETTS","NORTHSHORE","HIGHTIDE",25,42.417115,-70.906804,"NIKON D5100","Helmuth","INTERTIDAL",9,"25 X 25",NA,"robot",NA
"298","USMAPH201807_426_high_.JPG",2018-07-16,"Rocky shore","USA","MASSACHUSETTS","NORTHSHORE","HIGHTIDE",25,42.417115,-70.906804,"NIKON D5100","Helmuth","INTERTIDAL",9,"25 X 25",NA,"robot",NA
"299","USMAPH201807_428_high_(2).JPG",2018-07-16,"Rocky shore","USA","MASSACHUSETTS","NORTHSHORE","HIGHTIDE",25,42.417115,-70.906804,"NIKON D5100","Helmuth","INTERTIDAL",9,"25 X 25",NA,"robot",NA
"300","USMAPH201807_441_low_(2).JPG",2018-07-16,"Rocky shore","USA","MASSACHUSETTS","NORTHSHORE","LOWTIDE",25,42.417115,-70.906804,"NIKON D5100","Helmuth","INTERTIDAL",9,"25 X 25",NA,"robot",NA
"301","USMAPH201807_444_low_(2).JPG",2018-07-16,"Rocky shore","USA","MASSACHUSETTS","NORTHSHORE","LOWTIDE",25,42.417115,-70.906804,"NIKON D5100","Helmuth","INTERTIDAL",9,"25 X 25",NA,"robot",NA
"302","USMAPH201807_450_low_(1).JPG",2018-07-16,"Rocky shore","USA","MASSACHUSETTS","NORTHSHORE","LOWTIDE",25,42.417115,-70.906804,"NIKON D5100","Helmuth","INTERTIDAL",9,"25 X 25",NA,"robot",NA
"303","USMAPH201807_461_low_(2).JPG",2018-07-16,"Rocky shore","USA","MASSACHUSETTS","NORTHSHORE","LOWTIDE",25,42.417115,-70.906804,"NIKON D5100","Helmuth","INTERTIDAL",9,"25 X 25",NA,"robot",NA
"304","USMAPH201807_483_high_(4).JPG",2018-07-16,"Rocky shore","USA","MASSACHUSETTS","NORTHSHORE","HIGHTIDE",25,42.417115,-70.906804,"NIKON D5100","Helmuth","INTERTIDAL",9,"25 X 25",NA,"robot",NA
"305","USMAPH201807_494_low_(1).JPG",2018-07-16,"Rocky shore","USA","MASSACHUSETTS","NORTHSHORE","LOWTIDE",25,42.417115,-70.906804,"NIKON D5100","Helmuth","INTERTIDAL",9,"25 X 25",NA,"robot",NA
"306","USMAPH201807_499_high_.JPG",2018-07-16,"Rocky shore","USA","MASSACHUSETTS","NORTHSHORE","HIGHTIDE",25,42.417115,-70.906804,"NIKON D5100","Helmuth","INTERTIDAL",9,"25 X 25",NA,"robot",NA
"307","USMAPH201807_529_high_.JPG",2018-07-16,"Rocky shore","USA","MASSACHUSETTS","NORTHSHORE","HIGHTIDE",25,42.417115,-70.906804,"NIKON D5100","Helmuth","INTERTIDAL",9,"25 X 25",NA,"robot",NA
"308","USMAPH201905_422_high_(2).JPG",2019-05-20,"Rocky shore","USA","MASSACHUSETTS","NORTHSHORE","HIGHTIDE",25,42.417115,-70.906804,"NIKON D5100","Helmuth","INTERTIDAL",0,"25 X 25",NA,"robot",NA
"309","USMAPH201905_426_high_(2).JPG",2019-05-20,"Rocky shore","USA","MASSACHUSETTS","NORTHSHORE","HIGHTIDE",25,42.417115,-70.906804,"NIKON D5100","Helmuth","INTERTIDAL",9,"25 X 25",NA,"robot",NA
"310","USMAPH201905_441_low_(2).JPG",2019-05-20,"Rocky shore","USA","MASSACHUSETTS","NORTHSHORE","LOWTIDE",25,42.417115,-70.906804,"NIKON D5100","Helmuth","INTERTIDAL",9,"25 X 25",NA,"robot",NA
"311","USMAPH201905_450_low_(2).JPG",2019-05-20,"Rocky shore","USA","MASSACHUSETTS","NORTHSHORE","LOWTIDE",25,42.417115,-70.906804,"NIKON D5100","Helmuth","INTERTIDAL",9,"25 X 25",NA,"robot",NA
"312","USMAPH201905_455_low_(2).JPG",2019-05-20,"Rocky shore","USA","MASSACHUSETTS","NORTHSHORE","LOWTIDE",25,42.417115,-70.906804,"NIKON D5100","Helmuth","INTERTIDAL",9,"25 X 25",NA,"robot",NA
"313","USMAPH201905_461_low_(3).JPG",2019-05-20,"Rocky shore","USA","MASSACHUSETTS","NORTHSHORE","LOWTIDE",25,42.417115,-70.906804,"NIKON D5100","Helmuth","INTERTIDAL",9,"25 X 25",NA,"robot",NA
"314","USMAPH201905_469_high_(2).JPG",2019-05-20,"Rocky shore","USA","MASSACHUSETTS","NORTHSHORE","HIGHTIDE",25,42.417115,-70.906804,"NIKON D5100","Helmuth","INTERTIDAL",9,"25 X 25",NA,"robot",NA
"315","USMAPH201905_494_low_(2).JPG",2019-05-20,"Rocky shore","USA","MASSACHUSETTS","NORTHSHORE","LOWTIDE",25,42.417115,-70.906804,"NIKON D5100","Helmuth","INTERTIDAL",9,"25 X 25",NA,"robot",NA
"316","USMAPH201905_499_high_(2).JPG",2019-05-20,"Rocky shore","USA","MASSACHUSETTS","NORTHSHORE","HIGHTIDE",25,42.417115,-70.906804,"NIKON D5100","Helmuth","INTERTIDAL",9,"25 X 25",NA,"robot",NA
"317","USMECH201808_190_low_(2).JPG",2018-08-15,"Rocky shore","USA","MAINE","MIDCOAST","LOWTIDE",25,43.884718,-69.475504,"NIKON D5100","Helmuth","INTERTIDAL",9,"25 X 25",NA,"robot",NA
"318","USMECH201808_191_low_(2).JPG",2018-08-15,"Rocky shore","USA","MAINE","MIDCOAST","LOWTIDE",25,43.884718,-69.475504,"NIKON D5100","Helmuth","INTERTIDAL",9,"25 X 25",NA,"robot",NA
"319","USMECH201808_192_low_(2).JPG",2018-08-15,"Rocky shore","USA","MAINE","MIDCOAST","LOWTIDE",25,43.884718,-69.475504,"NIKON D5100","Helmuth","INTERTIDAL",9,"25 X 25",NA,"robot",NA
"320","USMECH201808_195_low_(3).JPG",2018-08-15,"Rocky shore","USA","MAINE","MIDCOAST","LOWTIDE",25,43.884718,-69.475504,"NIKON D5100","Helmuth","INTERTIDAL",9,"25 X 25",NA,"robot",NA
"321","USMECH201808_198_high_(2).JPG",2018-08-15,"Rocky shore","USA","MAINE","MIDCOAST","HIGHTIDE",25,43.884718,-69.475504,"NIKON D5100","Helmuth","INTERTIDAL",9,"25 X 25",NA,"robot",NA
"322","USMECH201808_564_low_(3).JPG",2018-08-15,"Rocky shore","USA","MAINE","MIDCOAST","LOWTIDE",25,43.884718,-69.475504,"NIKON D5100","Helmuth","INTERTIDAL",9,"25 X 25",NA,"robot",NA
"323","USMECH201905_190_low_(2).JPG",2019-05-16,"Rocky shore","USA","MAINE","MIDCOAST","LOWTIDE",25,43.884718,-69.475504,"NIKON D5100","Helmuth","INTERTIDAL",9,"25 X 25",NA,"robot",NA
"324","USMECH201905_191_low_(2).JPG",2019-05-16,"Rocky shore","USA","MAINE","MIDCOAST","LOWTIDE",25,43.884718,-69.475504,"NIKON D5100","Helmuth","INTERTIDAL",0,"25 X 25",NA,"robot",NA
"325","USMECH201905_192_low_(2).JPG",2019-05-16,"Rocky shore","USA","MAINE","MIDCOAST","LOWTIDE",25,43.884718,-69.475504,"NIKON D5100","Helmuth","INTERTIDAL",0,"25 X 25",NA,"robot",NA
"326","USMECH201905_193_low_(3).JPG",2019-05-16,"Rocky shore","USA","MAINE","MIDCOAST","LOWTIDE",25,43.884718,-69.475504,"NIKON D5100","Helmuth","INTERTIDAL",0,"25 X 25",NA,"robot",NA
"327","USMECH201905_194_low_(2).JPG",2019-05-16,"Rocky shore","USA","MAINE","MIDCOAST","LOWTIDE",25,43.884718,-69.475504,"NIKON D5100","Helmuth","INTERTIDAL",0,"25 X 25",NA,"robot",NA
"328","USMECH201905_195_low_(2).JPG",2019-05-16,"Rocky shore","USA","MAINE","MIDCOAST","LOWTIDE",25,43.884718,-69.475504,"NIKON D5100","Helmuth","INTERTIDAL",0,"25 X 25",NA,"robot",NA
"329","USMECH201905_196_high_(2).JPG",2019-05-16,"Rocky shore","USA","MAINE","MIDCOAST","HIGHTIDE",25,43.884718,-69.475504,"NIKON D5100","Helmuth","INTERTIDAL",9,"25 X 25",NA,"robot",NA
"330","USMECH201905_198_high_(2).JPG",2019-05-16,"Rocky shore","USA","MAINE","MIDCOAST","HIGHTIDE",25,43.884718,-69.475504,"NIKON D5100","Helmuth","INTERTIDAL",9,"25 X 25",NA,"robot",NA
"331","USMECH201905_199_high_(2).JPG",2019-05-16,"Rocky shore","USA","MAINE","MIDCOAST","HIGHTIDE",25,43.884718,-69.475504,"NIKON D5100","Helmuth","INTERTIDAL",0,"25 X 25",NA,"robot",NA
"332","USMECH201905_200_high_(2).JPG",2019-05-16,"Rocky shore","USA","MAINE","MIDCOAST","HIGHTIDE",25,43.884718,-69.475504,"NIKON D5100","Helmuth","INTERTIDAL",0,"25 X 25",NA,"robot",NA
"333","USMECH201905_564_low_(1).JPG",2019-05-16,"Rocky shore","USA","MAINE","MIDCOAST","LOWTIDE",25,43.884718,-69.475504,"NIKON D5100","Helmuth","INTERTIDAL",9,"25 X 25",NA,"robot",NA
"334","USMEGS201807_107_low_(3).JPG",2018-07-13,"Rocky shore","USA","MAINE","MIDCOAST","LOWTIDE",25,44.371417,-68.092583,"NIKON D5100","Helmuth","INTERTIDAL",9,"25 X 25",NA,"robot",NA
"335","USMEGS201807_133_low_(2).JPG",2018-07-13,"Rocky shore","USA","MAINE","MIDCOAST","HIGHTIDE",25,44.371417,-68.092583,"NIKON D5100","Helmuth","INTERTIDAL",9,"25 X 25",NA,"robot",NA
"336","USMEGS201807_134_high_(3).JPG",2018-07-13,"Rocky shore","USA","MAINE","MIDCOAST","HIGHTIDE",25,44.371417,-68.092583,"NIKON D5100","Helmuth","INTERTIDAL",9,"25 X 25",NA,"robot",NA
"337","USMEGS201807_135_high_(3).JPG",2018-07-13,"Rocky shore","USA","MAINE","MIDCOAST","HIGHTIDE",25,44.371417,-68.092583,"NIKON D5100","Helmuth","INTERTIDAL",9,"25 X 25",NA,"robot",NA
"338","USMEGS201807_159_high_(2).JPG",2018-07-13,"Rocky shore","USA","MAINE","MIDCOAST","HIGHTIDE",25,44.371417,-68.092583,"NIKON D5100","Helmuth","INTERTIDAL",9,"25 X 25",NA,"robot",NA
"339","USMEGS201807_160_high_(2).JPG",2018-07-13,"Rocky shore","USA","MAINE","MIDCOAST","HIGHTIDE",25,44.371417,-68.092583,"NIKON D5100","Helmuth","INTERTIDAL",9,"25 X 25",NA,"robot",NA
"340","USMEGS201807_166_high_(2).JPG",2018-07-13,"Rocky shore","USA","MAINE","MIDCOAST","HIGHTIDE",25,44.371417,-68.092583,"NIKON D5100","Helmuth","INTERTIDAL",9,"25 X 25",NA,"robot",NA
"341","USMEGS201807_186_high_(2).JPG",2018-07-13,"Rocky shore","USA","MAINE","MIDCOAST","HIGHTIDE",25,44.371417,-68.092583,"NIKON D5100","Helmuth","INTERTIDAL",9,"25 X 25",NA,"robot",NA
"342","USMEGS201807_187_high_(2).JPG",2018-07-13,"Rocky shore","USA","MAINE","MIDCOAST","HIGHTIDE",25,44.371417,-68.092583,"NIKON D5100","Helmuth","INTERTIDAL",9,"25 X 25",NA,"robot",NA
"343","USMEGS201807_94_low_(2).JPG",2018-07-13,"Rocky shore","USA","MAINE","MIDCOAST","LOWTIDE",25,44.371417,-68.092583,"NIKON D5100","Helmuth","INTERTIDAL",9,"25 X 25",NA,"robot",NA
"344","USMEGS201807_98_low_(3).JPG",2018-07-13,"Rocky shore","USA","MAINE","MIDCOAST","LOWTIDE",25,44.371417,-68.092583,"NIKON D5100","Helmuth","INTERTIDAL",9,"25 X 25",NA,"robot",NA
"345","USMEGS201807_99_low_(2).JPG",2018-07-13,"Rocky shore","USA","MAINE","MIDCOAST","LOWTIDE",25,44.371417,-68.092583,"NIKON D5100","Helmuth","INTERTIDAL",9,"25 X 25",NA,"robot",NA
"346","USMEGS201808_107_low_(3).JPG",2018-08-13,"Rocky shore","USA","MAINE","MIDCOAST","LOWTIDE",25,44.371417,-68.092583,"NIKON D5100","Helmuth","INTERTIDAL",9,"25 X 25",NA,"robot",NA
"347","USMEGS201808_133_low_(4).JPG",2018-08-13,"Rocky shore","USA","MAINE","MIDCOAST","LOWTIDE",25,44.371417,-68.092583,"NIKON D5100","Helmuth","INTERTIDAL",9,"25 X 25",NA,"robot",NA
"348","USMEGS201808_134_high_(2).JPG",2018-08-13,"Rocky shore","USA","MAINE","MIDCOAST","HIGHTIDE",25,44.371417,-68.092583,"NIKON D5100","Helmuth","INTERTIDAL",9,"25 X 25",NA,"robot",NA
"349","USMEGS201808_135_high_(2).JPG",2018-08-13,"Rocky shore","USA","MAINE","MIDCOAST","HIGHTIDE",25,44.371417,-68.092583,"NIKON D5100","Helmuth","INTERTIDAL",9,"25 X 25",NA,"robot",NA
"350","USMEGS201808_159_high_(2).JPG",2018-08-13,"Rocky shore","USA","MAINE","MIDCOAST","HIGHTIDE",25,44.371417,-68.092583,"NIKON D5100","Helmuth","INTERTIDAL",9,"25 X 25",NA,"robot",NA
"351","USMEGS201808_160_high_(2).JPG",2018-08-13,"Rocky shore","USA","MAINE","MIDCOAST","HIGHTIDE",25,44.371417,-68.092583,"NIKON D5100","Helmuth","INTERTIDAL",9,"25 X 25",NA,"robot",NA
"352","USMEGS201808_165_high_(3).JPG",2018-08-13,"Rocky shore","USA","MAINE","MIDCOAST","HIGHTIDE",25,44.371417,-68.092583,"NIKON D5100","Helmuth","INTERTIDAL",9,"25 X 25",NA,"robot",NA
"353","USMEGS201808_166_high_(2).JPG",2018-08-13,"Rocky shore","USA","MAINE","MIDCOAST","HIGHTIDE",25,44.371417,-68.092583,"NIKON D5100","Helmuth","INTERTIDAL",9,"25 X 25",NA,"robot",NA
"354","USMEGS201808_186_high_(1).JPG",2018-08-13,"Rocky shore","USA","MAINE","MIDCOAST","HIGHTIDE",25,44.371417,-68.092583,"NIKON D5100","Helmuth","INTERTIDAL",9,"25 X 25",NA,"robot",NA
"355","USMEGS201808_94_low_(2).JPG",2018-08-13,"Rocky shore","USA","MAINE","MIDCOAST","LOWTIDE",25,44.371417,-68.092583,"NIKON D5100","Helmuth","INTERTIDAL",9,"25 X 25",NA,"robot",NA
"356","USMEGS201808_99_low_(3).JPG",2018-08-13,"Rocky shore","USA","MAINE","MIDCOAST","LOWTIDE",25,44.371417,-68.092583,"NIKON D5100","Helmuth","INTERTIDAL",9,"25 X 25",NA,"robot",NA
"357","USMEGS201905_107_low_(2).JPG",2019-05-15,"Rocky shore","USA","MAINE","MIDCOAST","LOWTIDE",25,44.371417,-68.092583,"NIKON D5100","Helmuth","INTERTIDAL",9,"25 X 25",NA,"robot",NA
"358","USMEGS201905_134_high_(3).JPG",2019-05-15,"Rocky shore","USA","MAINE","MIDCOAST","HIGHTIDE",25,44.371417,-68.092583,"NIKON D5100","Helmuth","INTERTIDAL",9,"25 X 25",NA,"robot",NA
"359","USMEGS201905_160_high_(2).JPG",2019-05-15,"Rocky shore","USA","MAINE","MIDCOAST","HIGHTIDE",25,44.371417,-68.092583,"NIKON D5100","Helmuth","INTERTIDAL",0,"25 X 25",NA,"robot",NA
"360","USMEGS201905_165_high_(2).JPG",2019-05-15,"Rocky shore","USA","MAINE","MIDCOAST","HIGHTIDE",25,44.371417,-68.092583,"NIKON D5100","Helmuth","INTERTIDAL",0,"25 X 25",NA,"robot",NA
"361","USMEGS201905_187_high_(2).JPG",2019-05-15,"Rocky shore","USA","MAINE","MIDCOAST","HIGHTIDE",25,44.371417,-68.092583,"NIKON D5100","Helmuth","INTERTIDAL",9,"25 X 25",NA,"robot",NA
"362","USMEGS201905_99_low_(2).JPG",2019-05-15,"Rocky shore","USA","MAINE","MIDCOAST","LOWTIDE",25,44.371417,-68.092583,"NIKON D5100","Helmuth","INTERTIDAL",9,"25 X 25",NA,"robot",NA
