Name,source,country,site,strata,BRY,CNCA,CNTR,CRB,MOB,MOG,SP,WPOT,SC,SHAD,Unc,MAA,MAEC,MAEF,MAEN,MAF,MAG,MALA,MALCB,MAS
AR_PM_PC_HT_20181105_Q01,human,AR,PC,HT,0,0,0,0,0,0,0,0,66,0,0,0,0,0,0,34,0,0,0,0
AR_PM_PC_HT_20181105_Q02,human,AR,PC,HT,0,0,0,1,0,0,0,0,46,0,0,0,0,0,0,53,0,0,0,0
AR_PM_PC_HT_20181105_Q03,human,AR,PC,HT,0,0,0,0,0,0,0,0,44,0,0,0,0,0,0,56,0,0,0,0
AR_PM_PC_HT_20181105_Q04,human,AR,PC,HT,0,0,0,0,0,0,0,0,31,0,0,0,0,0,0,69,0,0,0,0
AR_PM_PC_HT_20181105_Q05,human,AR,PC,HT,0,0,0,0,0,0,0,0,33,0,0,0,0,0,0,67,0,0,0,0
AR_PM_PC_HT_20181105_Q06,human,AR,PC,HT,0,0,0,0,7,0,0,0,45,0,0,0,0,0,0,48,0,0,0,0
AR_PM_PC_HT_20181105_Q07,human,AR,PC,HT,0,0,0,0,14,0,0,0,42,0,0,0,0,0,0,42,0,0,0,2
AR_PM_PC_HT_20181105_Q08,human,AR,PC,HT,0,0,0,0,4,0,0,0,36,0,0,0,0,0,0,60,0,0,0,0
AR_PM_PC_HT_20181105_Q09,human,AR,PC,HT,0,0,0,0,0,0,0,0,40,0,0,0,0,0,0,60,0,0,0,0
AR_PM_PC_HT_20181105_Q10,human,AR,PC,HT,0,0,0,0,2,0,0,0,35,0,0,0,0,0,0,59,0,0,0,4
AR_PM_PC_LT_20181105_Q01,human,AR,PC,LT,0,0,0,0,0,0,0,2,34,0,0,18,0,0,0,22,0,0,0,24
AR_PM_PC_LT_20181105_Q02,human,AR,PC,LT,0,0,0,0,0,0,0,20,37,0,0,2,0,0,0,13,0,0,0,28
AR_PM_PC_LT_20181105_Q03,human,AR,PC,LT,0,0,0,0,0,0,0,1,27,0,0,33,0,0,0,14,0,0,0,25
AR_PM_PC_LT_20181105_Q04,human,AR,PC,LT,0,0,0,0,0,0,0,8,23,0,0,6,0,0,0,28,0,0,0,35
AR_PM_PC_LT_20181105_Q05,human,AR,PC,LT,0,0,0,0,0,0,0,7,18,0,0,3,0,0,0,7,0,0,0,65
AR_PM_PC_LT_20181105_Q06,human,AR,PC,LT,0,0,0,0,0,0,0,8,34,0,0,14,0,0,0,21,0,0,0,23
AR_PM_PC_LT_20181105_Q07,human,AR,PC,LT,0,0,0,0,0,0,0,9,42,0,0,22,0,0,0,4,0,0,0,23
AR_PM_PC_LT_20181105_Q08,human,AR,PC,LT,0,0,0,0,0,0,0,0,46,0,0,16,0,0,0,10,0,0,0,28
AR_PM_PC_LT_20181105_Q09,human,AR,PC,LT,0,0,0,0,0,0,0,2,20,0,0,14,0,0,0,18,0,0,0,46
AR_PM_PC_LT_20181105_Q10,human,AR,PC,LT,0,0,0,0,0,0,0,3,35,0,0,18,0,0,0,15,0,0,0,29
AR_PM_PC_MT_20181105_Q01,human,AR,PC,MT,0,0,0,3,89,0,0,0,3,0,0,0,0,0,5,0,0,0,0,0
AR_PM_PC_MT_20181105_Q02,human,AR,PC,MT,0,0,0,4,88,0,0,0,4,0,0,0,0,0,4,0,0,0,0,0
AR_PM_PC_MT_20181105_Q03,human,AR,PC,MT,0,0,0,3,82,0,0,0,8,0,0,0,0,0,5,0,0,0,0,2
AR_PM_PC_MT_20181105_Q04,human,AR,PC,MT,0,0,0,1,86,0,0,0,7,0,0,0,0,0,4,0,0,0,0,2
AR_PM_PC_MT_20181105_Q05,human,AR,PC,MT,0,0,0,0,78,0,0,0,11,0,0,0,0,0,3,0,0,0,0,8
AR_PM_PC_MT_20181105_Q06,human,AR,PC,MT,0,0,0,1,90,0,0,0,5,0,0,0,0,0,4,0,0,0,0,0
AR_PM_PC_MT_20181105_Q07,human,AR,PC,MT,0,0,0,4,88,0,0,0,5,0,0,0,0,0,3,0,0,0,0,0
AR_PM_PC_MT_20181105_Q08,human,AR,PC,MT,0,0,0,9,87,0,0,0,3,0,0,0,0,0,0,0,0,0,0,1
AR_PM_PC_MT_20181105_Q09,human,AR,PC,MT,0,0,0,3,78,0,0,0,17,0,0,0,0,0,2,0,0,0,0,0
AR_PM_PC_MT_20181105_Q10,human,AR,PC,MT,0,0,0,7,89,0,0,0,0,0,0,0,0,0,4,0,0,0,0,0
AR_PM_PE_HT_20181025_Q01,human,AR,PE,HT,0,0,0,0,5,0,0,0,41,0,0,0,0,0,0,50,0,0,0,4
AR_PM_PE_HT_20181025_Q02,human,AR,PE,HT,0,0,0,12,0,0,0,0,76,0,0,1,0,0,2,9,0,0,0,0
AR_PM_PE_HT_20181025_Q03,human,AR,PE,HT,0,0,0,3,0,0,0,0,87,0,0,0,0,0,0,10,0,0,0,0
AR_PM_PE_HT_20181025_Q04,human,AR,PE,HT,0,0,0,5,0,0,0,0,86,0,0,0,0,0,0,8,0,0,0,1
AR_PM_PE_HT_20181025_Q05,human,AR,PE,HT,0,0,0,3,0,0,0,0,68,0,0,0,0,0,6,23,0,0,0,0
AR_PM_PE_HT_20181025_Q06,human,AR,PE,HT,0,0,0,7,0,0,0,0,86,0,0,0,0,0,5,2,0,0,0,0
AR_PM_PE_HT_20181025_Q07,human,AR,PE,HT,0,0,0,7,0,0,0,0,90,0,0,0,0,0,3,0,0,0,0,0
AR_PM_PE_HT_20181025_Q08,human,AR,PE,HT,0,0,0,1,0,0,0,0,44,0,0,0,0,0,5,50,0,0,0,0
AR_PM_PE_HT_20181025_Q09,human,AR,PE,HT,0,0,0,11,0,0,0,0,60,0,0,0,0,0,10,19,0,0,0,0
AR_PM_PE_HT_20181025_Q10,human,AR,PE,HT,0,0,0,0,0,0,0,0,69,0,0,0,0,0,1,30,0,0,0,0
AR_PM_PE_LT_20181025_Q01,human,AR,PE,LT,0,0,0,0,0,0,0,0,3,0,0,35,0,0,0,56,0,0,0,6
AR_PM_PE_LT_20181025_Q02,human,AR,PE,LT,0,0,0,0,0,0,0,0,2,0,0,26,0,0,0,32,0,0,0,40
AR_PM_PE_LT_20181025_Q03,human,AR,PE,LT,0,0,0,0,0,0,0,0,1,0,0,1,0,0,0,61,0,0,21,16
AR_PM_PE_LT_20181025_Q04,human,AR,PE,LT,0,0,0,0,0,0,0,0,5,0,0,2,0,0,0,55,0,0,24,14
AR_PM_PE_LT_20181025_Q05,human,AR,PE,LT,0,0,0,0,0,0,0,0,2,0,0,4,0,0,0,60,0,0,3,31
AR_PM_PE_LT_20181025_Q06,human,AR,PE,LT,0,0,0,0,0,0,0,0,1,0,0,17,0,0,0,53,0,0,0,29
AR_PM_PE_LT_20181025_Q07,human,AR,PE,LT,0,0,0,0,2,0,0,0,2,0,0,34,0,0,1,47,0,0,0,14
AR_PM_PE_LT_20181025_Q08,human,AR,PE,LT,0,0,0,0,0,0,0,0,1,0,0,6,0,0,0,57,0,0,0,36
AR_PM_PE_LT_20181025_Q09,human,AR,PE,LT,0,0,0,0,0,0,0,0,1,0,0,8,0,0,0,61,0,0,0,30
AR_PM_PE_LT_20181025_Q10,human,AR,PE,LT,0,0,0,0,0,0,0,0,3,0,0,18,0,0,0,56,0,0,2,21
AR_PM_PE_MT_20181025_Q01,human,AR,PE,MT,0,0,0,7,85,0,0,0,4,0,0,2,0,0,2,0,0,0,0,0
AR_PM_PE_MT_20181025_Q02,human,AR,PE,MT,0,0,0,3,87,0,0,0,1,0,0,2,0,0,7,0,0,0,0,0
AR_PM_PE_MT_20181025_Q03,human,AR,PE,MT,0,0,0,2,95,0,0,0,2,0,0,0,0,0,1,0,0,0,0,0
AR_PM_PE_MT_20181025_Q04,human,AR,PE,MT,0,0,0,3,87,0,0,0,4,0,0,0,0,0,6,0,0,0,0,0
AR_PM_PE_MT_20181025_Q05,human,AR,PE,MT,0,0,0,5,79,0,0,0,4,0,0,0,0,0,7,5,0,0,0,0
AR_PM_PE_MT_20181025_Q06,human,AR,PE,MT,0,0,0,2,81,0,0,0,1,0,0,5,0,0,6,5,0,0,0,0
AR_PM_PE_MT_20181025_Q07,human,AR,PE,MT,0,0,0,0,93,0,0,0,1,0,0,2,0,0,3,1,0,0,0,0
AR_PM_PE_MT_20181025_Q08,human,AR,PE,MT,0,0,0,0,83,0,0,0,9,0,0,0,0,0,8,0,0,0,0,0
AR_PM_PE_MT_20181025_Q09,human,AR,PE,MT,0,0,0,3,93,0,0,0,1,0,0,0,0,0,3,0,0,0,0,0
AR_PM_PE_MT_20181025_Q10,human,AR,PE,MT,0,0,0,0,95,0,0,0,1,0,0,4,0,0,0,0,0,0,0,0
AR_PM_PL_HT_20181026_Q01,human,AR,PL,HT,0,0,0,0,0,0,0,1,92,0,0,0,0,0,0,6,0,0,0,1
AR_PM_PL_HT_20181026_Q02,human,AR,PL,HT,0,0,0,0,0,0,0,0,88,0,0,0,0,0,2,10,0,0,0,0
AR_PM_PL_HT_20181026_Q03,human,AR,PL,HT,0,0,0,0,0,0,0,0,93,0,0,0,0,0,2,3,0,0,0,2
AR_PM_PL_HT_20181026_Q04,human,AR,PL,HT,0,0,0,0,0,0,0,1,93,0,0,0,0,0,1,4,0,0,0,1
AR_PM_PL_HT_20181026_Q05,human,AR,PL,HT,0,0,0,0,0,0,0,1,88,0,0,0,0,0,0,11,0,0,0,0
AR_PM_PL_HT_20181026_Q06,human,AR,PL,HT,0,0,0,0,0,0,0,0,73,0,0,0,0,0,0,27,0,0,0,0
AR_PM_PL_HT_20181026_Q07,human,AR,PL,HT,0,0,0,0,0,0,0,0,61,0,0,0,0,0,0,38,0,0,0,1
AR_PM_PL_HT_20181026_Q08,human,AR,PL,HT,0,0,0,0,0,0,0,0,21,0,0,0,0,0,0,76,0,0,0,3
AR_PM_PL_HT_20181026_Q09,human,AR,PL,HT,0,0,0,0,0,0,0,0,36,0,0,0,0,0,2,59,0,0,0,3
AR_PM_PL_HT_20181026_Q10,human,AR,PL,HT,0,0,0,0,0,0,0,0,55,0,0,0,0,0,0,45,0,0,0,0
AR_PM_PL_LT_20181026_Q01,human,AR,PL,LT,0,0,0,0,0,0,0,0,0,0,0,17,0,0,0,3,0,0,19,61
AR_PM_PL_LT_20181026_Q02,human,AR,PL,LT,0,0,0,0,0,0,0,0,0,0,0,18,0,0,8,4,0,0,0,70
AR_PM_PL_LT_20181026_Q03,human,AR,PL,LT,0,0,0,0,0,0,0,0,0,0,0,15,0,0,0,5,0,0,0,80
AR_PM_PL_LT_20181026_Q04,human,AR,PL,LT,0,0,0,0,0,0,0,0,2,0,0,10,0,0,0,5,0,0,11,72
AR_PM_PL_LT_20181026_Q05,human,AR,PL,LT,0,0,0,0,0,0,0,0,1,0,0,35,0,0,0,4,0,0,0,60
AR_PM_PL_LT_20181026_Q06,human,AR,PL,LT,0,0,0,0,0,0,0,0,0,0,0,29,0,0,0,9,0,0,2,60
AR_PM_PL_LT_20181026_Q07,human,AR,PL,LT,0,0,0,0,0,0,0,0,0,0,0,11,0,0,0,8,0,0,0,81
AR_PM_PL_LT_20181026_Q08,human,AR,PL,LT,0,0,0,0,1,0,0,0,2,0,0,24,0,0,0,9,0,0,0,64
AR_PM_PL_LT_20181026_Q09,human,AR,PL,LT,0,0,0,0,0,0,0,0,0,0,0,16,0,0,0,10,0,0,3,71
AR_PM_PL_LT_20181026_Q10,human,AR,PL,LT,0,0,0,0,3,0,0,0,4,0,0,24,0,0,1,10,1,0,3,54
AR_PM_PL_MT_20181026_Q01,human,AR,PL,MT,0,0,0,0,73,0,0,0,2,0,0,7,0,0,1,6,0,0,0,11
AR_PM_PL_MT_20181026_Q02,human,AR,PL,MT,0,0,0,0,64,0,0,0,6,0,0,2,0,0,10,15,0,0,0,3
AR_PM_PL_MT_20181026_Q03,human,AR,PL,MT,0,0,0,1,39,0,0,0,22,0,0,0,0,0,21,16,0,0,0,1
AR_PM_PL_MT_20181026_Q04,human,AR,PL,MT,0,0,0,0,50,0,0,0,13,0,0,0,0,0,30,4,0,0,0,3
AR_PM_PL_MT_20181026_Q05,human,AR,PL,MT,0,0,0,0,89,0,0,0,0,0,0,5,0,0,0,2,0,0,0,4
AR_PM_PL_MT_20181026_Q06,human,AR,PL,MT,0,0,0,0,82,0,0,0,7,0,0,3,0,0,4,1,0,0,0,3
AR_PM_PL_MT_20181026_Q07,human,AR,PL,MT,0,0,0,1,74,0,0,0,1,0,0,14,0,0,5,0,0,0,0,5
AR_PM_PL_MT_20181026_Q08,human,AR,PL,MT,0,0,0,0,94,0,0,0,1,0,0,2,0,0,1,2,0,0,0,0
AR_PM_PL_MT_20181026_Q09,human,AR,PL,MT,0,0,0,0,93,0,0,0,0,0,0,3,0,0,3,0,0,0,0,1
AR_PM_PL_MT_20181026_Q10,human,AR,PL,MT,0,0,0,0,90,0,0,0,4,0,0,3,0,0,1,1,0,0,0,1
CO_GI_LM_HT_20181014_Q01,human,CO,LM,HT,0,0,0,0,0,0,0,0,100,0,0,0,0,0,0,0,0,0,0,0
CO_GI_LM_HT_20181014_Q02,human,CO,LM,HT,0,0,0,0,0,0,0,0,100,0,0,0,0,0,0,0,0,0,0,0
CO_GI_LM_HT_20181014_Q03,human,CO,LM,HT,0,0,0,0,0,1,0,0,99,0,0,0,0,0,0,0,0,0,0,0
CO_GI_LM_HT_20181014_Q04,human,CO,LM,HT,0,0,0,0,0,1,0,0,99,0,0,0,0,0,0,0,0,0,0,0
CO_GI_LM_HT_20181014_Q05,human,CO,LM,HT,0,0,0,0,0,0,0,0,100,0,0,0,0,0,0,0,0,0,0,0
CO_GI_LM_HT_20181014_Q06,human,CO,LM,HT,0,0,0,0,0,0,0,0,99,0,1,0,0,0,0,0,0,0,0,0
CO_GI_LM_HT_20181014_Q07,human,CO,LM,HT,0,0,0,0,0,0,0,0,100,0,0,0,0,0,0,0,0,0,0,0
CO_GI_LM_HT_20181014_Q08,human,CO,LM,HT,0,0,0,0,0,0,0,0,100,0,0,0,0,0,0,0,0,0,0,0
CO_GI_LM_HT_20181014_Q09,human,CO,LM,HT,0,0,0,0,0,3,0,0,97,0,0,0,0,0,0,0,0,0,0,0
CO_GI_LM_HT_20181014_Q10,human,CO,LM,HT,0,0,0,0,0,1,0,0,99,0,0,0,0,0,0,0,0,0,0,0
CO_GI_LM_LT_20181014_Q01,human,CO,LM,LT,0,0,0,0,0,1,0,0,98,0,0,0,0,0,1,0,0,0,0,0
CO_GI_LM_LT_20181014_Q02,human,CO,LM,LT,0,0,0,0,0,0,0,0,92,0,0,0,0,0,2,6,0,0,0,0
CO_GI_LM_LT_20181014_Q03,human,CO,LM,LT,0,0,0,0,0,0,0,0,74,0,0,0,0,0,11,15,0,0,0,0
CO_GI_LM_LT_20181014_Q04,human,CO,LM,LT,0,0,0,0,0,0,0,0,98,0,0,0,0,0,0,2,0,0,0,0
CO_GI_LM_LT_20181014_Q05,human,CO,LM,LT,0,0,0,0,0,1,0,0,68,0,0,0,0,0,31,0,0,0,0,0
CO_GI_LM_LT_20181014_Q06,human,CO,LM,LT,0,0,0,0,0,0,0,0,80,0,0,0,0,0,20,0,0,0,0,0
CO_GI_LM_LT_20181014_Q07,human,CO,LM,LT,0,0,0,0,0,0,0,0,73,0,1,0,0,0,24,2,0,0,0,0
CO_GI_LM_LT_20181014_Q08,human,CO,LM,LT,0,0,0,0,0,0,0,0,70,0,0,0,0,0,30,0,0,0,0,0
CO_GI_LM_LT_20181014_Q09,human,CO,LM,LT,0,0,0,0,0,0,0,0,100,0,0,0,0,0,0,0,0,0,0,0
CO_GI_LM_LT_20181014_Q10,human,CO,LM,LT,0,0,0,0,0,0,0,0,64,0,0,0,0,0,34,2,0,0,0,0
CO_GI_LM_MT_20181014_Q01,human,CO,LM,MT,0,0,0,0,0,0,0,0,100,0,0,0,0,0,0,0,0,0,0,0
CO_GI_LM_MT_20181014_Q02,human,CO,LM,MT,0,0,0,0,0,1,0,0,98,0,0,0,0,0,1,0,0,0,0,0
CO_GI_LM_MT_20181014_Q03,human,CO,LM,MT,0,0,0,0,0,0,0,0,93,0,0,0,0,0,7,0,0,0,0,0
CO_GI_LM_MT_20181014_Q04,human,CO,LM,MT,0,0,0,0,0,0,0,0,97,0,0,0,0,0,3,0,0,0,0,0
CO_GI_LM_MT_20181014_Q05,human,CO,LM,MT,0,0,0,0,0,0,0,0,100,0,0,0,0,0,0,0,0,0,0,0
CO_GI_LM_MT_20181014_Q06,human,CO,LM,MT,0,0,0,0,0,0,0,0,98,0,0,0,0,0,2,0,0,0,0,0
CO_GI_LM_MT_20181014_Q07,human,CO,LM,MT,0,0,0,0,0,0,0,0,86,0,0,0,0,0,13,1,0,0,0,0
CO_GI_LM_MT_20181014_Q08,human,CO,LM,MT,0,0,0,0,0,0,0,0,84,0,0,0,0,0,16,0,0,0,0,0
CO_GI_LM_MT_20181014_Q09,human,CO,LM,MT,0,0,0,0,0,0,0,0,77,0,0,0,0,0,23,0,0,0,0,0
CO_GI_LM_MT_20181014_Q10,human,CO,LM,MT,0,0,0,0,0,0,0,0,54,0,0,0,0,0,40,6,0,0,0,0
CO_GI_LV_HT_20181010_Q01,human,CO,LV,HT,0,0,0,0,0,0,0,0,98,0,0,0,0,0,2,0,0,0,0,0
CO_GI_LV_HT_20181010_Q02,human,CO,LV,HT,0,0,0,0,0,0,0,0,100,0,0,0,0,0,0,0,0,0,0,0
CO_GI_LV_HT_20181010_Q03,human,CO,LV,HT,0,0,0,0,0,4,0,0,96,0,0,0,0,0,0,0,0,0,0,0
CO_GI_LV_HT_20181010_Q04,human,CO,LV,HT,0,0,0,0,0,3,0,0,88,0,9,0,0,0,0,0,0,0,0,0
CO_GI_LV_HT_20181010_Q05,human,CO,LV,HT,0,0,0,0,0,0,0,0,100,0,0,0,0,0,0,0,0,0,0,0
CO_GI_LV_HT_20181010_Q06,human,CO,LV,HT,0,0,0,0,0,3,0,0,97,0,0,0,0,0,0,0,0,0,0,0
CO_GI_LV_HT_20181010_Q07,human,CO,LV,HT,0,0,0,0,0,1,0,0,99,0,0,0,0,0,0,0,0,0,0,0
CO_GI_LV_HT_20181010_Q08,human,CO,LV,HT,0,0,0,0,0,1,0,0,99,0,0,0,0,0,0,0,0,0,0,0
CO_GI_LV_HT_20181010_Q09,human,CO,LV,HT,0,0,0,0,0,0,0,0,100,0,0,0,0,0,0,0,0,0,0,0
CO_GI_LV_HT_20181010_Q10,human,CO,LV,HT,0,0,0,0,0,1,0,0,99,0,0,0,0,0,0,0,0,0,0,0
CO_GI_LV_LT_20181011_Q01,human,CO,LV,LT,0,0,0,0,0,0,0,0,22,0,0,0,0,0,1,77,0,0,0,0
CO_GI_LV_LT_20181011_Q02,human,CO,LV,LT,0,0,0,0,0,0,0,0,48,0,0,0,0,0,52,0,0,0,0,0
CO_GI_LV_LT_20181011_Q03,human,CO,LV,LT,0,0,0,0,0,0,0,0,19,0,0,0,0,0,13,68,0,0,0,0
CO_GI_LV_LT_20181011_Q04,human,CO,LV,LT,0,0,0,0,0,0,0,0,21,0,0,3,0,0,3,73,0,0,0,0
CO_GI_LV_LT_20181011_Q05,human,CO,LV,LT,0,0,0,0,0,0,0,0,20,0,0,0,0,0,24,56,0,0,0,0
CO_GI_LV_LT_20181011_Q06,human,CO,LV,LT,0,0,0,0,0,0,0,0,2,0,1,26,0,0,20,50,1,0,0,0
CO_GI_LV_LT_20181011_Q07,human,CO,LV,LT,0,0,0,0,0,0,0,0,3,0,0,8,0,0,74,15,0,0,0,0
CO_GI_LV_LT_20181011_Q08,human,CO,LV,LT,0,0,0,0,0,0,0,0,18,0,0,3,0,0,5,74,0,0,0,0
CO_GI_LV_LT_20181011_Q09,human,CO,LV,LT,0,0,0,0,0,0,0,0,39,0,0,2,0,0,3,53,3,0,0,0
CO_GI_LV_LT_20181011_Q10,human,CO,LV,LT,0,0,0,0,0,0,0,0,0,0,0,35,0,0,65,0,0,0,0,0
CO_GI_LV_MT_20181010_Q01,human,CO,LV,MT,0,0,0,1,0,1,0,0,91,0,0,0,0,0,7,0,0,0,0,0
CO_GI_LV_MT_20181010_Q02,human,CO,LV,MT,0,0,0,4,0,0,0,0,60,0,0,0,0,0,36,0,0,0,0,0
CO_GI_LV_MT_20181010_Q03,human,CO,LV,MT,0,0,0,0,0,0,0,0,23,0,0,0,0,0,55,22,0,0,0,0
CO_GI_LV_MT_20181010_Q04,human,CO,LV,MT,0,0,0,0,0,0,0,0,61,0,0,0,0,0,39,0,0,0,0,0
CO_GI_LV_MT_20181010_Q05,human,CO,LV,MT,0,0,0,0,0,0,0,0,53,0,0,2,0,0,19,26,0,0,0,0
CO_GI_LV_MT_20181010_Q06,human,CO,LV,MT,0,0,0,0,0,0,0,0,68,0,0,0,0,0,32,0,0,0,0,0
CO_GI_LV_MT_20181010_Q07,human,CO,LV,MT,0,0,0,0,0,0,0,0,79,0,0,0,0,0,21,0,0,0,0,0
CO_GI_LV_MT_20181010_Q08,human,CO,LV,MT,0,0,0,0,0,0,0,0,76,0,0,0,0,0,23,1,0,0,0,0
CO_GI_LV_MT_20181010_Q09,human,CO,LV,MT,0,0,0,0,0,0,0,0,92,0,0,0,0,0,8,0,0,0,0,0
CO_GI_LV_MT_20181010_Q10,human,CO,LV,MT,0,0,0,0,0,6,0,0,76,0,0,0,0,0,18,0,0,0,0,0
CO_GI_PV_HT_20181012_Q01,human,CO,PV,HT,0,0,0,0,0,0,0,0,100,0,0,0,0,0,0,0,0,0,0,0
CO_GI_PV_HT_20181012_Q02,human,CO,PV,HT,0,0,0,0,0,0,0,0,100,0,0,0,0,0,0,0,0,0,0,0
CO_GI_PV_HT_20181012_Q03,human,CO,PV,HT,0,0,0,0,0,2,0,0,98,0,0,0,0,0,0,0,0,0,0,0
CO_GI_PV_HT_20181012_Q04,human,CO,PV,HT,0,0,0,0,0,0,0,0,100,0,0,0,0,0,0,0,0,0,0,0
CO_GI_PV_HT_20181012_Q05,human,CO,PV,HT,0,0,0,0,0,1,0,0,99,0,0,0,0,0,0,0,0,0,0,0
CO_GI_PV_HT_20181012_Q06,human,CO,PV,HT,0,0,0,0,0,1,0,0,99,0,0,0,0,0,0,0,0,0,0,0
CO_GI_PV_HT_20181012_Q07,human,CO,PV,HT,0,0,0,0,0,1,0,0,99,0,0,0,0,0,0,0,0,0,0,0
CO_GI_PV_HT_20181012_Q08,human,CO,PV,HT,0,0,0,0,0,0,0,0,99,0,1,0,0,0,0,0,0,0,0,0
CO_GI_PV_HT_20181012_Q09,human,CO,PV,HT,0,0,0,0,0,0,0,0,100,0,0,0,0,0,0,0,0,0,0,0
CO_GI_PV_HT_20181012_Q10,human,CO,PV,HT,0,0,0,0,0,0,0,0,100,0,0,0,0,0,0,0,0,0,0,0
CO_GI_PV_LT_20181012_Q01,human,CO,PV,LT,0,0,0,0,0,0,0,6,84,0,0,0,0,0,10,0,0,0,0,0
CO_GI_PV_LT_20181012_Q02,human,CO,PV,LT,0,0,0,0,0,0,0,0,89,0,0,0,0,0,11,0,0,0,0,0
CO_GI_PV_LT_20181012_Q03,human,CO,PV,LT,0,0,0,0,0,0,0,0,99,0,0,0,0,0,0,1,0,0,0,0
CO_GI_PV_LT_20181012_Q04,human,CO,PV,LT,0,0,0,0,0,0,0,0,85,0,0,0,0,0,9,6,0,0,0,0
CO_GI_PV_LT_20181012_Q05,human,CO,PV,LT,0,0,0,1,0,0,0,0,75,0,0,0,0,0,24,0,0,0,0,0
CO_GI_PV_LT_20181012_Q06,human,CO,PV,LT,0,0,0,0,0,0,0,0,88,0,0,0,0,0,5,7,0,0,0,0
CO_GI_PV_LT_20181012_Q07,human,CO,PV,LT,0,0,0,0,0,0,0,0,60,0,0,0,0,0,40,0,0,0,0,0
CO_GI_PV_LT_20181012_Q08,human,CO,PV,LT,0,0,0,0,0,0,0,0,71,0,0,0,0,0,29,0,0,0,0,0
CO_GI_PV_LT_20181012_Q09,human,CO,PV,LT,0,0,0,0,0,0,0,0,68,0,0,0,0,0,32,0,0,0,0,0
CO_GI_PV_LT_20181012_Q10,human,CO,PV,LT,0,0,0,0,0,0,0,0,41,0,0,0,0,0,59,0,0,0,0,0
CO_GI_PV_MT_20181012_Q01,human,CO,PV,MT,0,0,0,0,0,0,0,41,59,0,0,0,0,0,0,0,0,0,0,0
CO_GI_PV_MT_20181012_Q02,human,CO,PV,MT,0,0,0,0,0,0,0,0,100,0,0,0,0,0,0,0,0,0,0,0
CO_GI_PV_MT_20181012_Q03,human,CO,PV,MT,0,0,0,0,0,0,0,68,25,0,0,0,0,0,7,0,0,0,0,0
CO_GI_PV_MT_20181012_Q04,human,CO,PV,MT,0,0,0,0,0,0,0,8,56,0,0,0,0,0,34,2,0,0,0,0
CO_GI_PV_MT_20181012_Q05,human,CO,PV,MT,0,0,0,0,0,0,0,6,82,0,0,0,0,0,12,0,0,0,0,0
CO_GI_PV_MT_20181012_Q06,human,CO,PV,MT,0,0,0,0,0,0,0,0,100,0,0,0,0,0,0,0,0,0,0,0
CO_GI_PV_MT_20181012_Q07,human,CO,PV,MT,0,0,0,0,0,0,0,17,50,0,0,0,0,0,31,2,0,0,0,0
CO_GI_PV_MT_20181012_Q08,human,CO,PV,MT,0,0,0,0,0,0,0,20,51,0,0,0,0,0,29,0,0,0,0,0
CO_GI_PV_MT_20181012_Q09,human,CO,PV,MT,0,0,0,0,0,0,0,25,59,0,1,0,0,0,15,0,0,0,0,0
CO_GI_PV_MT_20181012_Q10,human,CO,PV,MT,0,0,0,0,0,0,0,13,79,0,0,0,0,0,8,0,0,0,0,0
EC_SX_CD_HT_20190327_Q01,human,EC,CD,HT,0,0,0,0,0,0,0,0,100,0,0,0,0,0,0,0,0,0,0,0
EC_SX_CD_HT_20190327_Q02,human,EC,CD,HT,0,0,0,0,0,0,0,0,100,0,0,0,0,0,0,0,0,0,0,0
EC_SX_CD_HT_20190327_Q03,human,EC,CD,HT,0,0,0,0,0,0,0,0,100,0,0,0,0,0,0,0,0,0,0,0
EC_SX_CD_HT_20190327_Q04,human,EC,CD,HT,0,0,0,0,0,0,0,0,100,0,0,0,0,0,0,0,0,0,0,0
EC_SX_CD_HT_20190327_Q05,human,EC,CD,HT,0,0,0,0,0,0,0,0,100,0,0,0,0,0,0,0,0,0,0,0
EC_SX_CD_HT_20190327_Q06,human,EC,CD,HT,0,0,0,0,0,0,0,0,100,0,0,0,0,0,0,0,0,0,0,0
EC_SX_CD_HT_20190327_Q07,human,EC,CD,HT,0,0,0,0,0,0,0,0,100,0,0,0,0,0,0,0,0,0,0,0
EC_SX_CD_HT_20190327_Q08,human,EC,CD,HT,0,0,0,0,0,0,0,0,100,0,0,0,0,0,0,0,0,0,0,0
EC_SX_CD_HT_20190327_Q09,human,EC,CD,HT,0,0,0,0,0,0,0,0,96,0,4,0,0,0,0,0,0,0,0,0
EC_SX_CD_HT_20190327_Q10,human,EC,CD,HT,0,0,0,0,0,0,0,0,92,0,5,0,0,0,0,3,0,0,0,0
EC_SX_CD_LT_20190327_Q01,human,EC,CD,LT,0,0,0,0,0,0,0,0,89,0,5,0,0,0,6,0,0,0,0,0
EC_SX_CD_LT_20190327_Q02,human,EC,CD,LT,0,1,0,0,0,0,0,0,85,0,9,0,0,0,5,0,0,0,0,0
EC_SX_CD_LT_20190327_Q03,human,EC,CD,LT,0,0,0,0,0,0,0,0,96,0,0,0,0,0,4,0,0,0,0,0
EC_SX_CD_LT_20190327_Q04,human,EC,CD,LT,0,0,0,0,0,0,0,0,98,0,0,0,0,0,2,0,0,0,0,0
EC_SX_CD_LT_20190327_Q05,human,EC,CD,LT,0,0,0,0,0,0,0,0,86,0,3,0,0,0,11,0,0,0,0,0
EC_SX_CD_LT_20190327_Q06,human,EC,CD,LT,0,4,0,0,0,0,0,0,89,0,5,0,0,0,2,0,0,0,0,0
EC_SX_CD_LT_20190327_Q07,human,EC,CD,LT,0,0,0,0,0,0,0,0,78,0,5,0,0,0,17,0,0,0,0,0
EC_SX_CD_LT_20190327_Q08,human,EC,CD,LT,0,0,0,0,0,0,0,0,58,0,0,0,0,0,42,0,0,0,0,0
EC_SX_CD_LT_20190327_Q09,human,EC,CD,LT,0,0,0,0,0,0,0,8,76,0,0,0,0,0,16,0,0,0,0,0
EC_SX_CD_LT_20190327_Q10,human,EC,CD,LT,0,0,0,0,0,0,0,0,74,0,2,0,0,0,11,11,0,0,0,2
EC_SX_CD_MT_20190327_Q01,human,EC,CD,MT,0,0,0,0,0,0,0,0,94,0,0,0,0,0,5,1,0,0,0,0
EC_SX_CD_MT_20190327_Q02,human,EC,CD,MT,0,0,0,0,0,0,0,0,100,0,0,0,0,0,0,0,0,0,0,0
EC_SX_CD_MT_20190327_Q03,human,EC,CD,MT,0,0,0,0,0,0,0,0,98,0,0,0,0,0,2,0,0,0,0,0
EC_SX_CD_MT_20190327_Q04,human,EC,CD,MT,0,0,0,0,0,0,0,0,98,0,2,0,0,0,0,0,0,0,0,0
EC_SX_CD_MT_20190327_Q05,human,EC,CD,MT,0,0,0,0,0,0,0,0,98,0,0,0,0,0,2,0,0,0,0,0
EC_SX_CD_MT_20190327_Q06,human,EC,CD,MT,0,0,0,0,0,0,0,0,100,0,0,0,0,0,0,0,0,0,0,0
EC_SX_CD_MT_20190327_Q07,human,EC,CD,MT,0,0,0,0,0,0,0,0,97,0,0,0,0,0,3,0,0,0,0,0
EC_SX_CD_MT_20190327_Q08,human,EC,CD,MT,0,0,0,0,0,0,0,0,98,0,0,0,0,0,2,0,0,0,0,0
EC_SX_CD_MT_20190327_Q09,human,EC,CD,MT,0,0,0,0,0,0,0,0,100,0,0,0,0,0,0,0,0,0,0,0
EC_SX_CD_MT_20190327_Q10,human,EC,CD,MT,0,0,0,0,0,0,0,0,97,0,1,0,0,0,2,0,0,0,0,0
EC_SX_RA_HT_20190328_Q01,human,EC,RA,HT,0,0,0,0,0,0,0,0,100,0,0,0,0,0,0,0,0,0,0,0
EC_SX_RA_HT_20190328_Q02,human,EC,RA,HT,0,0,0,0,0,0,0,0,100,0,0,0,0,0,0,0,0,0,0,0
EC_SX_RA_HT_20190328_Q03,human,EC,RA,HT,0,0,0,0,0,0,0,0,100,0,0,0,0,0,0,0,0,0,0,0
EC_SX_RA_HT_20190328_Q04,human,EC,RA,HT,0,0,0,0,0,0,0,0,100,0,0,0,0,0,0,0,0,0,0,0
EC_SX_RA_HT_20190328_Q05,human,EC,RA,HT,0,0,0,0,0,0,0,0,100,0,0,0,0,0,0,0,0,0,0,0
EC_SX_RA_HT_20190328_Q06,human,EC,RA,HT,0,0,0,0,0,0,0,0,100,0,0,0,0,0,0,0,0,0,0,0
EC_SX_RA_HT_20190328_Q07,human,EC,RA,HT,0,0,0,0,0,0,0,0,100,0,0,0,0,0,0,0,0,0,0,0
EC_SX_RA_HT_20190328_Q08,human,EC,RA,HT,0,0,0,0,0,0,0,0,100,0,0,0,0,0,0,0,0,0,0,0
EC_SX_RA_HT_20190328_Q09,human,EC,RA,HT,0,0,0,0,0,0,0,0,100,0,0,0,0,0,0,0,0,0,0,0
EC_SX_RA_HT_20190328_Q10,human,EC,RA,HT,0,0,0,0,0,0,0,0,100,0,0,0,0,0,0,0,0,0,0,0
EC_SX_RA_LT_20190328_Q01,human,EC,RA,LT,0,0,0,0,0,0,0,0,57,0,0,0,0,0,0,34,0,0,0,9
EC_SX_RA_LT_20190328_Q02,human,EC,RA,LT,0,0,0,0,0,0,0,0,93,0,0,0,0,0,7,0,0,0,0,0
EC_SX_RA_LT_20190328_Q03,human,EC,RA,LT,0,0,0,4,0,0,0,0,93,0,0,0,0,0,3,0,0,0,0,0
EC_SX_RA_LT_20190328_Q04,human,EC,RA,LT,0,0,0,1,0,0,0,0,79,0,13,0,0,0,5,2,0,0,0,0
EC_SX_RA_LT_20190328_Q05,human,EC,RA,LT,0,0,1,0,0,0,0,0,91,0,0,0,0,0,4,4,0,0,0,0
EC_SX_RA_LT_20190328_Q06,human,EC,RA,LT,0,0,0,0,0,0,0,0,37,0,0,0,0,0,0,63,0,0,0,0
EC_SX_RA_LT_20190328_Q07,human,EC,RA,LT,0,0,0,0,0,0,0,0,78,0,4,0,0,0,2,16,0,0,0,0
EC_SX_RA_LT_20190328_Q08,human,EC,RA,LT,0,0,0,0,0,0,0,0,55,0,5,0,0,0,4,36,0,0,0,0
EC_SX_RA_LT_20190328_Q09,human,EC,RA,LT,0,0,0,1,0,0,0,0,84,0,0,0,0,0,11,4,0,0,0,0
EC_SX_RA_LT_20190328_Q10,human,EC,RA,LT,0,0,0,0,0,0,0,0,16,0,0,0,0,0,0,84,0,0,0,0
EC_SX_RA_MT_20190328_Q01,human,EC,RA,MT,0,0,0,0,0,0,0,0,26,0,0,0,0,0,0,74,0,0,0,0
EC_SX_RA_MT_20190328_Q02,human,EC,RA,MT,0,0,0,0,0,0,0,0,96,0,0,0,0,0,0,4,0,0,0,0
EC_SX_RA_MT_20190328_Q03,human,EC,RA,MT,0,0,0,0,0,0,0,0,50,0,2,0,0,0,8,40,0,0,0,0
EC_SX_RA_MT_20190328_Q04,human,EC,RA,MT,0,0,0,0,0,0,0,0,98,0,0,0,0,0,2,0,0,0,0,0
EC_SX_RA_MT_20190328_Q05,human,EC,RA,MT,0,0,0,0,0,0,0,0,100,0,0,0,0,0,0,0,0,0,0,0
EC_SX_RA_MT_20190328_Q06,human,EC,RA,MT,0,0,0,0,0,0,0,0,94,0,0,0,0,0,6,0,0,0,0,0
EC_SX_RA_MT_20190328_Q07,human,EC,RA,MT,0,0,0,0,0,0,0,0,100,0,0,0,0,0,0,0,0,0,0,0
EC_SX_RA_MT_20190328_Q08,human,EC,RA,MT,0,0,5,0,0,0,0,0,43,0,0,0,0,0,0,52,0,0,0,0
EC_SX_RA_MT_20190328_Q09,human,EC,RA,MT,0,0,0,0,0,0,0,0,13,0,1,0,0,0,0,85,0,0,0,1
EC_SX_RA_MT_20190328_Q10,human,EC,RA,MT,0,0,0,0,0,0,0,0,55,0,0,0,0,0,0,45,0,0,0,0
EC_SX_TO_HT_20190329_Q01,human,EC,TO,HT,0,0,0,0,0,0,0,0,100,0,0,0,0,0,0,0,0,0,0,0
EC_SX_TO_HT_20190329_Q02,human,EC,TO,HT,0,0,0,0,0,0,0,0,100,0,0,0,0,0,0,0,0,0,0,0
EC_SX_TO_HT_20190329_Q03,human,EC,TO,HT,0,0,0,0,0,0,0,0,100,0,0,0,0,0,0,0,0,0,0,0
EC_SX_TO_HT_20190329_Q04,human,EC,TO,HT,0,0,0,0,0,0,0,0,100,0,0,0,0,0,0,0,0,0,0,0
EC_SX_TO_HT_20190329_Q05,human,EC,TO,HT,0,0,0,0,0,0,0,0,100,0,0,0,0,0,0,0,0,0,0,0
EC_SX_TO_HT_20190329_Q06,human,EC,TO,HT,0,0,0,0,0,0,0,0,100,0,0,0,0,0,0,0,0,0,0,0
EC_SX_TO_HT_20190329_Q07,human,EC,TO,HT,0,0,0,0,0,0,0,0,100,0,0,0,0,0,0,0,0,0,0,0
EC_SX_TO_HT_20190329_Q08,human,EC,TO,HT,0,0,0,0,0,0,0,0,100,0,0,0,0,0,0,0,0,0,0,0
EC_SX_TO_HT_20190329_Q09,human,EC,TO,HT,0,0,0,0,0,0,0,0,100,0,0,0,0,0,0,0,0,0,0,0
EC_SX_TO_HT_20190329_Q10,human,EC,TO,HT,0,0,0,0,0,0,0,0,100,0,0,0,0,0,0,0,0,0,0,0
EC_SX_TO_LT_20190329_Q01,human,EC,TO,LT,0,0,0,0,0,0,0,0,84,0,1,0,0,0,15,0,0,0,0,0
EC_SX_TO_LT_20190329_Q02,human,EC,TO,LT,0,0,0,0,0,0,0,0,86,0,0,0,0,0,14,0,0,0,0,0
EC_SX_TO_LT_20190329_Q03,human,EC,TO,LT,0,0,0,0,0,0,0,0,70,0,6,0,0,0,23,1,0,0,0,0
EC_SX_TO_LT_20190329_Q04,human,EC,TO,LT,0,0,0,0,0,0,0,0,77,0,7,0,0,0,14,2,0,0,0,0
EC_SX_TO_LT_20190329_Q05,human,EC,TO,LT,0,0,0,0,0,0,0,0,69,0,1,0,0,0,30,0,0,0,0,0
EC_SX_TO_LT_20190329_Q06,human,EC,TO,LT,0,0,0,0,0,0,0,0,50,0,5,0,0,0,45,0,0,0,0,0
EC_SX_TO_LT_20190329_Q07,human,EC,TO,LT,0,0,0,0,0,0,0,0,89,0,0,0,0,0,11,0,0,0,0,0
EC_SX_TO_LT_20190329_Q08,human,EC,TO,LT,0,0,0,0,0,0,0,0,79,0,3,0,0,0,18,0,0,0,0,0
EC_SX_TO_LT_20190329_Q09,human,EC,TO,LT,0,0,0,0,0,0,0,0,69,0,10,0,0,0,21,0,0,0,0,0
EC_SX_TO_LT_20190329_Q10,human,EC,TO,LT,0,0,0,0,0,0,0,0,94,0,0,0,0,0,6,0,0,0,0,0
EC_SX_TO_MT_20190329_Q01,human,EC,TO,MT,0,0,0,0,0,0,0,0,74,0,0,0,0,0,26,0,0,0,0,0
EC_SX_TO_MT_20190329_Q02,human,EC,TO,MT,0,0,0,0,0,0,0,0,87,0,1,0,0,0,12,0,0,0,0,0
EC_SX_TO_MT_20190329_Q03,human,EC,TO,MT,0,0,0,0,0,0,0,0,51,0,0,0,0,0,49,0,0,0,0,0
EC_SX_TO_MT_20190329_Q04,human,EC,TO,MT,0,0,0,0,0,0,0,0,18,0,0,0,0,0,82,0,0,0,0,0
EC_SX_TO_MT_20190329_Q05,human,EC,TO,MT,0,0,0,0,0,0,0,0,52,0,0,0,0,0,48,0,0,0,0,0
EC_SX_TO_MT_20190329_Q06,human,EC,TO,MT,0,0,0,0,0,0,0,0,46,0,0,0,0,0,54,0,0,0,0,0
EC_SX_TO_MT_20190329_Q07,human,EC,TO,MT,0,0,0,0,0,0,0,0,32,0,0,0,0,0,68,0,0,0,0,0
EC_SX_TO_MT_20190329_Q08,human,EC,TO,MT,0,0,0,0,0,0,0,0,25,0,0,0,0,0,75,0,0,0,0,0
EC_SX_TO_MT_20190329_Q09,human,EC,TO,MT,0,0,0,0,0,0,0,0,49,0,0,0,0,0,51,0,0,0,0,0
EC_SX_TO_MT_20190329_Q10,human,EC,TO,MT,0,0,0,0,0,0,0,0,9,0,0,0,0,0,91,0,0,0,0,0
USMAMH201807_138_low_(2),human,US,MAMH,MT,0,0,0,4,0,0,0,0,1,7,0,0,87,0,1,0,0,0,0,0
USMAMH201807_139_low_(2),human,US,MAMH,MT,0,0,0,5,0,0,0,0,2,3,0,0,87,0,3,0,0,0,0,0
USMAMH201807_419_low_(2),human,US,MAMH,MT,0,0,0,8,1,0,0,0,11,2,0,0,76,0,2,0,0,0,0,0
USMAMH201807_445_high_(3),human,US,MAMH,HT,0,0,0,8,0,1,0,0,80,0,0,0,11,0,0,0,0,0,0,0
USMAMH201807_503_high_(3),human,US,MAMH,HT,0,0,0,0,0,1,0,0,0,4,0,0,93,0,2,0,0,0,0,0
USMAMH201807_518_low_(2),human,US,MAMH,MT,0,0,0,0,0,0,0,0,0,0,0,0,100,0,0,0,0,0,0,0
USMAMH201807_552_low_(2),human,US,MAMH,MT,0,0,0,19,7,0,0,0,7,1,0,0,66,0,0,0,0,0,0,0
USMAMH201807_592_low_(2),human,US,MAMH,MT,0,0,0,0,0,0,0,0,1,1,0,0,93,0,5,0,0,0,0,0
USMAMH201807_593_low_(2),human,US,MAMH,MT,0,0,0,12,0,1,0,0,1,0,0,0,49,0,37,0,0,0,0,0
USMAMH201807_594_low_(3),human,US,MAMH,MT,0,0,0,25,0,0,0,0,6,0,0,0,62,3,4,0,0,0,0,0
USMAMH201807_595_high_(3),human,US,MAMH,HT,0,0,0,2,0,0,0,0,21,0,0,0,76,1,0,0,0,0,0,0
USMAMH201807_596_low_(2),human,US,MAMH,MT,0,0,0,34,0,0,0,0,42,0,0,0,22,1,1,0,0,0,0,0
USMAMH201807_598_high_(2),human,US,MAMH,HT,0,0,0,1,0,1,0,0,1,2,0,0,91,3,1,0,0,0,0,0
USMAMH201807_599_high_(3),human,US,MAMH,HT,0,0,0,0,0,0,0,0,0,10,0,0,88,2,0,0,0,0,0,0
USMAMH201807_600_high_(3),human,US,MAMH,HT,0,0,0,13,4,0,0,0,68,0,0,0,11,1,3,0,0,0,0,0
USMAMH201905_139_low_(3),human,US,MAMH,MT,0,0,0,3,6,3,0,0,4,0,0,0,81,0,3,0,0,0,0,0
USMAMH201905_442_high_(2),human,US,MAMH,HT,0,0,0,5,0,3,0,0,90,0,0,0,2,0,0,0,0,0,0,0
USMAMH201905_445_high_(3),human,US,MAMH,HT,0,0,0,9,0,1,0,0,75,0,0,0,15,0,0,0,0,0,0,0
USMAMH201905_466_high_(2),human,US,MAMH,HT,0,0,0,1,1,0,0,0,3,1,0,0,82,10,2,0,0,0,0,0
USMAMH201905_503_high_(2),human,US,MAMH,HT,0,0,0,11,1,1,0,0,11,0,0,0,76,0,0,0,0,0,0,0
USMAMH201905_552_low_(5),human,US,MAMH,MT,11,0,0,6,41,5,0,0,14,0,0,0,21,0,2,0,0,0,0,0
USMAMH201905_596_low_(3),human,US,MAMH,MT,0,0,0,10,0,3,0,0,70,1,0,0,11,0,5,0,0,0,0,0
USMAMH201905_598_high_(3),human,US,MAMH,HT,0,0,0,22,0,0,0,0,32,0,0,0,18,0,28,0,0,0,0,0
USMAMH201905_599_high_(3),human,US,MAMH,HT,31,0,0,4,2,0,0,0,13,0,2,0,47,0,1,0,0,0,0,0
USMAMH201905_600_high_(2),human,US,MAMH,HT,0,0,0,7,1,0,0,0,80,0,0,0,12,0,0,0,0,0,0,0
USMAPH201807_405_low_(4),human,US,MAPH,MT,0,0,0,9,9,0,0,0,10,0,0,0,71,0,0,1,0,0,0,0
USMAPH201807_422_high_,human,US,MAPH,HT,0,0,0,21,12,1,0,0,25,0,0,0,36,0,5,0,0,0,0,0
USMAPH201807_426_high_,human,US,MAPH,HT,0,0,0,26,6,0,0,0,5,0,0,0,61,0,2,0,0,0,0,0
USMAPH201807_428_high_(2),human,US,MAPH,HT,0,0,0,19,0,0,0,0,2,0,0,0,79,0,0,0,0,0,0,0
USMAPH201807_441_low_(2),human,US,MAPH,MT,0,0,0,0,0,0,0,0,0,0,0,0,100,0,0,0,0,0,0,0
USMAPH201807_444_low_(2),human,US,MAPH,MT,0,0,0,29,0,0,0,0,36,0,0,0,34,0,1,0,0,0,0,0
USMAPH201807_450_low_(1),human,US,MAPH,MT,0,0,0,29,1,0,0,0,44,0,0,0,26,0,0,0,0,0,0,0
USMAPH201807_461_low_(2),human,US,MAPH,MT,0,0,0,1,0,0,0,0,0,0,0,0,99,0,0,0,0,0,0,0
USMAPH201807_483_high_(4),human,US,MAPH,HT,0,0,0,34,3,0,0,0,2,1,0,0,57,0,0,3,0,0,0,0
USMAPH201807_494_low_(1),human,US,MAPH,MT,0,0,0,19,0,1,0,0,16,2,0,0,62,0,0,0,0,0,0,0
USMAPH201807_499_high_,human,US,MAPH,HT,0,0,0,15,19,4,0,0,36,0,0,0,18,0,6,0,0,2,0,0
USMAPH201807_529_high_,human,US,MAPH,HT,0,0,0,22,13,0,0,0,11,0,0,0,53,0,1,0,0,0,0,0
USMAPH201905_422_high_(2),human,US,MAPH,HT,0,0,0,9,2,0,0,0,1,0,0,0,88,0,0,0,0,0,0,0
USMAPH201905_426_high_(2),human,US,MAPH,HT,0,0,0,40,5,0,0,0,26,1,0,0,20,0,8,0,0,0,0,0
USMAPH201905_441_low_(2),human,US,MAPH,MT,0,0,0,6,0,3,0,0,12,0,0,0,73,0,6,0,0,0,0,0
USMAPH201905_450_low_(2),human,US,MAPH,MT,0,0,0,34,1,0,0,0,36,1,0,0,28,0,0,0,0,0,0,0
USMAPH201905_455_low_(2),human,US,MAPH,MT,0,0,0,28,0,0,0,0,12,0,0,0,58,0,2,0,0,0,0,0
USMAPH201905_461_low_(3),human,US,MAPH,MT,0,0,0,54,0,4,0,0,17,1,0,0,22,0,2,0,0,0,0,0
USMAPH201905_469_high_(2),human,US,MAPH,HT,0,0,0,18,0,2,0,0,70,0,0,0,10,0,0,0,0,0,0,0
USMAPH201905_494_low_(2),human,US,MAPH,MT,0,0,0,10,0,0,0,0,10,1,0,0,79,0,0,0,0,0,0,0
USMAPH201905_499_high_(2),human,US,MAPH,HT,0,0,0,35,12,7,0,0,22,1,0,0,16,4,3,0,0,0,0,0
USMECH201808_190_low_(2),human,US,MECH,MT,0,0,0,43,0,1,0,0,5,0,0,0,50,0,1,0,0,0,0,0
USMECH201808_191_low_(2),human,US,MECH,MT,0,0,0,10,2,0,0,0,3,0,0,0,72,8,0,0,0,5,0,0
USMECH201808_192_low_(2),human,US,MECH,MT,0,0,0,14,2,0,0,0,4,0,0,0,79,0,1,0,0,0,0,0
USMECH201808_195_low_(3),human,US,MECH,MT,0,0,0,84,1,1,0,0,14,0,0,0,0,0,0,0,0,0,0,0
USMECH201808_198_high_(2),human,US,MECH,HT,0,0,0,0,0,1,0,0,1,0,0,0,98,0,0,0,0,0,0,0
USMECH201808_564_low_(3),human,US,MECH,MT,0,0,0,13,0,1,0,0,9,0,0,0,76,0,1,0,0,0,0,0
USMECH201905_190_low_(2),human,US,MECH,MT,0,0,0,28,0,1,0,0,1,0,0,0,70,0,0,0,0,0,0,0
USMECH201905_191_low_(2),human,US,MECH,MT,0,0,0,25,5,1,0,0,23,0,0,0,46,0,0,0,0,0,0,0
USMECH201905_192_low_(2),human,US,MECH,MT,0,0,0,56,0,0,0,0,0,0,0,0,44,0,0,0,0,0,0,0
USMECH201905_193_low_(3),human,US,MECH,MT,0,0,0,19,3,5,0,0,4,0,0,0,50,0,19,0,0,0,0,0
USMECH201905_194_low_(2),human,US,MECH,MT,0,0,0,77,1,1,0,0,5,0,0,0,16,0,0,0,0,0,0,0
USMECH201905_195_low_(2),human,US,MECH,MT,0,0,0,96,0,0,0,0,1,0,0,0,3,0,0,0,0,0,0,0
USMECH201905_196_high_(2),human,US,MECH,HT,1,0,0,49,0,0,0,0,24,0,0,0,15,0,8,3,0,0,0,0
USMECH201905_198_high_(2),human,US,MECH,HT,0,0,0,11,0,0,0,0,21,0,0,0,59,0,9,0,0,0,0,0
USMECH201905_199_high_(2),human,US,MECH,HT,0,0,0,18,1,1,0,0,16,0,0,0,33,0,25,0,0,6,0,0
USMECH201905_200_high_(2),human,US,MECH,HT,0,0,0,12,0,0,0,0,3,0,0,0,28,0,0,0,0,57,0,0
USMECH201905_564_low_(1),human,US,MECH,MT,0,0,0,55,0,0,0,0,1,0,0,0,42,0,2,0,0,0,0,0
USMEGS201807_107_low_(3),human,US,MEGS,MT,3,0,0,11,0,8,0,0,45,0,0,0,33,0,0,0,0,0,0,0
USMEGS201807_133_low_(2),human,US,MEGS,MT,7,0,0,0,0,0,0,0,2,0,0,0,91,0,0,0,0,0,0,0
USMEGS201807_134_high_(3),human,US,MEGS,HT,0,0,0,38,0,0,0,0,1,0,0,0,61,0,0,0,0,0,0,0
USMEGS201807_135_high_(3),human,US,MEGS,HT,0,0,0,57,2,2,0,0,4,0,0,0,35,0,0,0,0,0,0,0
USMEGS201807_159_high_(2),human,US,MEGS,HT,0,0,0,2,0,0,0,0,2,0,0,0,96,0,0,0,0,0,0,0
USMEGS201807_160_high_(2),human,US,MEGS,HT,0,0,0,9,0,1,0,0,0,0,0,0,90,0,0,0,0,0,0,0
USMEGS201807_166_high_(2),human,US,MEGS,HT,0,0,0,84,0,1,0,0,8,1,0,0,6,0,0,0,0,0,0,0
USMEGS201807_186_high_(2),human,US,MEGS,HT,0,0,0,42,0,0,0,0,15,0,0,0,43,0,0,0,0,0,0,0
USMEGS201807_187_high_(2),human,US,MEGS,HT,0,0,0,93,0,0,0,0,7,0,0,0,0,0,0,0,0,0,0,0
USMEGS201807_94_low_(2),human,US,MEGS,MT,0,0,0,0,0,0,0,0,0,0,0,0,100,0,0,0,0,0,0,0
USMEGS201807_98_low_(3),human,US,MEGS,MT,0,0,0,7,0,0,0,0,2,0,0,0,91,0,0,0,0,0,0,0
USMEGS201807_99_low_(2),human,US,MEGS,MT,0,0,0,4,0,0,0,0,2,0,0,0,87,0,7,0,0,0,0,0
USMEGS201808_107_low_(3),human,US,MEGS,MT,0,0,0,11,0,0,0,0,65,0,0,0,24,0,0,0,0,0,0,0
USMEGS201808_133_low_(4),human,US,MEGS,MT,0,0,0,2,0,4,0,0,5,2,0,0,77,0,10,0,0,0,0,0
USMEGS201808_134_high_(2),human,US,MEGS,HT,0,0,0,7,0,0,0,0,0,0,0,0,93,0,0,0,0,0,0,0
USMEGS201808_135_high_(2),human,US,MEGS,HT,0,0,0,22,1,1,0,0,4,0,0,0,72,0,0,0,0,0,0,0
USMEGS201808_159_high_(2),human,US,MEGS,HT,0,0,0,10,0,0,0,0,1,0,0,0,89,0,0,0,0,0,0,0
USMEGS201808_160_high_(2),human,US,MEGS,HT,0,0,0,0,0,1,0,0,0,0,0,0,99,0,0,0,0,0,0,0
USMEGS201808_165_high_(3),human,US,MEGS,HT,0,0,0,80,0,5,0,0,13,1,0,0,1,0,0,0,0,0,0,0
USMEGS201808_166_high_(2),human,US,MEGS,HT,0,0,0,81,0,0,0,0,8,0,1,0,10,0,0,0,0,0,0,0
USMEGS201808_186_high_(1),human,US,MEGS,HT,0,0,0,4,0,0,0,0,2,0,0,0,94,0,0,0,0,0,0,0
USMEGS201808_94_low_(2),human,US,MEGS,MT,0,0,0,2,0,0,0,0,1,0,0,0,97,0,0,0,0,0,0,0
USMEGS201808_99_low_(3),human,US,MEGS,MT,0,0,0,27,0,7,0,0,29,0,0,0,37,0,0,0,0,0,0,0
USMEGS201905_107_low_(2),human,US,MEGS,MT,0,0,0,40,0,2,0,0,29,0,0,0,29,0,0,0,0,0,0,0
USMEGS201905_134_high_(3),human,US,MEGS,HT,0,0,0,14,0,1,0,0,10,0,0,0,75,0,0,0,0,0,0,0
USMEGS201905_160_high_(2),human,US,MEGS,HT,2,0,0,19,0,0,0,0,0,0,0,0,79,0,0,0,0,0,0,0
USMEGS201905_165_high_(2),human,US,MEGS,HT,0,0,0,67,0,2,0,0,9,0,0,0,22,0,0,0,0,0,0,0
USMEGS201905_187_high_(2),human,US,MEGS,HT,0,0,0,90,0,2,0,0,7,0,0,0,1,0,0,0,0,0,0,0
USMEGS201905_99_low_(2),human,US,MEGS,MT,0,0,0,15,0,2,0,0,4,0,0,0,74,0,5,0,0,0,0,0
