Name,source,country,site,strata,BRY,CNCA,CNTR,CRB,MOB,MOG,SP,WPOT,SC,SHAD,Unc,MAA,MAEC
AR_PM_PC_HT_20181105_Q01,visual,AR,PC,HT,0,0,0,0,1,0,0,0,86,0,0,0,0
AR_PM_PC_HT_20181105_Q02,visual,AR,PC,HT,0,0,0,2,2,0,0,0,23,0,0,0,0
AR_PM_PC_HT_20181105_Q03,visual,AR,PC,HT,0,0,0,0,0,0,0,0,32,0,0,0,0
AR_PM_PC_HT_20181105_Q04,visual,AR,PC,HT,0,0,0,0,0,0,0,0,18,0,0,0,0
AR_PM_PC_HT_20181105_Q05,visual,AR,PC,HT,0,0,0,0,0,0,0,0,14,0,0,0,0
AR_PM_PC_HT_20181105_Q06,visual,AR,PC,HT,0,0,0,0,10,0,0,0,28,0,0,0,0
AR_PM_PC_HT_20181105_Q07,visual,AR,PC,HT,0,0,0,0,15,0,0,0,55,0,0,0,0
AR_PM_PC_HT_20181105_Q08,visual,AR,PC,HT,0,0,0,0,0,0,0,0,81,0,0,0,0
AR_PM_PC_HT_20181105_Q09,visual,AR,PC,HT,0,0,0,0,0,0,0,0,82,0,0,0,0
AR_PM_PC_HT_20181105_Q10,visual,AR,PC,HT,0,0,0,0,0,0,0,0,78,0,0,0,0
AR_PM_PC_MT_20181105_Q01,visual,AR,PC,MT,0,0,0,3,90,0,0,0,2,0,0,0,0
AR_PM_PC_MT_20181105_Q02,visual,AR,PC,MT,0,0,0,6,88,0,0,0,1,0,0,0,0
AR_PM_PC_MT_20181105_Q03,visual,AR,PC,MT,0,0,0,5,82,0,0,0,5,0,0,0,0
AR_PM_PC_MT_20181105_Q04,visual,AR,PC,MT,0,0,0,7,83,0,0,0,3,0,0,0,0
AR_PM_PC_MT_20181105_Q05,visual,AR,PC,MT,0,0,0,2,84,0,0,0,5,0,0,0,0
AR_PM_PC_MT_20181105_Q06,visual,AR,PC,MT,0,0,0,4,87,0,0,0,2,0,0,1,0
AR_PM_PC_MT_20181105_Q07,visual,AR,PC,MT,0,0,0,7,89,0,0,0,2,0,0,0,0
AR_PM_PC_MT_20181105_Q08,visual,AR,PC,MT,0,0,0,5,94,0,0,0,1,0,0,0,0
AR_PM_PC_MT_20181105_Q09,visual,AR,PC,MT,0,0,0,4,86,0,0,0,6,0,0,0,0
AR_PM_PC_MT_20181105_Q10,visual,AR,PC,MT,0,0,0,7,87,0,0,0,1,0,0,0,0
AR_PM_PC_LT_20181105_Q01,visual,AR,PC,LT,0,0,0,0,0,0,0,2,30,0,0,43,0
AR_PM_PC_LT_20181105_Q02,visual,AR,PC,LT,0,0,0,0,0,0,0,8,71,0,0,5,0
AR_PM_PC_LT_20181105_Q03,visual,AR,PC,LT,0,0,0,0,0,0,0,0,62,0,0,22,0
AR_PM_PC_LT_20181105_Q04,visual,AR,PC,LT,0,0,0,0,0,0,0,18,59,0,0,21,0
AR_PM_PC_LT_20181105_Q05,visual,AR,PC,LT,0,0,0,0,0,0,0,7,54,0,0,6,0
AR_PM_PC_LT_20181105_Q06,visual,AR,PC,LT,0,0,0,0,0,0,0,5,62,0,0,10,0
AR_PM_PC_LT_20181105_Q07,visual,AR,PC,LT,0,0,0,0,0,0,0,4,57,0,0,16,0
AR_PM_PC_LT_20181105_Q08,visual,AR,PC,LT,0,0,0,0,0,0,0,0,63,0,0,23,0
AR_PM_PC_LT_20181105_Q09,visual,AR,PC,LT,0,0,0,0,0,0,0,2,48,0,0,18,0
AR_PM_PC_LT_20181105_Q10,visual,AR,PC,LT,0,0,0,0,0,0,0,8,58,0,0,10,0
AR_PM_PE_HT_20181025_Q02,visual,AR,PE,HT,0,0,0,11,1,0,0,0,84,0,0,0,0
AR_PM_PE_HT_20181025_Q03,visual,AR,PE,HT,0,0,0,4,0,0,0,0,89,0,0,0,0
AR_PM_PE_HT_20181025_Q01,visual,AR,PE,HT,0,0,0,2,0,0,0,0,92,0,0,0,0
AR_PM_PE_HT_20181025_Q04,visual,AR,PE,HT,0,0,0,3,0,0,0,0,93,0,0,0,0
AR_PM_PE_HT_20181025_Q05,visual,AR,PE,HT,0,0,0,4,0,0,0,0,85,0,0,0,0
AR_PM_PE_HT_20181025_Q06,visual,AR,PE,HT,0,0,0,9,0,0,0,0,86,0,0,0,0
AR_PM_PE_HT_20181025_Q07,visual,AR,PE,HT,0,0,0,3,0,0,0,0,93,0,0,0,0
AR_PM_PE_HT_20181025_Q08,visual,AR,PE,HT,0,0,0,1,0,0,0,0,63,0,0,0,0
AR_PM_PE_HT_20181025_Q09,visual,AR,PE,HT,0,0,0,11,0,0,0,0,61,0,0,0,0
AR_PM_PE_HT_20181025_Q10,visual,AR,PE,HT,0,0,0,1,0,0,0,0,78,0,0,0,0
AR_PM_PE_MT_20181025_Q01,visual,AR,PE,MT,0,0,0,5,90,0,0,0,2,0,0,1,0
AR_PM_PE_MT_20181025_Q02,visual,AR,PE,MT,0,0,0,3,89,0,0,0,2,0,0,2,0
AR_PM_PE_MT_20181025_Q03,visual,AR,PE,MT,0,0,0,1,96,0,0,0,2,0,0,0,0
AR_PM_PE_MT_20181025_Q04,visual,AR,PE,MT,0,0,0,2,89,0,0,0,2,0,0,0,0
AR_PM_PE_MT_20181025_Q05,visual,AR,PE,MT,0,0,0,6,83,0,0,0,2,0,0,1,0
AR_PM_PE_MT_20181025_Q06,visual,AR,PE,MT,0,0,0,2,85,0,0,0,3,0,0,2,0
AR_PM_PE_MT_20181025_Q07,visual,AR,PE,MT,0,0,0,1,92,0,0,0,2,0,0,2,0
AR_PM_PE_MT_20181025_Q08,visual,AR,PE,MT,0,0,0,2,86,0,0,0,4,0,0,0,0
AR_PM_PE_MT_20181025_Q09,visual,AR,PE,MT,0,0,0,1,96,0,0,0,1,0,0,0,0
AR_PM_PE_MT_20181025_Q10,visual,AR,PE,MT,0,0,0,1,94,0,0,0,1,0,0,2,0
AR_PM_PE_LT_20181025_Q01,visual,AR,PE,LT,0,0,1,0,2,0,0,0,6,0,0,60,0
AR_PM_PE_LT_20181025_Q02,visual,AR,PE,LT,0,0,1,0,2,0,0,0,1,0,0,58,0
AR_PM_PE_LT_20181025_Q03,visual,AR,PE,LT,0,0,0,0,1,0,0,0,1,0,0,2,0
AR_PM_PE_LT_20181025_Q04,visual,AR,PE,LT,0,0,0,0,1,0,0,0,3,0,0,9,0
AR_PM_PE_LT_20181025_Q05,visual,AR,PE,LT,0,0,1,0,1,0,0,1,2,0,0,9,0
AR_PM_PE_LT_20181025_Q06,visual,AR,PE,LT,0,0,1,0,0,0,0,0,5,0,0,18,0
AR_PM_PE_LT_20181025_Q07,visual,AR,PE,LT,0,0,1,0,2,0,0,1,2,0,0,58,0
AR_PM_PE_LT_20181025_Q08,visual,AR,PE,LT,0,0,0,0,1,0,0,1,3,0,0,7,0
AR_PM_PE_LT_20181025_Q09,visual,AR,PE,LT,0,0,1,0,1,0,0,1,1,0,0,13,0
AR_PM_PE_LT_20181025_Q10,visual,AR,PE,LT,0,0,2,0,1,0,0,1,4,0,0,50,0
AR_PM_PL_HT_20181026_Q01,visual,AR,PL,HT,0,0,0,0,2,0,0,0,70,0,0,0,0
AR_PM_PL_HT_20181026_Q02,visual,AR,PL,HT,0,0,0,0,1,0,0,0,75,0,0,0,0
AR_PM_PL_HT_20181026_Q03,visual,AR,PL,HT,0,0,0,0,1,0,0,0,90,0,0,0,0
AR_PM_PL_HT_20181026_Q04,visual,AR,PL,HT,0,0,0,0,2,0,0,0,84,0,0,0,0
AR_PM_PL_HT_20181026_Q05,visual,AR,PL,HT,0,0,0,0,2,0,0,0,84,0,0,0,0
AR_PM_PL_HT_20181026_Q06,visual,AR,PL,HT,0,0,0,0,3,0,0,0,73,0,0,0,0
AR_PM_PL_HT_20181026_Q07,visual,AR,PL,HT,0,0,0,0,1,0,0,0,77,0,0,0,0
AR_PM_PL_HT_20181026_Q08,visual,AR,PL,HT,0,0,0,0,1,0,0,0,57,0,0,0,0
AR_PM_PL_HT_20181026_Q09,visual,AR,PL,HT,0,0,0,0,0,0,0,0,73,0,0,0,0
AR_PM_PL_HT_20181026_Q10,visual,AR,PL,HT,0,0,0,0,1,0,0,0,79,0,0,0,0
AR_PM_PL_MT_20181026_Q01,visual,AR,PL,MT,0,0,0,1,80,0,0,0,1,0,0,4,0
AR_PM_PL_MT_20181026_Q02,visual,AR,PL,MT,0,0,0,4,78,0,0,0,1,0,0,0,0
AR_PM_PL_MT_20181026_Q03,visual,AR,PL,MT,0,0,0,3,67,0,0,0,3,0,0,1,0
AR_PM_PL_MT_20181026_Q04,visual,AR,PL,MT,0,0,0,10,65,0,0,0,4,0,0,0,0
AR_PM_PL_MT_20181026_Q05,visual,AR,PL,MT,0,0,0,0,90,0,0,0,3,0,0,3,0
AR_PM_PL_MT_20181026_Q06,visual,AR,PL,MT,0,0,0,3,83,0,0,0,4,0,0,0,0
AR_PM_PL_MT_20181026_Q07,visual,AR,PL,MT,0,0,0,1,87,0,0,0,1,0,0,3,0
AR_PM_PL_MT_20181026_Q08,visual,AR,PL,MT,0,0,0,1,94,0,0,0,1,0,0,2,0
AR_PM_PL_MT_20181026_Q09,visual,AR,PL,MT,0,0,0,2,93,0,0,0,1,0,0,1,0
AR_PM_PL_MT_20181026_Q10,visual,AR,PL,MT,0,0,0,1,89,0,0,0,2,0,0,1,0
AR_PM_PL_LT_20181026_Q01,visual,AR,PL,LT,0,0,0,0,0,0,0,0,0,0,0,55,0
AR_PM_PL_LT_20181026_Q02,visual,AR,PL,LT,0,0,1,0,1,0,0,1,3,0,0,59,0
AR_PM_PL_LT_20181026_Q03,visual,AR,PL,LT,0,0,0,0,1,0,0,0,0,0,0,52,0
AR_PM_PL_LT_20181026_Q04,visual,AR,PL,LT,0,0,0,0,1,0,0,0,1,0,0,49,0
AR_PM_PL_LT_20181026_Q05,visual,AR,PL,LT,0,0,0,0,1,0,0,0,1,0,0,71,0
AR_PM_PL_LT_20181026_Q06,visual,AR,PL,LT,0,0,0,0,1,0,0,0,1,0,0,60,0
AR_PM_PL_LT_20181026_Q07,visual,AR,PL,LT,0,0,0,0,1,0,0,0,0,0,0,69,0
AR_PM_PL_LT_20181026_Q08,visual,AR,PL,LT,0,0,0,0,1,0,0,1,1,0,0,59,0
AR_PM_PL_LT_20181026_Q09,visual,AR,PL,LT,0,0,0,0,1,0,0,0,1,0,0,64,0
AR_PM_PL_LT_20181026_Q10,visual,AR,PL,LT,0,0,0,0,0,0,0,1,2,0,0,64,0
CO_GI_LM_HT_20181014_Q01,visual,CO,LM,HT,0,0,0,0,0,0,0,0,100,0,0,0,0
CO_GI_LM_HT_20181014_Q02,visual,CO,LM,HT,0,0,0,0,0,0,0,0,100,0,0,0,0
CO_GI_LM_HT_20181014_Q03,visual,CO,LM,HT,0,0,0,0,0,2,0,0,98,0,0,0,0
CO_GI_LM_HT_20181014_Q04,visual,CO,LM,HT,0,0,0,0,0,4,0,0,96,0,0,0,0
CO_GI_LM_HT_20181014_Q05,visual,CO,LM,HT,0,0,0,0,0,0,0,0,100,0,0,0,0
CO_GI_LM_HT_20181014_Q06,visual,CO,LM,HT,0,0,0,0,0,0,0,0,100,0,0,0,0
CO_GI_LM_HT_20181014_Q07,visual,CO,LM,HT,0,0,0,0,0,0,0,0,100,0,0,0,0
CO_GI_LM_HT_20181014_Q08,visual,CO,LM,HT,0,0,0,0,0,0,0,0,100,0,0,0,0
CO_GI_LM_HT_20181014_Q09,visual,CO,LM,HT,0,0,0,0,0,2,0,0,98,0,0,0,0
CO_GI_LM_HT_20181014_Q10,visual,CO,LM,HT,0,0,0,0,0,1,0,0,99,0,0,0,0
CO_GI_LM_LT_20181014_Q01,visual,CO,LM,LT,0,0,0,0,0,4,0,0,11,0,0,0,0
CO_GI_LM_LT_20181014_Q02,visual,CO,LM,LT,0,0,0,0,0,0,0,0,84,0,0,0,0
CO_GI_LM_LT_20181014_Q03,visual,CO,LM,LT,0,0,0,0,0,0,0,0,68,0,0,1,0
CO_GI_LM_LT_20181014_Q04,visual,CO,LM,LT,0,0,0,0,0,0,0,0,88,0,0,0,0
CO_GI_LM_LT_20181014_Q05,visual,CO,LM,LT,0,0,0,0,0,2,0,0,48,0,0,0,0
CO_GI_LM_LT_20181014_Q06,visual,CO,LM,LT,0,0,0,0,0,0,0,0,66,0,0,2,0
CO_GI_LM_LT_20181014_Q07,visual,CO,LM,LT,0,0,0,0,0,0,0,0,85,0,0,0,0
CO_GI_LM_LT_20181014_Q08,visual,CO,LM,LT,0,0,0,0,0,0,0,0,95,0,0,0,0
CO_GI_LM_LT_20181014_Q09,visual,CO,LM,LT,0,0,0,0,0,0,0,0,78,0,0,11,0
CO_GI_LM_LT_20181014_Q10,visual,CO,LM,LT,0,0,0,0,0,0,0,0,35,0,0,0,0
CO_GI_LM_MT_20181014_Q01,visual,CO,LM,MT,0,0,0,0,0,0,0,0,98,0,0,0,0
CO_GI_LM_MT_20181014_Q02,visual,CO,LM,MT,0,0,0,0,0,1,0,0,99,0,0,0,0
CO_GI_LM_MT_20181014_Q03,visual,CO,LM,MT,0,0,0,0,0,0,0,0,95,0,0,0,0
CO_GI_LM_MT_20181014_Q04,visual,CO,LM,MT,0,0,0,0,0,0,0,0,97,0,0,0,0
CO_GI_LM_MT_20181014_Q05,visual,CO,LM,MT,0,0,0,0,0,0,0,0,98,0,0,0,0
CO_GI_LM_MT_20181014_Q06,visual,CO,LM,MT,0,0,0,0,0,0,0,0,99,0,0,0,0
CO_GI_LM_MT_20181014_Q07,visual,CO,LM,MT,0,0,0,0,0,0,0,0,80,0,0,0,0
CO_GI_LM_MT_20181014_Q08,visual,CO,LM,MT,0,0,0,0,0,0,0,0,75,0,0,0,0
CO_GI_LM_MT_20181014_Q09,visual,CO,LM,MT,0,0,0,0,0,0,0,0,93,0,0,0,0
CO_GI_LM_MT_20181014_Q10,visual,CO,LM,MT,0,0,0,0,0,0,0,0,41,0,0,0,0
CO_GI_LV_HT_20181010_Q01,visual,CO,LV,HT,0,0,0,0,0,0,0,0,100,0,0,0,0
CO_GI_LV_HT_20181010_Q02,visual,CO,LV,HT,0,0,0,0,0,0,0,0,98,0,0,0,0
CO_GI_LV_HT_20181010_Q03,visual,CO,LV,HT,0,0,0,0,0,5,0,0,95,0,0,0,0
CO_GI_LV_HT_20181010_Q04,visual,CO,LV,HT,0,0,0,0,0,2,0,0,98,0,0,0,0
CO_GI_LV_HT_20181010_Q05,visual,CO,LV,HT,0,0,0,0,0,0,0,0,100,0,0,0,0
CO_GI_LV_HT_20181010_Q06,visual,CO,LV,HT,0,0,0,0,0,10,0,0,90,0,0,0,0
CO_GI_LV_HT_20181010_Q07,visual,CO,LV,HT,0,0,0,0,0,1,0,0,99,0,0,0,0
CO_GI_LV_HT_20181010_Q08,visual,CO,LV,HT,0,0,0,0,0,1,0,0,98,0,0,0,0
CO_GI_LV_HT_20181010_Q09,visual,CO,LV,HT,0,0,0,0,0,0,0,0,100,0,0,0,0
CO_GI_LV_HT_20181010_Q10,visual,CO,LV,HT,0,0,0,0,0,3,0,0,97,0,0,0,0
CO_GI_LV_LT_20181011_Q01,visual,CO,LV,LT,0,0,0,0,0,0,0,0,0,0,0,0,0
CO_GI_LV_LT_20181011_Q02,visual,CO,LV,LT,0,0,0,0,0,0,0,0,53,0,0,0,0
CO_GI_LV_LT_20181011_Q03,visual,CO,LV,LT,0,0,0,0,0,0,0,0,26,0,0,2,0
CO_GI_LV_LT_20181011_Q04,visual,CO,LV,LT,0,0,0,0,0,0,0,0,12,0,0,3,0
CO_GI_LV_LT_20181011_Q05,visual,CO,LV,LT,0,0,0,0,0,0,0,0,10,0,0,0,0
CO_GI_LV_LT_20181011_Q06,visual,CO,LV,LT,0,0,0,0,0,0,0,0,0,0,0,8,0
CO_GI_LV_LT_20181011_Q07,visual,CO,LV,LT,0,0,0,0,0,0,0,0,11,0,0,2,0
CO_GI_LV_LT_20181011_Q08,visual,CO,LV,LT,0,0,0,0,0,0,0,0,15,0,0,0,0
CO_GI_LV_LT_20181011_Q09,visual,CO,LV,LT,0,0,0,0,0,0,0,0,46,0,0,0,0
CO_GI_LV_LT_20181011_Q10,visual,CO,LV,LT,0,0,0,0,0,0,0,0,3,0,0,0,0
CO_GI_LV_MT_20181010_Q01,visual,CO,LV,MT,0,0,0,3,0,1,0,0,83,0,0,0,0
CO_GI_LV_MT_20181010_Q02,visual,CO,LV,MT,0,0,0,7,0,0,0,0,55,0,0,0,0
CO_GI_LV_MT_20181010_Q03,visual,CO,LV,MT,0,0,0,0,0,0,0,0,21,0,0,0,0
CO_GI_LV_MT_20181010_Q04,visual,CO,LV,MT,0,0,0,0,0,0,0,0,60,0,0,0,0
CO_GI_LV_MT_20181010_Q05,visual,CO,LV,MT,0,0,0,0,0,0,0,0,73,0,0,0,0
CO_GI_LV_MT_20181010_Q06,visual,CO,LV,MT,0,0,0,0,0,0,0,0,85,0,0,0,0
CO_GI_LV_MT_20181010_Q07,visual,CO,LV,MT,0,0,0,0,0,0,0,0,95,0,0,0,0
CO_GI_LV_MT_20181010_Q08,visual,CO,LV,MT,0,0,0,0,0,0,0,0,94,0,0,0,0
CO_GI_LV_MT_20181010_Q09,visual,CO,LV,MT,0,0,0,0,0,0,0,0,94,0,0,0,0
CO_GI_LV_MT_20181010_Q10,visual,CO,LV,MT,0,0,0,0,0,9,0,0,73,0,0,0,0
CO_GI_PV_HT_20181012_Q01,visual,CO,PV,HT,0,0,0,0,0,0,0,0,100,0,0,0,0
CO_GI_PV_HT_20181012_Q02,visual,CO,PV,HT,0,0,0,0,0,0,0,0,100,0,0,0,0
CO_GI_PV_HT_20181012_Q03,visual,CO,PV,HT,0,0,0,0,0,1,0,0,99,0,0,0,0
CO_GI_PV_HT_20181012_Q04,visual,CO,PV,HT,0,0,0,0,0,0,0,0,100,0,0,0,0
CO_GI_PV_HT_20181012_Q05,visual,CO,PV,HT,0,0,0,0,0,1,0,0,99,0,0,0,0
CO_GI_PV_HT_20181012_Q06,visual,CO,PV,HT,0,0,0,0,0,2,0,0,98,0,0,0,0
CO_GI_PV_HT_20181012_Q07,visual,CO,PV,HT,0,0,0,0,0,2,0,0,98,0,0,0,0
CO_GI_PV_HT_20181012_Q08,visual,CO,PV,HT,0,0,0,0,0,0,0,0,98,0,0,0,0
CO_GI_PV_HT_20181012_Q09,visual,CO,PV,HT,0,0,0,0,0,0,0,0,100,0,0,0,0
CO_GI_PV_HT_20181012_Q10,visual,CO,PV,HT,0,0,0,0,0,0,0,0,100,0,0,0,0
CO_GI_PV_LT_20181012_Q01,visual,CO,PV,LT,0,0,0,0,0,0,0,0,77,0,0,0,0
CO_GI_PV_LT_20181012_Q02,visual,CO,PV,LT,0,0,0,0,0,0,0,1,64,0,0,0,0
CO_GI_PV_LT_20181012_Q03,visual,CO,PV,LT,0,0,0,0,0,0,0,0,59,0,0,0,0
CO_GI_PV_LT_20181012_Q04,visual,CO,PV,LT,0,0,0,0,0,0,0,0,72,0,0,11,0
CO_GI_PV_LT_20181012_Q05,visual,CO,PV,LT,0,0,0,1,0,0,0,1,86,0,0,4,0
CO_GI_PV_LT_20181012_Q06,visual,CO,PV,LT,0,0,0,0,0,0,0,0,79,0,0,1,0
CO_GI_PV_LT_20181012_Q07,visual,CO,PV,LT,0,0,0,0,0,0,0,0,39,0,0,0,0
CO_GI_PV_LT_20181012_Q08,visual,CO,PV,LT,0,0,0,0,0,0,0,0,37,0,0,0,0
CO_GI_PV_LT_20181012_Q09,visual,CO,PV,LT,0,0,0,0,0,0,0,0,21,0,0,0,0
CO_GI_PV_LT_20181012_Q10,visual,CO,PV,LT,0,0,0,0,0,0,0,0,34,0,0,0,0
CO_GI_PV_MT_20181012_Q01,visual,CO,PV,MT,0,0,0,0,0,0,0,48,50,0,0,0,0
CO_GI_PV_MT_20181012_Q02,visual,CO,PV,MT,0,0,0,0,0,0,0,2,98,0,0,0,0
CO_GI_PV_MT_20181012_Q03,visual,CO,PV,MT,0,0,0,0,0,0,0,86,14,0,0,0,0
CO_GI_PV_MT_20181012_Q04,visual,CO,PV,MT,0,0,0,0,0,0,0,6,39,0,0,0,0
CO_GI_PV_MT_20181012_Q05,visual,CO,PV,MT,0,0,0,0,0,0,0,5,82,0,0,0,0
CO_GI_PV_MT_20181012_Q06,visual,CO,PV,MT,0,0,0,0,0,0,0,0,99,0,0,0,0
CO_GI_PV_MT_20181012_Q07,visual,CO,PV,MT,0,0,0,0,0,0,0,8,76,0,0,0,0
CO_GI_PV_MT_20181012_Q08,visual,CO,PV,MT,0,0,0,0,0,0,0,25,50,0,0,0,0
CO_GI_PV_MT_20181012_Q09,visual,CO,PV,MT,0,0,0,0,0,0,0,28,65,0,0,0,0
CO_GI_PV_MT_20181012_Q10,visual,CO,PV,MT,0,0,0,0,0,0,0,16,65,0,0,0,0
EC_SX_CD_HT_20190327_Q01,visual,EC,CD,HT,0,0,0,0,0,0,0,0,100,0,0,0,0
EC_SX_CD_HT_20190327_Q02,visual,EC,CD,HT,0,0,0,0,0,0,0,0,100,0,0,0,0
EC_SX_CD_HT_20190327_Q03,visual,EC,CD,HT,0,0,0,0,0,0,0,0,100,0,0,0,0
EC_SX_CD_HT_20190327_Q04,visual,EC,CD,HT,0,0,0,0,0,0,0,0,100,0,0,0,0
EC_SX_CD_HT_20190327_Q05,visual,EC,CD,HT,0,0,0,0,0,0,0,0,100,0,0,0,0
EC_SX_CD_HT_20190327_Q06,visual,EC,CD,HT,0,0,0,0,0,0,0,0,100,0,0,0,0
EC_SX_CD_HT_20190327_Q07,visual,EC,CD,HT,0,0,0,0,0,0,0,0,100,0,0,0,0
EC_SX_CD_HT_20190327_Q08,visual,EC,CD,HT,0,0,0,0,0,0,0,0,98,0,0,0,0
EC_SX_CD_HT_20190327_Q09,visual,EC,CD,HT,0,0,0,0,0,0,0,0,92,0,0,0,0
EC_SX_CD_HT_20190327_Q10,visual,EC,CD,HT,0,0,0,0,0,0,0,0,93,0,0,0,0
EC_SX_CD_LT_20190327_Q01,visual,EC,CD,LT,0,3,0,0,0,0,0,0,89,0,0,0,0
EC_SX_CD_LT_20190327_Q02,visual,EC,CD,LT,0,0,0,0,0,0,0,0,89,0,0,0,0
EC_SX_CD_LT_20190327_Q03,visual,EC,CD,LT,0,0,0,0,0,0,0,0,95,0,0,0,0
EC_SX_CD_LT_20190327_Q04,visual,EC,CD,LT,0,0,0,0,0,0,0,0,97,0,0,0,0
EC_SX_CD_LT_20190327_Q05,visual,EC,CD,LT,0,0,0,0,0,0,0,0,86,0,0,0,0
EC_SX_CD_LT_20190327_Q06,visual,EC,CD,LT,0,6,0,0,0,0,0,0,91,0,0,0,0
EC_SX_CD_LT_20190327_Q07,visual,EC,CD,LT,0,0,0,0,0,0,0,0,76,0,0,0,0
EC_SX_CD_LT_20190327_Q08,visual,EC,CD,LT,0,0,0,0,0,0,0,0,47,0,0,0,0
EC_SX_CD_LT_20190327_Q09,visual,EC,CD,LT,0,0,0,0,0,0,0,9,63,0,0,0,0
EC_SX_CD_LT_20190327_Q10,visual,EC,CD,LT,0,0,0,0,0,0,0,0,79,0,0,0,0
EC_SX_CD_MT_20190327_Q01,visual,EC,CD,MT,0,0,0,0,0,0,0,0,94,0,0,0,0
EC_SX_CD_MT_20190327_Q02,visual,EC,CD,MT,0,0,0,0,0,0,0,0,99,0,0,0,0
EC_SX_CD_MT_20190327_Q03,visual,EC,CD,MT,0,0,0,0,0,0,0,0,98,0,0,0,0
EC_SX_CD_MT_20190327_Q04,visual,EC,CD,MT,0,0,0,0,0,0,0,0,96,0,0,0,0
EC_SX_CD_MT_20190327_Q05,visual,EC,CD,MT,0,0,0,0,0,0,0,0,100,0,0,0,0
EC_SX_CD_MT_20190327_Q06,visual,EC,CD,MT,0,0,0,0,0,0,0,0,98,0,0,0,0
EC_SX_CD_MT_20190327_Q07,visual,EC,CD,MT,0,0,0,0,0,0,0,0,90,0,0,0,0
EC_SX_CD_MT_20190327_Q08,visual,EC,CD,MT,0,0,0,0,0,0,0,0,95,0,0,0,0
EC_SX_CD_MT_20190327_Q09,visual,EC,CD,MT,0,0,0,0,0,0,0,0,100,0,0,0,0
EC_SX_CD_MT_20190327_Q10,visual,EC,CD,MT,0,0,0,2,0,0,0,0,98,0,0,0,0
EC_SX_RA_HT_20190328_Q01,visual,EC,RA,HT,0,0,0,0,0,0,0,0,100,0,0,0,0
EC_SX_RA_HT_20190328_Q02,visual,EC,RA,HT,0,0,0,0,0,0,0,0,100,0,0,0,0
EC_SX_RA_HT_20190328_Q03,visual,EC,RA,HT,0,0,0,0,0,0,0,0,100,0,0,0,0
EC_SX_RA_HT_20190328_Q04,visual,EC,RA,HT,0,0,0,0,0,0,0,0,100,0,0,0,0
EC_SX_RA_HT_20190328_Q05,visual,EC,RA,HT,0,0,0,0,0,0,0,0,100,0,0,0,0
EC_SX_RA_HT_20190328_Q06,visual,EC,RA,HT,0,0,0,0,0,0,0,0,100,0,0,0,0
EC_SX_RA_HT_20190328_Q07,visual,EC,RA,HT,0,0,0,0,0,0,0,0,100,0,0,0,0
EC_SX_RA_HT_20190328_Q08,visual,EC,RA,HT,0,0,0,0,0,0,0,0,100,0,0,0,0
EC_SX_RA_HT_20190328_Q09,visual,EC,RA,HT,0,0,0,0,0,0,0,0,100,0,0,0,0
EC_SX_RA_HT_20190328_Q10,visual,EC,RA,HT,0,0,0,0,0,0,0,0,100,0,0,0,0
EC_SX_RA_LT_20190328_Q01,visual,EC,RA,LT,0,0,0,0,0,0,0,0,60,0,0,0,0
EC_SX_RA_LT_20190328_Q02,visual,EC,RA,LT,0,0,0,0,0,0,0,0,91,0,0,0,0
EC_SX_RA_LT_20190328_Q03,visual,EC,RA,LT,0,0,0,6,0,0,0,0,90,0,0,0,0
EC_SX_RA_LT_20190328_Q04,visual,EC,RA,LT,0,0,2,2,0,0,0,0,90,0,0,0,0
EC_SX_RA_LT_20190328_Q05,visual,EC,RA,LT,0,0,1,0,0,0,0,0,94,0,0,0,0
EC_SX_RA_LT_20190328_Q06,visual,EC,RA,LT,0,0,1,0,0,0,0,0,16,0,0,0,0
EC_SX_RA_LT_20190328_Q07,visual,EC,RA,LT,0,0,0,0,0,0,0,0,80,0,0,0,0
EC_SX_RA_LT_20190328_Q08,visual,EC,RA,LT,0,0,3,0,0,0,0,0,27,0,0,0,0
EC_SX_RA_LT_20190328_Q09,visual,EC,RA,LT,0,0,0,2,0,0,0,0,79,0,0,0,0
EC_SX_RA_LT_20190328_Q10,visual,EC,RA,LT,0,0,0,0,0,0,0,0,18,0,0,0,0
EC_SX_RA_MT_20190328_Q01,visual,EC,RA,MT,0,0,0,0,0,0,0,0,25,0,0,0,0
EC_SX_RA_MT_20190328_Q02,visual,EC,RA,MT,0,0,0,0,0,0,0,0,100,0,0,0,0
EC_SX_RA_MT_20190328_Q03,visual,EC,RA,MT,0,0,0,0,0,0,0,0,70,0,0,0,0
EC_SX_RA_MT_20190328_Q04,visual,EC,RA,MT,0,0,0,0,0,0,0,0,97,0,0,0,0
EC_SX_RA_MT_20190328_Q05,visual,EC,RA,MT,0,0,0,0,0,0,0,0,100,0,0,0,0
EC_SX_RA_MT_20190328_Q06,visual,EC,RA,MT,0,0,0,0,0,0,0,0,92,0,0,0,0
EC_SX_RA_MT_20190328_Q07,visual,EC,RA,MT,0,0,0,0,0,0,0,0,100,0,0,0,0
EC_SX_RA_MT_20190328_Q08,visual,EC,RA,MT,0,0,9,0,0,0,0,0,74,0,0,0,0
EC_SX_RA_MT_20190328_Q09,visual,EC,RA,MT,0,0,0,0,0,0,0,0,13,0,0,0,0
EC_SX_RA_MT_20190328_Q10,visual,EC,RA,MT,0,0,0,0,0,0,0,0,50,0,0,0,0
EC_SX_TO_HT_20190329_Q01,visual,EC,TO,HT,0,0,0,0,0,0,0,0,100,0,0,0,0
EC_SX_TO_HT_20190329_Q02,visual,EC,TO,HT,0,0,0,0,0,0,0,0,100,0,0,0,0
EC_SX_TO_HT_20190329_Q03,visual,EC,TO,HT,0,0,0,0,0,0,0,0,100,0,0,0,0
EC_SX_TO_HT_20190329_Q04,visual,EC,TO,HT,0,0,0,0,0,0,0,0,100,0,0,0,0
EC_SX_TO_HT_20190329_Q05,visual,EC,TO,HT,0,0,0,0,0,0,0,0,100,0,0,0,0
EC_SX_TO_HT_20190329_Q06,visual,EC,TO,HT,0,0,0,0,0,0,0,0,100,0,0,0,0
EC_SX_TO_HT_20190329_Q07,visual,EC,TO,HT,0,0,0,0,0,0,0,0,100,0,0,0,0
EC_SX_TO_HT_20190329_Q08,visual,EC,TO,HT,0,0,0,0,0,0,0,0,100,0,0,0,0
EC_SX_TO_HT_20190329_Q09,visual,EC,TO,HT,0,0,0,0,0,0,0,0,100,0,0,0,0
EC_SX_TO_HT_20190329_Q10,visual,EC,TO,HT,0,0,0,0,0,0,0,0,100,0,0,0,0
EC_SX_TO_LT_20190329_Q01,visual,EC,TO,LT,0,0,0,1,0,0,0,0,80,0,0,0,0
EC_SX_TO_LT_20190329_Q02,visual,EC,TO,LT,0,0,0,0,0,0,0,0,82,0,0,0,0
EC_SX_TO_LT_20190329_Q03,visual,EC,TO,LT,0,0,0,0,0,0,0,0,71,0,0,0,0
EC_SX_TO_LT_20190329_Q04,visual,EC,TO,LT,0,0,0,0,0,0,0,0,82,0,0,0,0
EC_SX_TO_LT_20190329_Q05,visual,EC,TO,LT,0,0,0,1,0,0,0,0,61,0,0,0,0
EC_SX_TO_LT_20190329_Q06,visual,EC,TO,LT,0,0,0,0,0,0,0,0,44,0,0,0,0
EC_SX_TO_LT_20190329_Q07,visual,EC,TO,LT,0,0,0,0,0,0,0,0,86,0,0,0,0
EC_SX_TO_LT_20190329_Q08,visual,EC,TO,LT,0,0,1,1,0,0,0,0,75,0,0,0,0
EC_SX_TO_LT_20190329_Q09,visual,EC,TO,LT,0,0,3,0,0,0,0,0,71,0,0,0,0
EC_SX_TO_LT_20190329_Q10,visual,EC,TO,LT,0,0,0,0,0,0,0,0,91,0,0,0,0
EC_SX_TO_MT_20190329_Q01,visual,EC,TO,MT,0,0,1,0,0,0,0,0,66,0,0,0,0
EC_SX_TO_MT_20190329_Q02,visual,EC,TO,MT,0,0,0,0,0,0,0,0,83,0,0,0,0
EC_SX_TO_MT_20190329_Q03,visual,EC,TO,MT,0,0,0,0,0,0,0,0,39,0,0,0,0
EC_SX_TO_MT_20190329_Q04,visual,EC,TO,MT,0,0,0,0,0,0,0,0,31,0,0,0,0
EC_SX_TO_MT_20190329_Q05,visual,EC,TO,MT,0,0,0,0,0,0,0,0,40,0,0,0,0
EC_SX_TO_MT_20190329_Q06,visual,EC,TO,MT,0,0,0,0,0,0,0,0,42,0,0,0,0
EC_SX_TO_MT_20190329_Q07,visual,EC,TO,MT,0,0,0,0,0,0,0,0,30,0,0,0,0
EC_SX_TO_MT_20190329_Q08,visual,EC,TO,MT,0,0,0,0,0,0,0,0,24,0,0,0,0
EC_SX_TO_MT_20190329_Q09,visual,EC,TO,MT,0,0,0,0,0,0,0,0,67,0,0,0,0
EC_SX_TO_MT_20190329_Q10,visual,EC,TO,MT,0,0,0,0,0,0,0,0,6,0,0,0,0
AR_PM_PC_HT_20181105_Q01,robot,AR,PC,HT,0,0,0,0,0,0,0,0,86,0,0,0,0
AR_PM_PC_HT_20181105_Q02,robot,AR,PC,HT,0,0,0,1,0,0,0,0,62,0,0,0,0
AR_PM_PC_HT_20181105_Q03,robot,AR,PC,HT,0,0,0,0,0,0,0,0,51,0,0,0,0
AR_PM_PC_HT_20181105_Q04,robot,AR,PC,HT,0,0,0,0,0,0,0,0,39,0,0,0,0
AR_PM_PC_HT_20181105_Q05,robot,AR,PC,HT,0,0,0,0,0,0,0,0,32,0,0,0,0
AR_PM_PC_HT_20181105_Q06,robot,AR,PC,HT,0,0,0,0,3,0,0,0,71,0,0,0,0
AR_PM_PC_HT_20181105_Q07,robot,AR,PC,HT,0,0,0,0,7,0,0,0,67,0,0,0,0
AR_PM_PC_HT_20181105_Q08,robot,AR,PC,HT,0,0,0,0,2,0,0,0,69,0,0,0,0
AR_PM_PC_HT_20181105_Q09,robot,AR,PC,HT,0,0,0,1,1,0,0,0,48,0,0,0,0
AR_PM_PC_HT_20181105_Q10,robot,AR,PC,HT,0,0,0,0,1,0,0,0,65,0,0,0,0
AR_PM_PC_LT_20181105_Q01,robot,AR,PC,LT,0,0,0,1,1,0,0,0,45,0,0,13,0
AR_PM_PC_LT_20181105_Q02,robot,AR,PC,LT,0,0,0,0,1,0,0,4,42,0,0,5,0
AR_PM_PC_LT_20181105_Q03,robot,AR,PC,LT,0,0,0,0,3,0,0,0,30,0,0,28,0
AR_PM_PC_LT_20181105_Q04,robot,AR,PC,LT,0,0,0,0,0,0,0,2,38,0,0,3,0
AR_PM_PC_LT_20181105_Q05,robot,AR,PC,LT,0,0,0,0,0,0,0,1,22,0,0,4,0
AR_PM_PC_LT_20181105_Q06,robot,AR,PC,LT,0,0,0,0,1,0,0,2,43,0,0,11,0
AR_PM_PC_LT_20181105_Q07,robot,AR,PC,LT,0,0,0,0,2,0,0,0,53,0,0,17,0
AR_PM_PC_LT_20181105_Q08,robot,AR,PC,LT,0,0,0,0,0,0,0,0,53,0,0,12,0
AR_PM_PC_LT_20181105_Q09,robot,AR,PC,LT,0,0,0,0,0,0,0,0,35,0,0,11,0
AR_PM_PC_LT_20181105_Q10,robot,AR,PC,LT,0,0,0,0,1,0,0,0,51,0,0,12,0
AR_PM_PC_MT_20181105_Q01,robot,AR,PC,MT,0,0,0,2,89,0,0,0,7,0,0,0,0
AR_PM_PC_MT_20181105_Q02,robot,AR,PC,MT,0,0,0,5,88,0,0,0,4,0,0,0,0
AR_PM_PC_MT_20181105_Q03,robot,AR,PC,MT,0,0,0,3,79,0,0,0,11,0,0,0,0
AR_PM_PC_MT_20181105_Q04,robot,AR,PC,MT,0,0,0,1,80,0,0,0,13,0,0,1,0
AR_PM_PC_MT_20181105_Q05,robot,AR,PC,MT,0,0,0,0,77,0,0,0,13,0,0,0,0
AR_PM_PC_MT_20181105_Q06,robot,AR,PC,MT,0,0,0,1,92,0,0,0,5,0,0,0,0
AR_PM_PC_MT_20181105_Q07,robot,AR,PC,MT,0,0,0,5,87,0,0,0,5,0,1,0,0
AR_PM_PC_MT_20181105_Q08,robot,AR,PC,MT,0,0,0,8,88,0,0,0,3,0,0,0,0
AR_PM_PC_MT_20181105_Q09,robot,AR,PC,MT,0,0,0,1,81,0,0,0,16,0,0,0,0
AR_PM_PC_MT_20181105_Q10,robot,AR,PC,MT,0,0,0,5,90,0,0,0,0,0,0,0,0
AR_PM_PE_HT_20181025_Q01,robot,AR,PE,HT,0,0,0,0,2,0,0,0,46,0,0,0,0
AR_PM_PE_HT_20181025_Q02,robot,AR,PE,HT,0,0,0,4,0,0,0,0,84,0,0,0,0
AR_PM_PE_HT_20181025_Q03,robot,AR,PE,HT,0,0,0,2,0,0,0,0,91,0,0,0,0
AR_PM_PE_HT_20181025_Q04,robot,AR,PE,HT,0,0,0,2,0,0,0,0,89,0,0,0,0
AR_PM_PE_HT_20181025_Q05,robot,AR,PE,HT,0,0,0,1,0,0,0,0,72,0,0,0,0
AR_PM_PE_HT_20181025_Q06,robot,AR,PE,HT,0,0,0,2,0,0,0,0,86,0,0,0,0
AR_PM_PE_HT_20181025_Q07,robot,AR,PE,HT,0,0,0,3,1,0,0,0,96,0,0,0,0
AR_PM_PE_HT_20181025_Q08,robot,AR,PE,HT,0,0,0,0,0,0,0,0,48,0,0,0,0
AR_PM_PE_HT_20181025_Q09,robot,AR,PE,HT,0,0,0,10,0,0,0,0,65,0,0,0,0
AR_PM_PE_HT_20181025_Q10,robot,AR,PE,HT,0,0,0,0,0,0,0,0,71,0,0,0,0
AR_PM_PE_LT_20181025_Q01,robot,AR,PE,LT,0,0,0,0,1,0,0,0,6,0,0,27,0
AR_PM_PE_LT_20181025_Q02,robot,AR,PE,LT,0,0,0,0,0,0,0,0,2,0,1,20,0
AR_PM_PE_LT_20181025_Q03,robot,AR,PE,LT,0,0,0,0,0,0,0,0,1,0,0,3,3
AR_PM_PE_LT_20181025_Q04,robot,AR,PE,LT,0,0,0,0,0,0,0,0,7,0,2,1,5
AR_PM_PE_LT_20181025_Q05,robot,AR,PE,LT,0,0,0,0,0,0,0,0,1,0,0,4,0
AR_PM_PE_LT_20181025_Q06,robot,AR,PE,LT,0,0,0,0,0,0,0,0,3,0,0,10,0
AR_PM_PE_LT_20181025_Q07,robot,AR,PE,LT,0,0,0,0,1,0,0,0,4,0,0,32,0
AR_PM_PE_LT_20181025_Q08,robot,AR,PE,LT,0,0,0,0,0,0,0,0,1,0,0,6,0
AR_PM_PE_LT_20181025_Q09,robot,AR,PE,LT,0,0,0,0,1,0,0,0,0,0,0,6,0
AR_PM_PE_LT_20181025_Q10,robot,AR,PE,LT,0,0,0,0,2,0,0,0,2,0,1,15,0
AR_PM_PE_MT_20181025_Q01,robot,AR,PE,MT,0,0,0,5,87,0,0,0,6,0,0,1,0
AR_PM_PE_MT_20181025_Q02,robot,AR,PE,MT,0,0,0,1,89,0,0,0,2,0,0,1,0
AR_PM_PE_MT_20181025_Q03,robot,AR,PE,MT,0,0,0,0,99,0,0,0,1,0,0,0,0
AR_PM_PE_MT_20181025_Q04,robot,AR,PE,MT,0,0,0,3,88,0,0,0,3,0,0,0,0
AR_PM_PE_MT_20181025_Q05,robot,AR,PE,MT,0,0,0,6,75,0,0,0,7,0,0,1,0
AR_PM_PE_MT_20181025_Q06,robot,AR,PE,MT,0,0,0,0,80,0,0,0,6,0,0,6,0
AR_PM_PE_MT_20181025_Q07,robot,AR,PE,MT,0,0,0,2,93,0,0,0,2,0,0,2,0
AR_PM_PE_MT_20181025_Q08,robot,AR,PE,MT,0,0,0,2,84,0,0,0,8,0,0,0,0
AR_PM_PE_MT_20181025_Q09,robot,AR,PE,MT,0,0,0,1,95,0,0,0,3,0,0,0,0
AR_PM_PE_MT_20181025_Q10,robot,AR,PE,MT,0,0,0,0,93,0,0,0,1,0,0,4,0
AR_PM_PL_HT_20181026_Q01,robot,AR,PL,HT,0,0,0,0,0,0,0,0,80,0,0,0,0
AR_PM_PL_HT_20181026_Q02,robot,AR,PL,HT,0,0,0,0,0,0,0,0,83,0,0,0,0
AR_PM_PL_HT_20181026_Q03,robot,AR,PL,HT,0,0,0,0,0,0,0,0,93,0,0,0,0
AR_PM_PL_HT_20181026_Q04,robot,AR,PL,HT,0,0,0,0,0,0,0,0,86,0,0,1,0
AR_PM_PL_HT_20181026_Q05,robot,AR,PL,HT,0,0,0,0,0,0,0,0,82,0,0,0,0
AR_PM_PL_HT_20181026_Q06,robot,AR,PL,HT,0,0,0,0,0,0,0,0,68,0,0,0,0
AR_PM_PL_HT_20181026_Q07,robot,AR,PL,HT,0,0,0,0,0,0,0,0,49,0,0,0,0
AR_PM_PL_HT_20181026_Q08,robot,AR,PL,HT,0,0,0,0,0,0,0,0,26,0,0,0,0
AR_PM_PL_HT_20181026_Q09,robot,AR,PL,HT,0,0,0,0,0,0,0,0,40,0,0,0,0
AR_PM_PL_HT_20181026_Q10,robot,AR,PL,HT,0,0,0,0,0,0,0,0,64,0,0,0,0
AR_PM_PL_LT_20181026_Q01,robot,AR,PL,LT,0,0,0,0,0,0,0,0,1,0,0,17,0
AR_PM_PL_LT_20181026_Q02,robot,AR,PL,LT,0,0,0,0,1,0,0,0,0,0,0,17,0
AR_PM_PL_LT_20181026_Q03,robot,AR,PL,LT,0,0,0,0,0,0,0,0,1,0,0,14,0
AR_PM_PL_LT_20181026_Q04,robot,AR,PL,LT,0,0,0,0,2,0,0,0,0,0,0,6,2
AR_PM_PL_LT_20181026_Q05,robot,AR,PL,LT,0,0,0,0,0,0,0,0,3,0,0,20,0
AR_PM_PL_LT_20181026_Q06,robot,AR,PL,LT,0,0,0,0,0,0,0,0,1,0,1,27,0
AR_PM_PL_LT_20181026_Q07,robot,AR,PL,LT,0,0,0,0,0,0,0,0,0,0,0,8,0
AR_PM_PL_LT_20181026_Q08,robot,AR,PL,LT,0,0,0,0,0,0,0,0,0,0,0,22,0
AR_PM_PL_LT_20181026_Q09,robot,AR,PL,LT,0,0,0,0,1,0,0,0,1,0,0,15,0
AR_PM_PL_LT_20181026_Q10,robot,AR,PL,LT,0,0,0,0,3,0,0,0,1,0,0,22,0
AR_PM_PL_MT_20181026_Q01,robot,AR,PL,MT,0,0,0,1,75,0,0,0,3,0,0,6,0
AR_PM_PL_MT_20181026_Q02,robot,AR,PL,MT,0,0,0,4,64,0,0,0,2,0,0,4,0
AR_PM_PL_MT_20181026_Q03,robot,AR,PL,MT,0,0,0,1,43,0,0,0,22,0,0,0,0
AR_PM_PL_MT_20181026_Q04,robot,AR,PL,MT,0,0,0,3,52,0,0,0,7,0,0,1,0
AR_PM_PL_MT_20181026_Q05,robot,AR,PL,MT,0,0,0,0,89,0,0,0,1,0,0,4,0
AR_PM_PL_MT_20181026_Q06,robot,AR,PL,MT,0,0,0,2,84,0,0,0,6,0,0,0,0
AR_PM_PL_MT_20181026_Q07,robot,AR,PL,MT,0,0,0,5,77,0,0,0,5,0,0,6,0
AR_PM_PL_MT_20181026_Q08,robot,AR,PL,MT,0,0,0,2,93,0,0,0,2,0,1,0,0
AR_PM_PL_MT_20181026_Q09,robot,AR,PL,MT,0,0,0,3,94,0,0,0,0,0,0,1,0
AR_PM_PL_MT_20181026_Q10,robot,AR,PL,MT,0,0,0,0,90,0,0,0,3,0,1,3,0
CO_GI_LM_HT_20181014_Q01,robot,CO,LM,HT,0,0,0,0,0,0,0,0,97,0,0,0,0
CO_GI_LM_HT_20181014_Q02,robot,CO,LM,HT,0,0,0,0,0,0,0,0,99,0,0,0,0
CO_GI_LM_HT_20181014_Q03,robot,CO,LM,HT,0,0,0,0,0,1,0,0,98,0,0,0,0
CO_GI_LM_HT_20181014_Q04,robot,CO,LM,HT,0,0,0,0,0,1,0,0,99,0,0,0,0
CO_GI_LM_HT_20181014_Q05,robot,CO,LM,HT,0,0,0,0,0,0,0,0,100,0,0,0,0
CO_GI_LM_HT_20181014_Q06,robot,CO,LM,HT,0,0,0,0,0,0,0,0,96,0,0,0,0
CO_GI_LM_HT_20181014_Q07,robot,CO,LM,HT,0,0,0,0,0,0,0,8,91,0,0,0,0
CO_GI_LM_HT_20181014_Q08,robot,CO,LM,HT,0,0,0,0,0,0,0,0,99,0,0,0,0
CO_GI_LM_HT_20181014_Q09,robot,CO,LM,HT,0,0,0,0,0,3,0,2,94,0,0,0,0
CO_GI_LM_HT_20181014_Q10,robot,CO,LM,HT,0,0,0,0,0,0,0,0,100,0,0,0,0
CO_GI_LM_LT_20181014_Q01,robot,CO,LM,LT,0,0,0,0,0,0,0,0,36,0,0,0,0
CO_GI_LM_LT_20181014_Q02,robot,CO,LM,LT,0,0,0,0,0,0,0,0,66,0,0,0,0
CO_GI_LM_LT_20181014_Q03,robot,CO,LM,LT,0,0,0,0,0,0,0,0,82,0,0,0,0
CO_GI_LM_LT_20181014_Q04,robot,CO,LM,LT,0,0,0,0,0,0,0,0,96,0,0,0,0
CO_GI_LM_LT_20181014_Q05,robot,CO,LM,LT,0,0,0,0,0,1,0,0,49,0,0,0,0
CO_GI_LM_LT_20181014_Q06,robot,CO,LM,LT,0,0,0,0,0,0,0,0,82,0,0,0,0
CO_GI_LM_LT_20181014_Q07,robot,CO,LM,LT,0,0,0,0,0,0,0,0,86,0,0,0,0
CO_GI_LM_LT_20181014_Q08,robot,CO,LM,LT,0,0,0,0,0,0,0,0,91,0,0,0,0
CO_GI_LM_LT_20181014_Q09,robot,CO,LM,LT,0,0,0,0,0,0,0,0,100,0,0,0,0
CO_GI_LM_LT_20181014_Q10,robot,CO,LM,LT,0,0,0,0,0,0,0,0,84,0,0,0,0
CO_GI_LM_MT_20181014_Q01,robot,CO,LM,MT,0,0,0,0,0,0,0,0,99,0,0,0,0
CO_GI_LM_MT_20181014_Q02,robot,CO,LM,MT,0,0,0,0,0,0,0,0,100,0,0,0,0
CO_GI_LM_MT_20181014_Q03,robot,CO,LM,MT,0,0,0,0,0,1,0,0,97,0,0,0,0
CO_GI_LM_MT_20181014_Q04,robot,CO,LM,MT,0,0,0,0,0,0,0,0,98,0,0,0,0
CO_GI_LM_MT_20181014_Q05,robot,CO,LM,MT,0,0,0,0,0,0,0,0,100,0,0,0,0
CO_GI_LM_MT_20181014_Q06,robot,CO,LM,MT,0,0,0,0,0,0,0,0,98,0,0,0,0
CO_GI_LM_MT_20181014_Q07,robot,CO,LM,MT,0,0,0,0,0,0,0,0,72,0,0,0,0
CO_GI_LM_MT_20181014_Q08,robot,CO,LM,MT,0,0,0,0,0,0,0,0,91,0,0,0,0
CO_GI_LM_MT_20181014_Q09,robot,CO,LM,MT,0,0,0,0,0,0,0,0,71,0,0,0,0
CO_GI_LM_MT_20181014_Q10,robot,CO,LM,MT,0,0,0,0,0,0,0,0,69,0,0,0,0
CO_GI_LV_HT_20181010_Q01,robot,CO,LV,HT,0,0,0,0,0,0,0,0,99,0,0,0,0
CO_GI_LV_HT_20181010_Q02,robot,CO,LV,HT,0,0,0,0,0,0,0,0,99,0,0,0,0
CO_GI_LV_HT_20181010_Q03,robot,CO,LV,HT,0,0,0,0,0,3,0,0,97,0,0,0,0
CO_GI_LV_HT_20181010_Q04,robot,CO,LV,HT,0,0,0,0,0,2,0,0,92,0,6,0,0
CO_GI_LV_HT_20181010_Q05,robot,CO,LV,HT,0,0,0,0,0,0,0,0,99,0,0,0,0
CO_GI_LV_HT_20181010_Q06,robot,CO,LV,HT,0,0,0,0,0,4,0,0,96,0,0,0,0
CO_GI_LV_HT_20181010_Q07,robot,CO,LV,HT,0,0,0,0,0,0,0,0,100,0,0,0,0
CO_GI_LV_HT_20181010_Q08,robot,CO,LV,HT,0,0,0,0,0,0,0,0,100,0,0,0,0
CO_GI_LV_HT_20181010_Q09,robot,CO,LV,HT,0,0,0,0,0,0,0,0,99,0,0,0,0
CO_GI_LV_HT_20181010_Q10,robot,CO,LV,HT,0,0,0,0,0,1,0,0,98,0,0,0,0
CO_GI_LV_LT_20181011_Q01,robot,CO,LV,LT,0,0,0,0,0,0,0,0,14,0,0,0,0
CO_GI_LV_LT_20181011_Q02,robot,CO,LV,LT,0,0,0,0,0,0,0,0,28,0,0,0,0
CO_GI_LV_LT_20181011_Q03,robot,CO,LV,LT,0,0,0,0,0,0,0,0,17,0,0,0,0
CO_GI_LV_LT_20181011_Q04,robot,CO,LV,LT,0,0,0,0,0,0,0,0,9,0,0,1,0
CO_GI_LV_LT_20181011_Q05,robot,CO,LV,LT,0,0,0,0,0,0,0,0,14,0,0,0,0
CO_GI_LV_LT_20181011_Q06,robot,CO,LV,LT,0,0,0,0,0,0,0,0,5,0,0,21,0
CO_GI_LV_LT_20181011_Q07,robot,CO,LV,LT,0,0,0,0,0,0,0,0,21,0,0,11,0
CO_GI_LV_LT_20181011_Q08,robot,CO,LV,LT,0,0,0,0,0,0,0,1,20,0,0,0,0
CO_GI_LV_LT_20181011_Q09,robot,CO,LV,LT,0,0,0,0,0,0,0,1,38,0,0,0,0
CO_GI_LV_LT_20181011_Q10,robot,CO,LV,LT,0,0,0,0,0,0,0,0,1,0,0,25,0
CO_GI_LV_MT_20181010_Q01,robot,CO,LV,MT,0,0,0,0,0,0,0,0,92,0,0,0,0
CO_GI_LV_MT_20181010_Q02,robot,CO,LV,MT,0,0,0,2,0,0,0,0,73,0,0,0,0
CO_GI_LV_MT_20181010_Q03,robot,CO,LV,MT,0,0,0,0,0,1,0,0,50,0,0,0,0
CO_GI_LV_MT_20181010_Q04,robot,CO,LV,MT,0,0,0,0,0,0,0,0,74,0,0,0,0
CO_GI_LV_MT_20181010_Q05,robot,CO,LV,MT,0,0,0,0,0,0,0,0,52,0,0,0,0
CO_GI_LV_MT_20181010_Q06,robot,CO,LV,MT,0,0,0,0,0,0,0,0,67,0,0,0,0
CO_GI_LV_MT_20181010_Q07,robot,CO,LV,MT,0,0,0,0,0,0,0,0,56,0,0,0,0
CO_GI_LV_MT_20181010_Q08,robot,CO,LV,MT,0,0,0,0,0,0,0,0,56,0,0,0,0
CO_GI_LV_MT_20181010_Q09,robot,CO,LV,MT,0,0,0,0,0,0,0,0,45,0,0,0,0
CO_GI_LV_MT_20181010_Q10,robot,CO,LV,MT,0,0,0,0,0,1,0,0,94,0,0,0,0
CO_GI_PV_HT_20181012_Q01,robot,CO,PV,HT,0,0,0,0,0,0,0,0,98,0,0,0,0
CO_GI_PV_HT_20181012_Q02,robot,CO,PV,HT,0,0,0,0,0,0,0,0,100,0,0,0,0
CO_GI_PV_HT_20181012_Q03,robot,CO,PV,HT,0,0,0,0,0,0,0,0,100,0,0,0,0
CO_GI_PV_HT_20181012_Q04,robot,CO,PV,HT,0,0,0,0,0,0,0,0,100,0,0,0,0
CO_GI_PV_HT_20181012_Q05,robot,CO,PV,HT,0,0,0,0,0,0,0,0,100,0,0,0,0
CO_GI_PV_HT_20181012_Q06,robot,CO,PV,HT,0,0,0,0,0,1,0,0,99,0,0,0,0
CO_GI_PV_HT_20181012_Q07,robot,CO,PV,HT,0,0,0,0,0,1,0,0,99,0,0,0,0
CO_GI_PV_HT_20181012_Q08,robot,CO,PV,HT,0,0,0,0,0,0,0,0,96,0,0,0,0
CO_GI_PV_HT_20181012_Q09,robot,CO,PV,HT,0,0,0,0,0,0,0,0,99,0,0,1,0
CO_GI_PV_HT_20181012_Q10,robot,CO,PV,HT,0,0,0,0,0,0,0,0,100,0,0,0,0
CO_GI_PV_LT_20181012_Q01,robot,CO,PV,LT,0,0,0,0,0,0,0,5,76,0,0,0,0
CO_GI_PV_LT_20181012_Q02,robot,CO,PV,LT,0,0,0,0,0,0,0,0,92,0,0,0,0
CO_GI_PV_LT_20181012_Q03,robot,CO,PV,LT,0,0,0,0,0,0,0,0,90,0,0,0,0
CO_GI_PV_LT_20181012_Q04,robot,CO,PV,LT,0,0,0,0,0,0,0,0,83,0,0,0,0
CO_GI_PV_LT_20181012_Q05,robot,CO,PV,LT,0,0,0,0,0,0,0,0,83,0,0,0,0
CO_GI_PV_LT_20181012_Q06,robot,CO,PV,LT,0,0,0,0,0,0,0,0,88,0,0,0,0
CO_GI_PV_LT_20181012_Q07,robot,CO,PV,LT,0,0,0,0,0,0,0,0,57,0,0,0,0
CO_GI_PV_LT_20181012_Q08,robot,CO,PV,LT,0,0,0,0,0,0,0,0,77,0,0,0,0
CO_GI_PV_LT_20181012_Q09,robot,CO,PV,LT,0,0,0,0,0,0,0,0,65,0,0,0,0
CO_GI_PV_LT_20181012_Q10,robot,CO,PV,LT,0,0,0,0,0,0,0,0,41,0,0,0,0
CO_GI_PV_MT_20181012_Q01,robot,CO,PV,MT,0,0,0,0,0,0,0,33,67,0,0,0,0
CO_GI_PV_MT_20181012_Q02,robot,CO,PV,MT,0,0,0,0,0,0,0,0,100,0,0,0,0
CO_GI_PV_MT_20181012_Q03,robot,CO,PV,MT,0,0,0,0,0,0,0,76,19,0,0,0,0
CO_GI_PV_MT_20181012_Q04,robot,CO,PV,MT,0,0,0,0,0,0,0,4,58,0,0,0,0
CO_GI_PV_MT_20181012_Q05,robot,CO,PV,MT,0,0,0,0,0,0,0,4,93,0,0,0,0
CO_GI_PV_MT_20181012_Q06,robot,CO,PV,MT,0,0,0,0,0,0,0,0,99,0,0,0,0
CO_GI_PV_MT_20181012_Q07,robot,CO,PV,MT,0,0,0,0,0,0,0,12,64,0,0,0,0
CO_GI_PV_MT_20181012_Q08,robot,CO,PV,MT,0,0,0,0,0,0,0,16,51,0,0,0,0
CO_GI_PV_MT_20181012_Q09,robot,CO,PV,MT,0,0,0,0,0,0,0,17,59,0,0,0,0
CO_GI_PV_MT_20181012_Q10,robot,CO,PV,MT,0,0,0,0,0,0,0,14,83,0,0,0,0
EC_SX_CD_HT_20190327_Q01,robot,EC,CD,HT,0,0,0,0,0,0,0,0,100,0,0,0,0
EC_SX_CD_HT_20190327_Q02,robot,EC,CD,HT,0,0,0,0,0,0,0,0,100,0,0,0,0
EC_SX_CD_HT_20190327_Q03,robot,EC,CD,HT,0,0,0,0,0,0,0,0,100,0,0,0,0
EC_SX_CD_HT_20190327_Q04,robot,EC,CD,HT,0,0,0,0,0,0,0,0,99,0,0,0,0
EC_SX_CD_HT_20190327_Q05,robot,EC,CD,HT,0,0,0,0,0,0,0,0,100,0,0,0,0
EC_SX_CD_HT_20190327_Q06,robot,EC,CD,HT,0,0,0,0,0,0,0,0,100,0,0,0,0
EC_SX_CD_HT_20190327_Q07,robot,EC,CD,HT,0,0,0,0,0,0,0,0,100,0,0,0,0
EC_SX_CD_HT_20190327_Q08,robot,EC,CD,HT,0,0,0,0,0,0,0,0,100,0,0,0,0
EC_SX_CD_HT_20190327_Q09,robot,EC,CD,HT,0,0,0,0,0,0,0,0,100,0,0,0,0
EC_SX_CD_HT_20190327_Q10,robot,EC,CD,HT,0,0,0,0,0,0,0,0,100,0,0,0,0
EC_SX_CD_LT_20190327_Q01,robot,EC,CD,LT,0,0,0,0,0,0,0,0,85,0,0,0,0
EC_SX_CD_LT_20190327_Q02,robot,EC,CD,LT,0,0,0,0,0,0,0,0,92,0,0,0,0
EC_SX_CD_LT_20190327_Q03,robot,EC,CD,LT,0,0,0,0,0,0,0,0,98,0,0,0,0
EC_SX_CD_LT_20190327_Q04,robot,EC,CD,LT,0,0,0,0,0,0,0,0,98,0,0,0,0
EC_SX_CD_LT_20190327_Q05,robot,EC,CD,LT,0,0,0,0,0,0,0,0,96,0,0,0,0
EC_SX_CD_LT_20190327_Q06,robot,EC,CD,LT,0,0,0,0,0,0,0,0,88,0,5,0,0
EC_SX_CD_LT_20190327_Q07,robot,EC,CD,LT,0,0,0,0,0,0,0,0,92,0,5,0,0
EC_SX_CD_LT_20190327_Q08,robot,EC,CD,LT,0,0,0,0,0,0,0,0,89,0,0,0,0
EC_SX_CD_LT_20190327_Q09,robot,EC,CD,LT,0,0,0,0,0,0,0,0,94,0,0,0,0
EC_SX_CD_LT_20190327_Q10,robot,EC,CD,LT,0,0,0,0,0,0,0,0,86,0,4,0,0
EC_SX_CD_MT_20190327_Q01,robot,EC,CD,MT,0,0,0,0,0,0,0,0,96,0,1,0,0
EC_SX_CD_MT_20190327_Q02,robot,EC,CD,MT,0,0,0,0,0,0,0,0,100,0,0,0,0
EC_SX_CD_MT_20190327_Q03,robot,EC,CD,MT,0,0,0,0,0,0,0,0,100,0,0,0,0
EC_SX_CD_MT_20190327_Q04,robot,EC,CD,MT,0,0,0,0,0,0,0,0,100,0,0,0,0
EC_SX_CD_MT_20190327_Q05,robot,EC,CD,MT,0,0,0,0,0,0,0,0,99,0,1,0,0
EC_SX_CD_MT_20190327_Q06,robot,EC,CD,MT,0,0,0,0,0,0,0,0,100,0,0,0,0
EC_SX_CD_MT_20190327_Q07,robot,EC,CD,MT,0,0,0,0,0,0,0,0,98,0,0,0,0
EC_SX_CD_MT_20190327_Q08,robot,EC,CD,MT,0,0,0,0,0,0,0,0,99,0,0,0,0
EC_SX_CD_MT_20190327_Q09,robot,EC,CD,MT,0,0,0,0,0,0,0,0,91,0,0,0,0
EC_SX_CD_MT_20190327_Q10,robot,EC,CD,MT,0,0,0,0,0,0,0,0,97,0,0,0,0
EC_SX_RA_HT_20190328_Q01,robot,EC,RA,HT,0,0,0,0,0,0,0,0,99,0,0,0,0
EC_SX_RA_HT_20190328_Q02,robot,EC,RA,HT,0,0,0,0,0,0,0,0,100,0,0,0,0
EC_SX_RA_HT_20190328_Q03,robot,EC,RA,HT,0,0,0,0,0,0,0,0,100,0,0,0,0
EC_SX_RA_HT_20190328_Q04,robot,EC,RA,HT,0,0,0,0,0,0,0,0,100,0,0,0,0
EC_SX_RA_HT_20190328_Q05,robot,EC,RA,HT,0,0,0,0,0,0,0,0,100,0,0,0,0
EC_SX_RA_HT_20190328_Q06,robot,EC,RA,HT,0,0,0,0,0,0,0,0,100,0,0,0,0
EC_SX_RA_HT_20190328_Q07,robot,EC,RA,HT,0,0,0,0,0,0,0,0,97,0,0,0,0
EC_SX_RA_HT_20190328_Q08,robot,EC,RA,HT,0,0,0,0,0,0,0,0,100,0,0,0,0
EC_SX_RA_HT_20190328_Q09,robot,EC,RA,HT,0,0,0,0,0,0,0,0,100,0,0,0,0
EC_SX_RA_HT_20190328_Q10,robot,EC,RA,HT,0,0,0,0,0,0,0,0,100,0,0,0,0
EC_SX_RA_LT_20190328_Q01,robot,EC,RA,LT,0,0,0,1,0,0,0,0,62,0,0,0,0
EC_SX_RA_LT_20190328_Q02,robot,EC,RA,LT,0,0,0,0,0,0,0,0,97,0,0,0,0
EC_SX_RA_LT_20190328_Q03,robot,EC,RA,LT,0,0,0,2,0,0,0,0,91,0,0,0,0
EC_SX_RA_LT_20190328_Q04,robot,EC,RA,LT,0,0,0,0,0,0,0,0,85,0,10,0,0
EC_SX_RA_LT_20190328_Q05,robot,EC,RA,LT,0,0,0,0,0,0,0,0,90,0,0,0,0
EC_SX_RA_LT_20190328_Q06,robot,EC,RA,LT,0,0,0,0,0,0,0,0,33,0,0,0,0
EC_SX_RA_LT_20190328_Q07,robot,EC,RA,LT,0,0,0,0,0,0,0,0,71,0,8,0,0
EC_SX_RA_LT_20190328_Q08,robot,EC,RA,LT,0,0,0,1,0,0,0,0,52,0,4,0,0
EC_SX_RA_LT_20190328_Q09,robot,EC,RA,LT,0,0,0,1,0,0,0,0,93,0,0,0,0
EC_SX_RA_LT_20190328_Q10,robot,EC,RA,LT,0,0,0,1,0,0,0,0,20,0,0,0,0
EC_SX_RA_MT_20190328_Q01,robot,EC,RA,MT,0,0,0,0,0,0,0,0,25,0,0,0,0
EC_SX_RA_MT_20190328_Q02,robot,EC,RA,MT,0,0,0,0,0,0,0,0,89,0,0,0,0
EC_SX_RA_MT_20190328_Q03,robot,EC,RA,MT,0,0,0,0,1,0,0,0,60,0,2,0,0
EC_SX_RA_MT_20190328_Q04,robot,EC,RA,MT,0,0,0,0,0,0,0,0,93,0,0,0,0
EC_SX_RA_MT_20190328_Q05,robot,EC,RA,MT,0,0,0,0,0,0,0,0,100,0,0,0,0
EC_SX_RA_MT_20190328_Q06,robot,EC,RA,MT,0,0,0,0,0,0,0,0,93,0,0,0,0
EC_SX_RA_MT_20190328_Q07,robot,EC,RA,MT,0,0,0,0,0,0,0,0,99,0,0,0,0
EC_SX_RA_MT_20190328_Q08,robot,EC,RA,MT,0,0,0,1,0,0,0,0,46,0,0,0,0
EC_SX_RA_MT_20190328_Q09,robot,EC,RA,MT,0,0,0,0,0,0,0,0,28,0,0,0,0
EC_SX_RA_MT_20190328_Q10,robot,EC,RA,MT,0,0,0,0,0,0,0,0,56,0,0,0,0
EC_SX_TO_HT_20190329_Q01,robot,EC,TO,HT,0,0,0,0,0,0,0,0,100,0,0,0,0
EC_SX_TO_HT_20190329_Q02,robot,EC,TO,HT,0,0,0,0,0,0,0,0,100,0,0,0,0
EC_SX_TO_HT_20190329_Q03,robot,EC,TO,HT,0,0,0,0,0,0,0,0,100,0,0,0,0
EC_SX_TO_HT_20190329_Q04,robot,EC,TO,HT,0,0,0,0,0,0,0,0,100,0,0,0,0
EC_SX_TO_HT_20190329_Q05,robot,EC,TO,HT,0,0,0,0,0,0,0,0,100,0,0,0,0
EC_SX_TO_HT_20190329_Q06,robot,EC,TO,HT,0,0,0,0,0,0,0,0,100,0,0,0,0
EC_SX_TO_HT_20190329_Q07,robot,EC,TO,HT,0,0,0,0,0,0,0,0,100,0,0,0,0
EC_SX_TO_HT_20190329_Q08,robot,EC,TO,HT,0,0,0,0,0,0,0,0,100,0,0,0,0
EC_SX_TO_HT_20190329_Q09,robot,EC,TO,HT,0,0,0,0,0,0,0,0,100,0,0,0,0
EC_SX_TO_HT_20190329_Q10,robot,EC,TO,HT,0,0,0,0,0,0,0,0,100,0,0,0,0
EC_SX_TO_LT_20190329_Q01,robot,EC,TO,LT,0,0,0,0,0,0,0,0,95,0,0,0,0
EC_SX_TO_LT_20190329_Q02,robot,EC,TO,LT,0,0,0,0,0,0,0,0,79,0,0,0,0
EC_SX_TO_LT_20190329_Q03,robot,EC,TO,LT,0,0,0,0,0,0,0,0,54,0,0,0,0
EC_SX_TO_LT_20190329_Q04,robot,EC,TO,LT,0,0,0,0,0,0,0,0,62,0,2,0,0
EC_SX_TO_LT_20190329_Q05,robot,EC,TO,LT,0,0,0,1,0,0,0,0,68,0,1,0,0
EC_SX_TO_LT_20190329_Q06,robot,EC,TO,LT,0,0,0,0,0,1,0,0,35,0,3,0,0
EC_SX_TO_LT_20190329_Q07,robot,EC,TO,LT,0,0,0,0,0,0,0,0,73,0,0,0,0
EC_SX_TO_LT_20190329_Q08,robot,EC,TO,LT,0,0,0,0,0,0,0,0,63,0,1,0,0
EC_SX_TO_LT_20190329_Q09,robot,EC,TO,LT,0,0,0,1,0,0,0,0,79,0,6,0,0
EC_SX_TO_LT_20190329_Q10,robot,EC,TO,LT,0,0,0,0,0,0,0,0,95,0,1,0,0
EC_SX_TO_MT_20190329_Q01,robot,EC,TO,MT,0,0,0,0,0,0,0,0,83,0,0,0,0
EC_SX_TO_MT_20190329_Q02,robot,EC,TO,MT,0,0,0,0,0,0,0,0,84,0,1,0,0
EC_SX_TO_MT_20190329_Q03,robot,EC,TO,MT,0,0,0,0,0,0,0,0,47,0,1,0,0
EC_SX_TO_MT_20190329_Q04,robot,EC,TO,MT,0,0,0,0,0,0,0,0,24,0,0,0,0
EC_SX_TO_MT_20190329_Q05,robot,EC,TO,MT,0,0,0,0,0,0,0,0,65,0,1,0,0
EC_SX_TO_MT_20190329_Q06,robot,EC,TO,MT,0,0,0,0,0,0,0,0,68,0,0,0,0
EC_SX_TO_MT_20190329_Q07,robot,EC,TO,MT,0,0,0,0,0,0,0,0,68,0,0,0,0
EC_SX_TO_MT_20190329_Q08,robot,EC,TO,MT,0,0,0,0,0,0,0,0,64,0,0,0,0
EC_SX_TO_MT_20190329_Q09,robot,EC,TO,MT,0,0,0,0,0,0,0,0,73,0,0,0,0
EC_SX_TO_MT_20190329_Q10,robot,EC,TO,MT,0,0,0,0,0,0,0,0,63,0,0,0,0
USMAMH201807_138_low_(2).JPG,robot,US,MAMH,MT,0,0,0,1,0,0,0,0,0,0,0,0,98
USMAMH201807_139_low_(2).JPG,robot,US,MAMH,MT,0,0,0,2,0,0,0,0,4,0,3,0,91
USMAMH201807_419_low_(2).JPG,robot,US,MAMH,MT,0,0,0,11,2,0,0,0,7,0,0,0,79
USMAMH201807_445_high_(3).JPG,robot,US,MAMH,HT,0,0,0,6,0,0,0,0,82,0,0,0,10
USMAMH201807_503_high_(3).JPG,robot,US,MAMH,HT,0,0,0,0,0,0,0,0,2,0,12,0,79
USMAMH201807_518_low_(2).JPG,robot,US,MAMH,MT,0,0,0,0,0,0,0,0,0,0,1,0,99
USMAMH201807_552_low_(2).JPG,robot,US,MAMH,MT,0,0,0,17,7,2,0,0,3,0,5,0,64
USMAMH201807_592_low_(2).JPG,robot,US,MAMH,MT,0,0,0,0,0,0,0,0,0,0,0,0,92
USMAMH201807_593_low_(2).JPG,robot,US,MAMH,MT,0,0,0,5,0,0,0,0,26,0,0,0,52
USMAMH201807_594_low_(3).JPG,robot,US,MAMH,MT,0,0,0,30,4,0,0,0,8,0,10,0,45
USMAMH201807_595_high_(3).JPG,robot,US,MAMH,HT,0,0,0,6,1,0,0,0,18,0,3,0,69
USMAMH201807_596_low_(2).JPG,robot,US,MAMH,MT,0,0,0,26,1,0,0,0,48,0,4,0,16
USMAMH201807_598_high_(2).JPG,robot,US,MAMH,HT,0,0,0,0,0,1,0,0,3,0,2,0,90
USMAMH201807_599_high_(3).JPG,robot,US,MAMH,HT,0,0,0,0,1,0,0,0,0,0,17,0,80
USMAMH201807_600_high_(3).JPG,robot,US,MAMH,HT,0,0,0,17,2,1,0,0,69,0,4,0,6
USMAMH201905_139_low_(3).JPG,robot,US,MAMH,MT,0,0,0,5,3,2,0,0,5,0,0,0,80
USMAMH201905_442_high_(2).JPG,robot,US,MAMH,HT,0,0,0,3,0,4,0,0,90,0,1,0,2
USMAMH201905_445_high_(3).JPG,robot,US,MAMH,HT,0,0,0,7,0,2,0,0,76,0,0,0,15
USMAMH201905_466_high_(2).JPG,robot,US,MAMH,HT,0,0,0,0,3,0,0,0,1,0,2,0,80
USMAMH201905_503_high_(2).JPG,robot,US,MAMH,HT,0,0,0,9,0,1,0,0,4,0,1,0,76
USMAMH201905_552_low_(5).JPG,robot,US,MAMH,MT,0,0,0,20,35,4,0,0,12,0,3,0,19
USMAMH201905_596_low_(3).JPG,robot,US,MAMH,MT,0,0,0,15,0,1,0,0,69,0,0,0,11
USMAMH201905_598_high_(3).JPG,robot,US,MAMH,HT,0,0,0,23,3,0,0,0,24,0,0,0,12
USMAMH201905_599_high_(3).JPG,robot,US,MAMH,HT,0,0,0,23,0,0,0,0,11,0,1,0,48
USMAMH201905_600_high_(2).JPG,robot,US,MAMH,HT,0,0,0,10,0,4,0,0,68,0,0,0,12
USMAPH201807_405_low_(4).JPG,robot,US,MAPH,MT,0,0,0,10,8,0,0,0,9,0,1,0,72
USMAPH201807_422_high_.JPG,robot,US,MAPH,HT,0,0,0,22,17,1,0,0,25,0,0,0,30
USMAPH201807_426_high_.JPG,robot,US,MAPH,HT,0,0,0,15,19,0,0,0,19,0,0,0,46
USMAPH201807_428_high_(2).JPG,robot,US,MAPH,HT,0,0,0,14,0,0,0,0,1,0,0,0,85
USMAPH201807_441_low_(2).JPG,robot,US,MAPH,MT,0,0,0,0,0,0,0,0,0,0,0,0,100
USMAPH201807_444_low_(2).JPG,robot,US,MAPH,MT,0,0,0,31,0,0,0,0,34,0,0,0,32
USMAPH201807_450_low_(1).JPG,robot,US,MAPH,MT,0,0,0,18,4,0,0,0,57,0,1,0,20
USMAPH201807_461_low_(2).JPG,robot,US,MAPH,MT,0,0,0,1,1,0,0,0,0,0,0,0,98
USMAPH201807_483_high_(4).JPG,robot,US,MAPH,HT,0,0,0,27,1,0,0,0,4,0,1,0,64
USMAPH201807_494_low_(1).JPG,robot,US,MAPH,MT,0,0,0,22,0,1,0,0,12,0,1,0,61
USMAPH201807_499_high_.JPG,robot,US,MAPH,HT,0,0,0,17,16,2,0,0,32,0,12,0,19
USMAPH201807_529_high_.JPG,robot,US,MAPH,HT,0,0,0,17,9,0,0,0,14,0,0,0,56
USMAPH201905_422_high_(2).JPG,robot,US,MAPH,HT,0,0,0,10,1,0,0,0,2,0,2,0,80
USMAPH201905_426_high_(2).JPG,robot,US,MAPH,HT,0,0,0,41,11,0,0,0,15,0,1,0,19
USMAPH201905_441_low_(2).JPG,robot,US,MAPH,MT,0,0,0,4,0,1,0,0,17,0,0,0,77
USMAPH201905_450_low_(2).JPG,robot,US,MAPH,MT,0,0,0,32,1,0,0,0,29,0,4,0,33
USMAPH201905_455_low_(2).JPG,robot,US,MAPH,MT,0,0,0,26,2,0,0,0,11,0,3,0,46
USMAPH201905_461_low_(3).JPG,robot,US,MAPH,MT,0,0,0,61,1,2,0,0,15,0,1,0,20
USMAPH201905_469_high_(2).JPG,robot,US,MAPH,HT,0,0,0,22,0,2,0,0,67,0,0,0,9
USMAPH201905_494_low_(2).JPG,robot,US,MAPH,MT,0,0,0,14,0,0,0,0,1,0,4,0,79
USMAPH201905_499_high_(2).JPG,robot,US,MAPH,HT,0,0,0,36,0,2,0,0,17,0,29,0,14
USMECH201808_190_low_(2).JPG,robot,US,MECH,MT,0,0,0,41,1,0,0,0,3,0,0,0,52
USMECH201808_191_low_(2).JPG,robot,US,MECH,MT,0,0,0,7,6,0,0,0,3,0,0,0,72
USMECH201808_192_low_(2).JPG,robot,US,MECH,MT,0,0,0,17,5,0,0,0,3,0,1,0,71
USMECH201808_195_low_(3).JPG,robot,US,MECH,MT,0,0,0,86,0,0,0,0,13,0,0,0,1
USMECH201808_198_high_(2).JPG,robot,US,MECH,HT,0,0,0,0,1,0,0,0,1,0,1,0,97
USMECH201808_564_low_(3).JPG,robot,US,MECH,MT,0,0,0,12,0,1,0,0,8,0,0,0,78
USMECH201905_190_low_(2).JPG,robot,US,MECH,MT,0,0,0,31,0,0,0,0,1,0,0,0,68
USMECH201905_191_low_(2).JPG,robot,US,MECH,MT,0,0,0,35,3,0,0,0,15,0,0,0,43
USMECH201905_192_low_(2).JPG,robot,US,MECH,MT,0,0,0,61,0,0,0,0,0,0,0,0,39
USMECH201905_193_low_(3).JPG,robot,US,MECH,MT,0,0,0,23,3,4,0,0,3,0,2,0,52
USMECH201905_194_low_(2).JPG,robot,US,MECH,MT,0,0,0,78,4,0,0,0,3,0,0,0,15
USMECH201905_195_low_(2).JPG,robot,US,MECH,MT,0,0,0,93,0,0,0,0,4,0,0,0,3
USMECH201905_196_high_(2).JPG,robot,US,MECH,HT,0,0,0,59,1,0,0,0,26,0,0,0,11
USMECH201905_198_high_(2).JPG,robot,US,MECH,HT,0,0,0,15,0,0,0,0,23,0,0,0,52
USMECH201905_199_high_(2).JPG,robot,US,MECH,HT,0,0,0,21,3,0,0,0,28,0,0,0,24
USMECH201905_200_high_(2).JPG,robot,US,MECH,HT,0,0,0,9,0,0,0,0,3,0,0,0,14
USMECH201905_564_low_(1).JPG,robot,US,MECH,MT,0,0,0,57,0,0,0,0,0,0,0,0,41
USMEGS201807_107_low_(3).JPG,robot,US,MEGS,MT,0,0,0,16,3,7,0,0,43,0,3,0,19
USMEGS201807_133_low_(2).JPG,robot,US,MEGS,MT,0,0,0,0,4,0,0,0,4,0,2,0,80
USMEGS201807_134_high_(3).JPG,robot,US,MEGS,HT,0,0,0,37,3,0,0,0,2,0,0,0,58
USMEGS201807_135_high_(3).JPG,robot,US,MEGS,HT,0,0,0,54,1,1,0,0,5,0,0,0,39
USMEGS201807_159_high_(2).JPG,robot,US,MEGS,HT,0,0,0,3,2,0,0,0,1,0,0,0,94
USMEGS201807_160_high_(2).JPG,robot,US,MEGS,HT,0,0,0,8,0,1,0,0,0,0,0,0,91
USMEGS201807_166_high_(2).JPG,robot,US,MEGS,HT,0,0,0,77,1,1,0,0,8,0,0,0,13
USMEGS201807_186_high_(2).JPG,robot,US,MEGS,HT,0,0,0,40,0,0,0,0,18,0,1,0,41
USMEGS201807_187_high_(2).JPG,robot,US,MEGS,HT,0,0,0,91,0,0,0,0,8,0,0,0,1
USMEGS201807_94_low_(2).JPG,robot,US,MEGS,MT,0,0,0,0,0,0,0,0,0,0,0,0,100
USMEGS201807_98_low_(3).JPG,robot,US,MEGS,MT,0,0,0,10,1,0,0,0,2,0,3,0,83
USMEGS201807_99_low_(2).JPG,robot,US,MEGS,MT,0,0,0,5,1,0,0,0,11,0,0,0,83
USMEGS201808_107_low_(3).JPG,robot,US,MEGS,MT,0,0,0,15,6,1,0,0,55,0,5,0,18
USMEGS201808_133_low_(4).JPG,robot,US,MEGS,MT,0,0,0,0,0,2,0,0,16,0,11,0,70
USMEGS201808_134_high_(2).JPG,robot,US,MEGS,HT,0,0,0,8,0,0,0,0,1,0,1,0,90
USMEGS201808_135_high_(2).JPG,robot,US,MEGS,HT,0,0,0,23,0,0,0,0,6,0,0,0,70
USMEGS201808_159_high_(2).JPG,robot,US,MEGS,HT,0,0,0,2,0,0,0,0,0,0,11,0,86
USMEGS201808_160_high_(2).JPG,robot,US,MEGS,HT,0,0,0,0,0,1,0,0,0,0,4,0,94
USMEGS201808_165_high_(3).JPG,robot,US,MEGS,HT,0,0,0,83,0,2,0,0,11,0,2,0,2
USMEGS201808_166_high_(2).JPG,robot,US,MEGS,HT,0,0,0,81,0,0,0,0,6,0,0,0,13
USMEGS201808_186_high_(1).JPG,robot,US,MEGS,HT,0,0,0,4,0,0,0,0,2,0,0,0,94
USMEGS201808_94_low_(2).JPG,robot,US,MEGS,MT,0,0,0,1,0,0,0,0,0,0,0,0,99
USMEGS201808_99_low_(3).JPG,robot,US,MEGS,MT,0,0,0,33,0,6,0,0,26,0,0,0,35
USMEGS201905_107_low_(2).JPG,robot,US,MEGS,MT,0,0,0,42,0,1,0,0,24,0,0,0,30
USMEGS201905_134_high_(3).JPG,robot,US,MEGS,HT,0,0,0,20,0,0,0,0,5,0,0,0,72
USMEGS201905_160_high_(2).JPG,robot,US,MEGS,HT,0,0,0,22,0,0,0,0,1,0,0,0,77
USMEGS201905_165_high_(2).JPG,robot,US,MEGS,HT,0,0,0,65,0,2,0,0,9,0,1,0,22
USMEGS201905_187_high_(2).JPG,robot,US,MEGS,HT,0,0,0,88,0,1,0,0,10,0,0,0,1
USMEGS201905_99_low_(2).JPG,robot,US,MEGS,MT,0,0,0,14,0,2,0,0,6,0,0,0,78
