Name,Date,habitat,country,locality,site,strata,Height (cm),Latitude,Longitude,Depth,Camera,Photographer,Water quality,Strobes,Framing gear used,White balance card,Comments
AR_PM_PC_HT_20181105_Q01_human.jpg,2018-11-05,ROCKY SHORE,ARGENTINA,PUERTO MADRYN,PUNTA CUEVAS,HIGHTIDE,60,-42.78511,-64.95264,,NIKON COOLPIX AW130,Bigatti,INTERTIDAL,NO,50 x 50,NO,Human
AR_PM_PC_HT_20181105_Q02_human.jpg,2018-11-05,ROCKY SHORE,ARGENTINA,PUERTO MADRYN,PUNTA CUEVAS,HIGHTIDE,60,-42.78511,-64.95264,,NIKON COOLPIX AW130,Bigatti,INTERTIDAL,NO,50 x 50,NO,Human
AR_PM_PC_HT_20181105_Q03_human.jpg,2018-11-05,ROCKY SHORE,ARGENTINA,PUERTO MADRYN,PUNTA CUEVAS,HIGHTIDE,60,-42.78511,-64.95264,,NIKON COOLPIX AW130,Bigatti,INTERTIDAL,NO,50 x 50,NO,Human
AR_PM_PC_HT_20181105_Q04_human.jpg,2018-11-05,ROCKY SHORE,ARGENTINA,PUERTO MADRYN,PUNTA CUEVAS,HIGHTIDE,60,-42.78511,-64.95264,,NIKON COOLPIX AW130,Bigatti,INTERTIDAL,NO,50 x 50,NO,Human
AR_PM_PC_HT_20181105_Q05_human.jpg,2018-11-05,ROCKY SHORE,ARGENTINA,PUERTO MADRYN,PUNTA CUEVAS,HIGHTIDE,60,-42.78511,-64.95264,,NIKON COOLPIX AW130,Bigatti,INTERTIDAL,NO,50 x 50,NO,Human
AR_PM_PC_HT_20181105_Q06_human.jpg,2018-11-05,ROCKY SHORE,ARGENTINA,PUERTO MADRYN,PUNTA CUEVAS,HIGHTIDE,60,-42.78511,-64.95264,,NIKON COOLPIX AW130,Bigatti,INTERTIDAL,NO,50 x 50,NO,Human
AR_PM_PC_HT_20181105_Q07_human.jpg,2018-11-05,ROCKY SHORE,ARGENTINA,PUERTO MADRYN,PUNTA CUEVAS,HIGHTIDE,60,-42.78511,-64.95264,,NIKON COOLPIX AW130,Bigatti,INTERTIDAL,NO,50 x 50,NO,Human
AR_PM_PC_HT_20181105_Q08_human.jpg,2018-11-05,ROCKY SHORE,ARGENTINA,PUERTO MADRYN,PUNTA CUEVAS,HIGHTIDE,60,-42.78511,-64.95264,,NIKON COOLPIX AW130,Bigatti,INTERTIDAL,NO,50 x 50,NO,Human
AR_PM_PC_HT_20181105_Q09_human.jpg,2018-11-05,ROCKY SHORE,ARGENTINA,PUERTO MADRYN,PUNTA CUEVAS,HIGHTIDE,60,-42.78511,-64.95264,,NIKON COOLPIX AW130,Bigatti,INTERTIDAL,NO,50 x 50,NO,Human
AR_PM_PC_HT_20181105_Q10_human.jpg,2018-11-05,ROCKY SHORE,ARGENTINA,PUERTO MADRYN,PUNTA CUEVAS,HIGHTIDE,60,-42.78511,-64.95264,,NIKON COOLPIX AW130,Bigatti,INTERTIDAL,NO,50 x 50,NO,Human
AR_PM_PC_LT_20181105_Q01_human.jpg,2018-11-05,ROCKY SHORE,ARGENTINA,PUERTO MADRYN,PUNTA CUEVAS,LOWTIDE,60,-42.78511,-64.95264,,NIKON COOLPIX AW130,Bigatti,INTERTIDAL,NO,50 x 50,NO,Human
AR_PM_PC_LT_20181105_Q02_human.jpg,2018-11-05,ROCKY SHORE,ARGENTINA,PUERTO MADRYN,PUNTA CUEVAS,LOWTIDE,60,-42.78511,-64.95264,,NIKON COOLPIX AW130,Bigatti,INTERTIDAL,NO,50 x 50,NO,Human
AR_PM_PC_LT_20181105_Q03_human.jpg,2018-11-05,ROCKY SHORE,ARGENTINA,PUERTO MADRYN,PUNTA CUEVAS,LOWTIDE,60,-42.78511,-64.95264,,NIKON COOLPIX AW130,Bigatti,INTERTIDAL,NO,50 x 50,NO,Human
AR_PM_PC_LT_20181105_Q04_human.jpg,2018-11-05,ROCKY SHORE,ARGENTINA,PUERTO MADRYN,PUNTA CUEVAS,LOWTIDE,60,-42.78511,-64.95264,,NIKON COOLPIX AW130,Bigatti,INTERTIDAL,NO,50 x 50,NO,Human
AR_PM_PC_LT_20181105_Q05_human.jpg,2018-11-05,ROCKY SHORE,ARGENTINA,PUERTO MADRYN,PUNTA CUEVAS,LOWTIDE,60,-42.78511,-64.95264,,NIKON COOLPIX AW130,Bigatti,INTERTIDAL,NO,50 x 50,NO,Human
AR_PM_PC_LT_20181105_Q06_human.jpg,2018-11-05,ROCKY SHORE,ARGENTINA,PUERTO MADRYN,PUNTA CUEVAS,LOWTIDE,60,-42.78511,-64.95264,,NIKON COOLPIX AW130,Bigatti,INTERTIDAL,NO,50 x 50,NO,Human
AR_PM_PC_LT_20181105_Q07_human.jpg,2018-11-05,ROCKY SHORE,ARGENTINA,PUERTO MADRYN,PUNTA CUEVAS,LOWTIDE,60,-42.78511,-64.95264,,NIKON COOLPIX AW130,Bigatti,INTERTIDAL,NO,50 x 50,NO,Human
AR_PM_PC_LT_20181105_Q08_human.jpg,2018-11-05,ROCKY SHORE,ARGENTINA,PUERTO MADRYN,PUNTA CUEVAS,LOWTIDE,60,-42.78511,-64.95264,,NIKON COOLPIX AW130,Bigatti,INTERTIDAL,NO,50 x 50,NO,Human
AR_PM_PC_LT_20181105_Q09_human.jpg,2018-11-05,ROCKY SHORE,ARGENTINA,PUERTO MADRYN,PUNTA CUEVAS,LOWTIDE,60,-42.78511,-64.95264,,NIKON COOLPIX AW130,Bigatti,INTERTIDAL,NO,50 x 50,NO,Human
AR_PM_PC_LT_20181105_Q10_human.jpg,2018-11-05,ROCKY SHORE,ARGENTINA,PUERTO MADRYN,PUNTA CUEVAS,LOWTIDE,60,-42.78511,-64.95264,,NIKON COOLPIX AW130,Bigatti,INTERTIDAL,NO,50 x 50,NO,Human
AR_PM_PC_MT_20181105_Q01_human.jpg,2018-11-05,ROCKY SHORE,ARGENTINA,PUERTO MADRYN,PUNTA CUEVAS,MIDTIDE,60,-42.78511,-64.95264,,NIKON COOLPIX AW130,Bigatti,INTERTIDAL,NO,50 x 50,NO,Human
AR_PM_PC_MT_20181105_Q02_human.jpg,2018-11-05,ROCKY SHORE,ARGENTINA,PUERTO MADRYN,PUNTA CUEVAS,MIDTIDE,60,-42.78511,-64.95264,,NIKON COOLPIX AW130,Bigatti,INTERTIDAL,NO,50 x 50,NO,Human
AR_PM_PC_MT_20181105_Q03_human.jpg,2018-11-05,ROCKY SHORE,ARGENTINA,PUERTO MADRYN,PUNTA CUEVAS,MIDTIDE,60,-42.78511,-64.95264,,NIKON COOLPIX AW130,Bigatti,INTERTIDAL,NO,50 x 50,NO,Human
AR_PM_PC_MT_20181105_Q04_human.jpg,2018-11-05,ROCKY SHORE,ARGENTINA,PUERTO MADRYN,PUNTA CUEVAS,MIDTIDE,60,-42.78511,-64.95264,,NIKON COOLPIX AW130,Bigatti,INTERTIDAL,NO,50 x 50,NO,Human
AR_PM_PC_MT_20181105_Q05_human.jpg,2018-11-05,ROCKY SHORE,ARGENTINA,PUERTO MADRYN,PUNTA CUEVAS,MIDTIDE,60,-42.78511,-64.95264,,NIKON COOLPIX AW130,Bigatti,INTERTIDAL,NO,50 x 50,NO,Human
AR_PM_PC_MT_20181105_Q06_human.jpg,2018-11-05,ROCKY SHORE,ARGENTINA,PUERTO MADRYN,PUNTA CUEVAS,MIDTIDE,60,-42.78511,-64.95264,,NIKON COOLPIX AW130,Bigatti,INTERTIDAL,NO,50 x 50,NO,Human
AR_PM_PC_MT_20181105_Q07_human.jpg,2018-11-05,ROCKY SHORE,ARGENTINA,PUERTO MADRYN,PUNTA CUEVAS,MIDTIDE,60,-42.78511,-64.95264,,NIKON COOLPIX AW130,Bigatti,INTERTIDAL,NO,50 x 50,NO,Human
AR_PM_PC_MT_20181105_Q08_human.jpg,2018-11-05,ROCKY SHORE,ARGENTINA,PUERTO MADRYN,PUNTA CUEVAS,MIDTIDE,60,-42.78511,-64.95264,,NIKON COOLPIX AW130,Bigatti,INTERTIDAL,NO,50 x 50,NO,Human
AR_PM_PC_MT_20181105_Q09_human.jpg,2018-11-05,ROCKY SHORE,ARGENTINA,PUERTO MADRYN,PUNTA CUEVAS,MIDTIDE,60,-42.78511,-64.95264,,NIKON COOLPIX AW130,Bigatti,INTERTIDAL,NO,50 x 50,NO,Human
AR_PM_PC_MT_20181105_Q10_human.jpg,2018-11-05,ROCKY SHORE,ARGENTINA,PUERTO MADRYN,PUNTA CUEVAS,MIDTIDE,60,-42.78511,-64.95264,,NIKON COOLPIX AW130,Bigatti,INTERTIDAL,NO,50 x 50,NO,Human
AR_PM_PE_HT_20181025_Q01_human.jpg,2018-10-25,ROCKY SHORE,ARGENTINA,PUERTO MADRYN,PUNTA ESTE,HIGHTIDE,60,-42.77986,-65.00171,,NIKON COOLPIX AW130,Bigatti,INTERTIDAL,NO,50 x 50,NO,Human
AR_PM_PE_HT_20181025_Q02_human.jpg,2018-10-25,ROCKY SHORE,ARGENTINA,PUERTO MADRYN,PUNTA ESTE,HIGHTIDE,60,-42.77986,-65.00171,,NIKON COOLPIX AW130,Bigatti,INTERTIDAL,NO,50 x 50,NO,Human
AR_PM_PE_HT_20181025_Q03_human.jpg,2018-10-25,ROCKY SHORE,ARGENTINA,PUERTO MADRYN,PUNTA ESTE,HIGHTIDE,60,-42.77986,-65.00171,,NIKON COOLPIX AW130,Bigatti,INTERTIDAL,NO,50 x 50,NO,Human
AR_PM_PE_HT_20181025_Q04_human.jpg,2018-10-25,ROCKY SHORE,ARGENTINA,PUERTO MADRYN,PUNTA ESTE,HIGHTIDE,60,-42.77986,-65.00171,,NIKON COOLPIX AW130,Bigatti,INTERTIDAL,NO,50 x 50,NO,Human
AR_PM_PE_HT_20181025_Q05_human.jpg,2018-10-25,ROCKY SHORE,ARGENTINA,PUERTO MADRYN,PUNTA ESTE,HIGHTIDE,60,-42.77986,-65.00171,,NIKON COOLPIX AW130,Bigatti,INTERTIDAL,NO,50 x 50,NO,Human
AR_PM_PE_HT_20181025_Q06_human.jpg,2018-10-25,ROCKY SHORE,ARGENTINA,PUERTO MADRYN,PUNTA ESTE,HIGHTIDE,60,-42.77986,-65.00171,,NIKON COOLPIX AW130,Bigatti,INTERTIDAL,NO,50 x 50,NO,Human
AR_PM_PE_HT_20181025_Q07_human.jpg,2018-10-25,ROCKY SHORE,ARGENTINA,PUERTO MADRYN,PUNTA ESTE,HIGHTIDE,60,-42.77986,-65.00171,,NIKON COOLPIX AW130,Bigatti,INTERTIDAL,NO,50 x 50,NO,Human
AR_PM_PE_HT_20181025_Q08_human.jpg,2018-10-25,ROCKY SHORE,ARGENTINA,PUERTO MADRYN,PUNTA ESTE,HIGHTIDE,60,-42.77986,-65.00171,,NIKON COOLPIX AW130,Bigatti,INTERTIDAL,NO,50 x 50,NO,Human
AR_PM_PE_HT_20181025_Q09_human.jpg,2018-10-25,ROCKY SHORE,ARGENTINA,PUERTO MADRYN,PUNTA ESTE,HIGHTIDE,60,-42.77986,-65.00171,,NIKON COOLPIX AW130,Bigatti,INTERTIDAL,NO,50 x 50,NO,Human
AR_PM_PE_HT_20181025_Q10_human.jpg,2018-10-25,ROCKY SHORE,ARGENTINA,PUERTO MADRYN,PUNTA ESTE,HIGHTIDE,60,-42.77986,-65.00171,,NIKON COOLPIX AW130,Bigatti,INTERTIDAL,NO,50 x 50,NO,Human
AR_PM_PE_LT_20181025_Q01_human.jpg,2018-10-25,ROCKY SHORE,ARGENTINA,PUERTO MADRYN,PUNTA ESTE,LOWTIDE,60,-42.77986,-65.00171,,NIKON COOLPIX AW130,Bigatti,INTERTIDAL,NO,50 x 50,NO,Human
AR_PM_PE_LT_20181025_Q02_human.jpg,2018-10-25,ROCKY SHORE,ARGENTINA,PUERTO MADRYN,PUNTA ESTE,LOWTIDE,60,-42.77986,-65.00171,,NIKON COOLPIX AW130,Bigatti,INTERTIDAL,NO,50 x 50,NO,Human
AR_PM_PE_LT_20181025_Q03_human.jpg,2018-10-25,ROCKY SHORE,ARGENTINA,PUERTO MADRYN,PUNTA ESTE,LOWTIDE,60,-42.77986,-65.00171,,NIKON COOLPIX AW130,Bigatti,INTERTIDAL,NO,50 x 50,NO,Human
AR_PM_PE_LT_20181025_Q04_human.jpg,2018-10-25,ROCKY SHORE,ARGENTINA,PUERTO MADRYN,PUNTA ESTE,LOWTIDE,60,-42.77986,-65.00171,,NIKON COOLPIX AW130,Bigatti,INTERTIDAL,NO,50 x 50,NO,Human
AR_PM_PE_LT_20181025_Q05_human.jpg,2018-10-25,ROCKY SHORE,ARGENTINA,PUERTO MADRYN,PUNTA ESTE,LOWTIDE,60,-42.77986,-65.00171,,NIKON COOLPIX AW130,Bigatti,INTERTIDAL,NO,50 x 50,NO,Human
AR_PM_PE_LT_20181025_Q06_human.jpg,2018-10-25,ROCKY SHORE,ARGENTINA,PUERTO MADRYN,PUNTA ESTE,LOWTIDE,60,-42.77986,-65.00171,,NIKON COOLPIX AW130,Bigatti,INTERTIDAL,NO,50 x 50,NO,Human
AR_PM_PE_LT_20181025_Q07_human.jpg,2018-10-25,ROCKY SHORE,ARGENTINA,PUERTO MADRYN,PUNTA ESTE,LOWTIDE,60,-42.77986,-65.00171,,NIKON COOLPIX AW130,Bigatti,INTERTIDAL,NO,50 x 50,NO,Human
AR_PM_PE_LT_20181025_Q08_human.jpg,2018-10-25,ROCKY SHORE,ARGENTINA,PUERTO MADRYN,PUNTA ESTE,LOWTIDE,60,-42.77986,-65.00171,,NIKON COOLPIX AW130,Bigatti,INTERTIDAL,NO,50 x 50,NO,Human
AR_PM_PE_LT_20181025_Q09_human.jpg,2018-10-25,ROCKY SHORE,ARGENTINA,PUERTO MADRYN,PUNTA ESTE,LOWTIDE,60,-42.77986,-65.00171,,NIKON COOLPIX AW130,Bigatti,INTERTIDAL,NO,50 x 50,NO,Human
AR_PM_PE_LT_20181025_Q10_human.jpg,2018-10-25,ROCKY SHORE,ARGENTINA,PUERTO MADRYN,PUNTA ESTE,LOWTIDE,60,-42.77986,-65.00171,,NIKON COOLPIX AW130,Bigatti,INTERTIDAL,NO,50 x 50,NO,Human
AR_PM_PE_MT_20181025_Q01_human.jpg,2018-10-25,ROCKY SHORE,ARGENTINA,PUERTO MADRYN,PUNTA ESTE,MIDTIDE,60,-42.77986,-65.00171,,NIKON COOLPIX AW130,Bigatti,INTERTIDAL,NO,50 x 50,NO,Human
AR_PM_PE_MT_20181025_Q02_human.jpg,2018-10-25,ROCKY SHORE,ARGENTINA,PUERTO MADRYN,PUNTA ESTE,MIDTIDE,60,-42.77986,-65.00171,,NIKON COOLPIX AW130,Bigatti,INTERTIDAL,NO,50 x 50,NO,Human
AR_PM_PE_MT_20181025_Q03_human.jpg,2018-10-25,ROCKY SHORE,ARGENTINA,PUERTO MADRYN,PUNTA ESTE,MIDTIDE,60,-42.77986,-65.00171,,NIKON COOLPIX AW130,Bigatti,INTERTIDAL,NO,50 x 50,NO,Human
AR_PM_PE_MT_20181025_Q04_human.jpg,2018-10-25,ROCKY SHORE,ARGENTINA,PUERTO MADRYN,PUNTA ESTE,MIDTIDE,60,-42.77986,-65.00171,,NIKON COOLPIX AW130,Bigatti,INTERTIDAL,NO,50 x 50,NO,Human
AR_PM_PE_MT_20181025_Q05_human.jpg,2018-10-25,ROCKY SHORE,ARGENTINA,PUERTO MADRYN,PUNTA ESTE,MIDTIDE,60,-42.77986,-65.00171,,NIKON COOLPIX AW130,Bigatti,INTERTIDAL,NO,50 x 50,NO,Human
AR_PM_PE_MT_20181025_Q06_human.jpg,2018-10-25,ROCKY SHORE,ARGENTINA,PUERTO MADRYN,PUNTA ESTE,MIDTIDE,60,-42.77986,-65.00171,,NIKON COOLPIX AW130,Bigatti,INTERTIDAL,NO,50 x 50,NO,Human
AR_PM_PE_MT_20181025_Q07_human.jpg,2018-10-25,ROCKY SHORE,ARGENTINA,PUERTO MADRYN,PUNTA ESTE,MIDTIDE,60,-42.77986,-65.00171,,NIKON COOLPIX AW130,Bigatti,INTERTIDAL,NO,50 x 50,NO,Human
AR_PM_PE_MT_20181025_Q08_human.jpg,2018-10-25,ROCKY SHORE,ARGENTINA,PUERTO MADRYN,PUNTA ESTE,MIDTIDE,60,-42.77986,-65.00171,,NIKON COOLPIX AW130,Bigatti,INTERTIDAL,NO,50 x 50,NO,Human
AR_PM_PE_MT_20181025_Q09_human.jpg,2018-10-25,ROCKY SHORE,ARGENTINA,PUERTO MADRYN,PUNTA ESTE,MIDTIDE,60,-42.77986,-65.00171,,NIKON COOLPIX AW130,Bigatti,INTERTIDAL,NO,50 x 50,NO,Human
AR_PM_PE_MT_20181025_Q10_human.jpg,2018-10-25,ROCKY SHORE,ARGENTINA,PUERTO MADRYN,PUNTA ESTE,MIDTIDE,60,-42.77986,-65.00171,,NIKON COOLPIX AW130,Bigatti,INTERTIDAL,NO,50 x 50,NO,Human
AR_PM_PL_HT_20181026_Q01_human.jpg,2018-10-26,ROCKY SHORE,ARGENTINA,PUERTO MADRYN,PUNTA LOMA,HIGHTIDE,60,-42.812067,-64.891925,,NIKON COOLPIX AW130,Bigatti,INTERTIDAL,NO,50 x 50,NO,Human
AR_PM_PL_HT_20181026_Q02_human.jpg,2018-10-26,ROCKY SHORE,ARGENTINA,PUERTO MADRYN,PUNTA LOMA,HIGHTIDE,60,-42.812067,-64.891925,,NIKON COOLPIX AW130,Bigatti,INTERTIDAL,NO,50 x 50,NO,Human
AR_PM_PL_HT_20181026_Q03_human.jpg,2018-10-26,ROCKY SHORE,ARGENTINA,PUERTO MADRYN,PUNTA LOMA,HIGHTIDE,60,-42.812067,-64.891925,,NIKON COOLPIX AW130,Bigatti,INTERTIDAL,NO,50 x 50,NO,Human
AR_PM_PL_HT_20181026_Q04_human.jpg,2018-10-26,ROCKY SHORE,ARGENTINA,PUERTO MADRYN,PUNTA LOMA,HIGHTIDE,60,-42.812067,-64.891925,,NIKON COOLPIX AW130,Bigatti,INTERTIDAL,NO,50 x 50,NO,Human
AR_PM_PL_HT_20181026_Q05_human.jpg,2018-10-26,ROCKY SHORE,ARGENTINA,PUERTO MADRYN,PUNTA LOMA,HIGHTIDE,60,-42.812067,-64.891925,,NIKON COOLPIX AW130,Bigatti,INTERTIDAL,NO,50 x 50,NO,Human
AR_PM_PL_HT_20181026_Q06_human.jpg,2018-10-26,ROCKY SHORE,ARGENTINA,PUERTO MADRYN,PUNTA LOMA,HIGHTIDE,60,-42.812067,-64.891925,,NIKON COOLPIX AW130,Bigatti,INTERTIDAL,NO,50 x 50,NO,Human
AR_PM_PL_HT_20181026_Q07_human.jpg,2018-10-26,ROCKY SHORE,ARGENTINA,PUERTO MADRYN,PUNTA LOMA,HIGHTIDE,60,-42.812067,-64.891925,,NIKON COOLPIX AW130,Bigatti,INTERTIDAL,NO,50 x 50,NO,Human
AR_PM_PL_HT_20181026_Q08_human.jpg,2018-10-26,ROCKY SHORE,ARGENTINA,PUERTO MADRYN,PUNTA LOMA,HIGHTIDE,60,-42.812067,-64.891925,,NIKON COOLPIX AW130,Bigatti,INTERTIDAL,NO,50 x 50,NO,Human
AR_PM_PL_HT_20181026_Q09_human.jpg,2018-10-26,ROCKY SHORE,ARGENTINA,PUERTO MADRYN,PUNTA LOMA,HIGHTIDE,60,-42.812067,-64.891925,,NIKON COOLPIX AW130,Bigatti,INTERTIDAL,NO,50 x 50,NO,Human
AR_PM_PL_HT_20181026_Q10_human.jpg,2018-10-26,ROCKY SHORE,ARGENTINA,PUERTO MADRYN,PUNTA LOMA,HIGHTIDE,60,-42.812067,-64.891925,,NIKON COOLPIX AW130,Bigatti,INTERTIDAL,NO,50 x 50,NO,Human
AR_PM_PL_LT_20181026_Q01_human.jpg,2018-10-26,ROCKY SHORE,ARGENTINA,PUERTO MADRYN,PUNTA LOMA,LOWTIDE,60,-42.812067,-64.891925,,NIKON COOLPIX AW130,Bigatti,INTERTIDAL,NO,50 x 50,NO,Human
AR_PM_PL_LT_20181026_Q02_human.jpg,2018-10-26,ROCKY SHORE,ARGENTINA,PUERTO MADRYN,PUNTA LOMA,LOWTIDE,60,-42.812067,-64.891925,,NIKON COOLPIX AW130,Bigatti,INTERTIDAL,NO,50 x 50,NO,Human
AR_PM_PL_LT_20181026_Q03_human.jpg,2018-10-26,ROCKY SHORE,ARGENTINA,PUERTO MADRYN,PUNTA LOMA,LOWTIDE,60,-42.812067,-64.891925,,NIKON COOLPIX AW130,Bigatti,INTERTIDAL,NO,50 x 50,NO,Human
AR_PM_PL_LT_20181026_Q04_human.jpg,2018-10-26,ROCKY SHORE,ARGENTINA,PUERTO MADRYN,PUNTA LOMA,LOWTIDE,60,-42.812067,-64.891925,,NIKON COOLPIX AW130,Bigatti,INTERTIDAL,NO,50 x 50,NO,Human
AR_PM_PL_LT_20181026_Q05_human.jpg,2018-10-26,ROCKY SHORE,ARGENTINA,PUERTO MADRYN,PUNTA LOMA,LOWTIDE,60,-42.812067,-64.891925,,NIKON COOLPIX AW130,Bigatti,INTERTIDAL,NO,50 x 50,NO,Human
AR_PM_PL_LT_20181026_Q06_human.jpg,2018-10-26,ROCKY SHORE,ARGENTINA,PUERTO MADRYN,PUNTA LOMA,LOWTIDE,60,-42.812067,-64.891925,,NIKON COOLPIX AW130,Bigatti,INTERTIDAL,NO,50 x 50,NO,Human
AR_PM_PL_LT_20181026_Q07_human.jpg,2018-10-26,ROCKY SHORE,ARGENTINA,PUERTO MADRYN,PUNTA LOMA,LOWTIDE,60,-42.812067,-64.891925,,NIKON COOLPIX AW130,Bigatti,INTERTIDAL,NO,50 x 50,NO,Human
AR_PM_PL_LT_20181026_Q08_human.jpg,2018-10-26,ROCKY SHORE,ARGENTINA,PUERTO MADRYN,PUNTA LOMA,LOWTIDE,60,-42.812067,-64.891925,,NIKON COOLPIX AW130,Bigatti,INTERTIDAL,NO,50 x 50,NO,Human
AR_PM_PL_LT_20181026_Q09_human.jpg,2018-10-26,ROCKY SHORE,ARGENTINA,PUERTO MADRYN,PUNTA LOMA,LOWTIDE,60,-42.812067,-64.891925,,NIKON COOLPIX AW130,Bigatti,INTERTIDAL,NO,50 x 50,NO,Human
AR_PM_PL_LT_20181026_Q10_human.jpg,2018-10-26,ROCKY SHORE,ARGENTINA,PUERTO MADRYN,PUNTA LOMA,LOWTIDE,60,-42.812067,-64.891925,,NIKON COOLPIX AW130,Bigatti,INTERTIDAL,NO,50 x 50,NO,Human
AR_PM_PL_MT_20181026_Q01_human.jpg,2018-10-26,ROCKY SHORE,ARGENTINA,PUERTO MADRYN,PUNTA LOMA,MIDTIDE,60,-42.812067,-64.891925,,NIKON COOLPIX AW130,Bigatti,INTERTIDAL,NO,50 x 50,NO,Human
AR_PM_PL_MT_20181026_Q02_human.jpg,2018-10-26,ROCKY SHORE,ARGENTINA,PUERTO MADRYN,PUNTA LOMA,MIDTIDE,60,-42.812067,-64.891925,,NIKON COOLPIX AW130,Bigatti,INTERTIDAL,NO,50 x 50,NO,Human
AR_PM_PL_MT_20181026_Q03_human.jpg,2018-10-26,ROCKY SHORE,ARGENTINA,PUERTO MADRYN,PUNTA LOMA,MIDTIDE,60,-42.812067,-64.891925,,NIKON COOLPIX AW130,Bigatti,INTERTIDAL,NO,50 x 50,NO,Human
AR_PM_PL_MT_20181026_Q04_human.jpg,2018-10-26,ROCKY SHORE,ARGENTINA,PUERTO MADRYN,PUNTA LOMA,MIDTIDE,60,-42.812067,-64.891925,,NIKON COOLPIX AW130,Bigatti,INTERTIDAL,NO,50 x 50,NO,Human
AR_PM_PL_MT_20181026_Q05_human.jpg,2018-10-26,ROCKY SHORE,ARGENTINA,PUERTO MADRYN,PUNTA LOMA,MIDTIDE,60,-42.812067,-64.891925,,NIKON COOLPIX AW130,Bigatti,INTERTIDAL,NO,50 x 50,NO,Human
AR_PM_PL_MT_20181026_Q06_human.jpg,2018-10-26,ROCKY SHORE,ARGENTINA,PUERTO MADRYN,PUNTA LOMA,MIDTIDE,60,-42.812067,-64.891925,,NIKON COOLPIX AW130,Bigatti,INTERTIDAL,NO,50 x 50,NO,Human
AR_PM_PL_MT_20181026_Q07_human.jpg,2018-10-26,ROCKY SHORE,ARGENTINA,PUERTO MADRYN,PUNTA LOMA,MIDTIDE,60,-42.812067,-64.891925,,NIKON COOLPIX AW130,Bigatti,INTERTIDAL,NO,50 x 50,NO,Human
AR_PM_PL_MT_20181026_Q08_human.jpg,2018-10-26,ROCKY SHORE,ARGENTINA,PUERTO MADRYN,PUNTA LOMA,MIDTIDE,60,-42.812067,-64.891925,,NIKON COOLPIX AW130,Bigatti,INTERTIDAL,NO,50 x 50,NO,Human
AR_PM_PL_MT_20181026_Q09_human.jpg,2018-10-26,ROCKY SHORE,ARGENTINA,PUERTO MADRYN,PUNTA LOMA,MIDTIDE,60,-42.812067,-64.891925,,NIKON COOLPIX AW130,Bigatti,INTERTIDAL,NO,50 x 50,NO,Human
AR_PM_PL_MT_20181026_Q10_human.jpg,2018-10-26,ROCKY SHORE,ARGENTINA,PUERTO MADRYN,PUNTA LOMA,MIDTIDE,60,-42.812067,-64.891925,,NIKON COOLPIX AW130,Bigatti,INTERTIDAL,NO,50 x 50,NO,Human
CO_GI_LM_HT_20181014_Q01_human.jpg,2018-10-14,ROCKY SHORE,COLOMBIA,GORGONA ISLAND,LA MANCORA,HIGHTIDE,60,,,,CANON G16,Edgardo,INTERTIDAL,NO,50 x 50,NO,Human
CO_GI_LM_HT_20181014_Q02_human.jpg,2018-10-14,ROCKY SHORE,COLOMBIA,GORGONA ISLAND,LA MANCORA,HIGHTIDE,60,,,,CANON G16,Edgardo,INTERTIDAL,NO,50 x 50,NO,Human
CO_GI_LM_HT_20181014_Q03_human.jpg,2018-10-14,ROCKY SHORE,COLOMBIA,GORGONA ISLAND,LA MANCORA,HIGHTIDE,60,,,,CANON G16,Edgardo,INTERTIDAL,NO,50 x 50,NO,Human
CO_GI_LM_HT_20181014_Q04_human.jpg,2018-10-14,ROCKY SHORE,COLOMBIA,GORGONA ISLAND,LA MANCORA,HIGHTIDE,60,,,,CANON G16,Edgardo,INTERTIDAL,NO,50 x 50,NO,Human
CO_GI_LM_HT_20181014_Q05_human.jpg,2018-10-14,ROCKY SHORE,COLOMBIA,GORGONA ISLAND,LA MANCORA,HIGHTIDE,60,,,,CANON G16,Edgardo,INTERTIDAL,NO,50 x 50,NO,Human
CO_GI_LM_HT_20181014_Q06_human.jpg,2018-10-14,ROCKY SHORE,COLOMBIA,GORGONA ISLAND,LA MANCORA,HIGHTIDE,60,,,,CANON G16,Edgardo,INTERTIDAL,NO,50 x 50,NO,Human
CO_GI_LM_HT_20181014_Q07_human.jpg,2018-10-14,ROCKY SHORE,COLOMBIA,GORGONA ISLAND,LA MANCORA,HIGHTIDE,60,,,,CANON G16,Edgardo,INTERTIDAL,NO,50 x 50,NO,Human
CO_GI_LM_HT_20181014_Q08_human.jpg,2018-10-14,ROCKY SHORE,COLOMBIA,GORGONA ISLAND,LA MANCORA,HIGHTIDE,60,,,,CANON G16,Edgardo,INTERTIDAL,NO,50 x 50,NO,Human
CO_GI_LM_HT_20181014_Q09_human.jpg,2018-10-14,ROCKY SHORE,COLOMBIA,GORGONA ISLAND,LA MANCORA,HIGHTIDE,60,,,,CANON G16,Edgardo,INTERTIDAL,NO,50 x 50,NO,Human
CO_GI_LM_HT_20181014_Q10_human.jpg,2018-10-14,ROCKY SHORE,COLOMBIA,GORGONA ISLAND,LA MANCORA,HIGHTIDE,60,,,,CANON G16,Edgardo,INTERTIDAL,NO,50 x 50,NO,Human
CO_GI_LM_LT_20181014_Q01_human.jpg,2018-10-14,ROCKY SHORE,COLOMBIA,GORGONA ISLAND,LA MANCORA,LOWTIDE,60,,,,CANON G16,Edgardo,INTERTIDAL,NO,50 x 50,NO,Human
CO_GI_LM_LT_20181014_Q02_human.jpg,2018-10-14,ROCKY SHORE,COLOMBIA,GORGONA ISLAND,LA MANCORA,LOWTIDE,60,,,,CANON G16,Edgardo,INTERTIDAL,NO,50 x 50,NO,Human
CO_GI_LM_LT_20181014_Q03_human.jpg,2018-10-14,ROCKY SHORE,COLOMBIA,GORGONA ISLAND,LA MANCORA,LOWTIDE,60,,,,CANON G16,Edgardo,INTERTIDAL,NO,50 x 50,NO,Human
CO_GI_LM_LT_20181014_Q04_human.jpg,2018-10-14,ROCKY SHORE,COLOMBIA,GORGONA ISLAND,LA MANCORA,LOWTIDE,60,,,,CANON G16,Edgardo,INTERTIDAL,NO,50 x 50,NO,Human
CO_GI_LM_LT_20181014_Q05_human.jpg,2018-10-14,ROCKY SHORE,COLOMBIA,GORGONA ISLAND,LA MANCORA,LOWTIDE,60,,,,CANON G16,Edgardo,INTERTIDAL,NO,50 x 50,NO,Human
CO_GI_LM_LT_20181014_Q06_human.jpg,2018-10-14,ROCKY SHORE,COLOMBIA,GORGONA ISLAND,LA MANCORA,LOWTIDE,60,,,,CANON G16,Edgardo,INTERTIDAL,NO,50 x 50,NO,Human
CO_GI_LM_LT_20181014_Q07_human.jpg,2018-10-14,ROCKY SHORE,COLOMBIA,GORGONA ISLAND,LA MANCORA,LOWTIDE,60,,,,CANON G16,Edgardo,INTERTIDAL,NO,50 x 50,NO,Human
CO_GI_LM_LT_20181014_Q08_human.jpg,2018-10-14,ROCKY SHORE,COLOMBIA,GORGONA ISLAND,LA MANCORA,LOWTIDE,60,,,,CANON G16,Edgardo,INTERTIDAL,NO,50 x 50,NO,Human
CO_GI_LM_LT_20181014_Q09_human.jpg,2018-10-14,ROCKY SHORE,COLOMBIA,GORGONA ISLAND,LA MANCORA,LOWTIDE,60,,,,CANON G16,Edgardo,INTERTIDAL,NO,50 x 50,NO,Human
CO_GI_LM_LT_20181014_Q10_human.jpg,2018-10-14,ROCKY SHORE,COLOMBIA,GORGONA ISLAND,LA MANCORA,LOWTIDE,60,,,,CANON G16,Edgardo,INTERTIDAL,NO,50 x 50,NO,Human
CO_GI_LM_MT_20181014_Q01_human.jpg,2018-10-14,ROCKY SHORE,COLOMBIA,GORGONA ISLAND,LA MANCORA,MIDTIDE,60,,,,CANON G16,Edgardo,INTERTIDAL,NO,50 x 50,NO,Human
CO_GI_LM_MT_20181014_Q02_human.jpg,2018-10-14,ROCKY SHORE,COLOMBIA,GORGONA ISLAND,LA MANCORA,MIDTIDE,60,,,,CANON G16,Edgardo,INTERTIDAL,NO,50 x 50,NO,Human
CO_GI_LM_MT_20181014_Q03_human.jpg,2018-10-14,ROCKY SHORE,COLOMBIA,GORGONA ISLAND,LA MANCORA,MIDTIDE,60,,,,CANON G16,Edgardo,INTERTIDAL,NO,50 x 50,NO,Human
CO_GI_LM_MT_20181014_Q04_human.jpg,2018-10-14,ROCKY SHORE,COLOMBIA,GORGONA ISLAND,LA MANCORA,MIDTIDE,60,,,,CANON G16,Edgardo,INTERTIDAL,NO,50 x 50,NO,Human
CO_GI_LM_MT_20181014_Q05_human.jpg,2018-10-14,ROCKY SHORE,COLOMBIA,GORGONA ISLAND,LA MANCORA,MIDTIDE,60,,,,CANON G16,Edgardo,INTERTIDAL,NO,50 x 50,NO,Human
CO_GI_LM_MT_20181014_Q06_human.jpg,2018-10-14,ROCKY SHORE,COLOMBIA,GORGONA ISLAND,LA MANCORA,MIDTIDE,60,,,,CANON G16,Edgardo,INTERTIDAL,NO,50 x 50,NO,Human
CO_GI_LM_MT_20181014_Q07_human.jpg,2018-10-14,ROCKY SHORE,COLOMBIA,GORGONA ISLAND,LA MANCORA,MIDTIDE,60,,,,CANON G16,Edgardo,INTERTIDAL,NO,50 x 50,NO,Human
CO_GI_LM_MT_20181014_Q08_human.jpg,2018-10-14,ROCKY SHORE,COLOMBIA,GORGONA ISLAND,LA MANCORA,MIDTIDE,60,,,,CANON G16,Edgardo,INTERTIDAL,NO,50 x 50,NO,Human
CO_GI_LM_MT_20181014_Q09_human.jpg,2018-10-14,ROCKY SHORE,COLOMBIA,GORGONA ISLAND,LA MANCORA,MIDTIDE,60,,,,CANON G16,Edgardo,INTERTIDAL,NO,50 x 50,NO,Human
CO_GI_LM_MT_20181014_Q10_human.jpg,2018-10-14,ROCKY SHORE,COLOMBIA,GORGONA ISLAND,LA MANCORA,MIDTIDE,60,,,,CANON G16,Edgardo,INTERTIDAL,NO,50 x 50,NO,Human
CO_GI_LV_HT_20181010_Q01_human.jpg,2018-10-10,ROCKY SHORE,COLOMBIA,GORGONA ISLAND,LA VENTANA,HIGHTIDE,60,,,,CANON G16,Edgardo,INTERTIDAL,NO,50 x 50,NO,Human
CO_GI_LV_HT_20181010_Q02_human.jpg,2018-10-10,ROCKY SHORE,COLOMBIA,GORGONA ISLAND,LA VENTANA,HIGHTIDE,60,,,,CANON G16,Edgardo,INTERTIDAL,NO,50 x 50,NO,Human
CO_GI_LV_HT_20181010_Q03_human.jpg,2018-10-10,ROCKY SHORE,COLOMBIA,GORGONA ISLAND,LA VENTANA,HIGHTIDE,60,,,,CANON G16,Edgardo,INTERTIDAL,NO,50 x 50,NO,Human
CO_GI_LV_HT_20181010_Q04_human.jpg,2018-10-10,ROCKY SHORE,COLOMBIA,GORGONA ISLAND,LA VENTANA,HIGHTIDE,60,,,,CANON G16,Edgardo,INTERTIDAL,NO,50 x 50,NO,Human
CO_GI_LV_HT_20181010_Q05_human.jpg,2018-10-10,ROCKY SHORE,COLOMBIA,GORGONA ISLAND,LA VENTANA,HIGHTIDE,60,,,,CANON G16,Edgardo,INTERTIDAL,NO,50 x 50,NO,Human
CO_GI_LV_HT_20181010_Q06_human.jpg,2018-10-10,ROCKY SHORE,COLOMBIA,GORGONA ISLAND,LA VENTANA,HIGHTIDE,60,,,,CANON G16,Edgardo,INTERTIDAL,NO,50 x 50,NO,Human
CO_GI_LV_HT_20181010_Q07_human.jpg,2018-10-10,ROCKY SHORE,COLOMBIA,GORGONA ISLAND,LA VENTANA,HIGHTIDE,60,,,,CANON G16,Edgardo,INTERTIDAL,NO,50 x 50,NO,Human
CO_GI_LV_HT_20181010_Q08_human.jpg,2018-10-10,ROCKY SHORE,COLOMBIA,GORGONA ISLAND,LA VENTANA,HIGHTIDE,60,,,,CANON G16,Edgardo,INTERTIDAL,NO,50 x 50,NO,Human
CO_GI_LV_HT_20181010_Q09_human.jpg,2018-10-10,ROCKY SHORE,COLOMBIA,GORGONA ISLAND,LA VENTANA,HIGHTIDE,60,,,,CANON G16,Edgardo,INTERTIDAL,NO,50 x 50,NO,Human
CO_GI_LV_HT_20181010_Q10_human.jpg,2018-10-10,ROCKY SHORE,COLOMBIA,GORGONA ISLAND,LA VENTANA,HIGHTIDE,60,,,,CANON G16,Edgardo,INTERTIDAL,NO,50 x 50,NO,Human
CO_GI_LV_LT_20181011_Q01_human.jpg,2018-10-10,ROCKY SHORE,COLOMBIA,GORGONA ISLAND,LA VENTANA,LOWTIDE,60,,,,CANON G16,Edgardo,INTERTIDAL,NO,50 x 50,NO,Human
CO_GI_LV_LT_20181011_Q02_human.jpg,2018-10-10,ROCKY SHORE,COLOMBIA,GORGONA ISLAND,LA VENTANA,LOWTIDE,60,,,,CANON G16,Edgardo,INTERTIDAL,NO,50 x 50,NO,Human
CO_GI_LV_LT_20181011_Q03_human.jpg,2018-10-10,ROCKY SHORE,COLOMBIA,GORGONA ISLAND,LA VENTANA,LOWTIDE,60,,,,CANON G16,Edgardo,INTERTIDAL,NO,50 x 50,NO,Human
CO_GI_LV_LT_20181011_Q04_human.jpg,2018-10-10,ROCKY SHORE,COLOMBIA,GORGONA ISLAND,LA VENTANA,LOWTIDE,60,,,,CANON G16,Edgardo,INTERTIDAL,NO,50 x 50,NO,Human
CO_GI_LV_LT_20181011_Q05_human.jpg,2018-10-10,ROCKY SHORE,COLOMBIA,GORGONA ISLAND,LA VENTANA,LOWTIDE,60,,,,CANON G16,Edgardo,INTERTIDAL,NO,50 x 50,NO,Human
CO_GI_LV_LT_20181011_Q06_human.jpg,2018-10-10,ROCKY SHORE,COLOMBIA,GORGONA ISLAND,LA VENTANA,LOWTIDE,60,,,,CANON G16,Edgardo,INTERTIDAL,NO,50 x 50,NO,Human
CO_GI_LV_LT_20181011_Q07_human.jpg,2018-10-10,ROCKY SHORE,COLOMBIA,GORGONA ISLAND,LA VENTANA,LOWTIDE,60,,,,CANON G16,Edgardo,INTERTIDAL,NO,50 x 50,NO,Human
CO_GI_LV_LT_20181011_Q08_human.jpg,2018-10-10,ROCKY SHORE,COLOMBIA,GORGONA ISLAND,LA VENTANA,LOWTIDE,60,,,,CANON G16,Edgardo,INTERTIDAL,NO,50 x 50,NO,Human
CO_GI_LV_LT_20181011_Q09_human.jpg,2018-10-10,ROCKY SHORE,COLOMBIA,GORGONA ISLAND,LA VENTANA,LOWTIDE,60,,,,CANON G16,Edgardo,INTERTIDAL,NO,50 x 50,NO,Human
CO_GI_LV_LT_20181011_Q10_human.jpg,2018-10-10,ROCKY SHORE,COLOMBIA,GORGONA ISLAND,LA VENTANA,LOWTIDE,60,,,,CANON G16,Edgardo,INTERTIDAL,NO,50 x 50,NO,Human
CO_GI_LV_MT_20181010_Q01_human.jpg,2018-10-10,ROCKY SHORE,COLOMBIA,GORGONA ISLAND,LA VENTANA,MIDTIDE,60,,,,CANON G16,Edgardo,INTERTIDAL,NO,50 x 50,NO,Human
CO_GI_LV_MT_20181010_Q02_human.jpg,2018-10-10,ROCKY SHORE,COLOMBIA,GORGONA ISLAND,LA VENTANA,MIDTIDE,60,,,,CANON G16,Edgardo,INTERTIDAL,NO,50 x 50,NO,Human
CO_GI_LV_MT_20181010_Q03_human.jpg,2018-10-10,ROCKY SHORE,COLOMBIA,GORGONA ISLAND,LA VENTANA,MIDTIDE,60,,,,CANON G16,Edgardo,INTERTIDAL,NO,50 x 50,NO,Human
CO_GI_LV_MT_20181010_Q04_human.jpg,2018-10-10,ROCKY SHORE,COLOMBIA,GORGONA ISLAND,LA VENTANA,MIDTIDE,60,,,,CANON G16,Edgardo,INTERTIDAL,NO,50 x 50,NO,Human
CO_GI_LV_MT_20181010_Q05_human.jpg,2018-10-10,ROCKY SHORE,COLOMBIA,GORGONA ISLAND,LA VENTANA,MIDTIDE,60,,,,CANON G16,Edgardo,INTERTIDAL,NO,50 x 50,NO,Human
CO_GI_LV_MT_20181010_Q06_human.jpg,2018-10-10,ROCKY SHORE,COLOMBIA,GORGONA ISLAND,LA VENTANA,MIDTIDE,60,,,,CANON G16,Edgardo,INTERTIDAL,NO,50 x 50,NO,Human
CO_GI_LV_MT_20181010_Q07_human.jpg,2018-10-10,ROCKY SHORE,COLOMBIA,GORGONA ISLAND,LA VENTANA,MIDTIDE,60,,,,CANON G16,Edgardo,INTERTIDAL,NO,50 x 50,NO,Human
CO_GI_LV_MT_20181010_Q08_human.jpg,2018-10-10,ROCKY SHORE,COLOMBIA,GORGONA ISLAND,LA VENTANA,MIDTIDE,60,,,,CANON G16,Edgardo,INTERTIDAL,NO,50 x 50,NO,Human
CO_GI_LV_MT_20181010_Q09_human.jpg,2018-10-10,ROCKY SHORE,COLOMBIA,GORGONA ISLAND,LA VENTANA,MIDTIDE,60,,,,CANON G16,Edgardo,INTERTIDAL,NO,50 x 50,NO,Human
CO_GI_LV_MT_20181010_Q10_human.jpg,2018-10-10,ROCKY SHORE,COLOMBIA,GORGONA ISLAND,LA VENTANA,MIDTIDE,60,,,,CANON G16,Edgardo,INTERTIDAL,NO,50 x 50,NO,Human
CO_GI_PV_HT_20181012_Q01_human.jpg,2018-10-12,ROCKY SHORE,COLOMBIA,GORGONA ISLAND,PLAYA VERDE,HIGHTIDE,60,,,,CANON G16,Edgardo,INTERTIDAL,NO,50 x 50,NO,Human
CO_GI_PV_HT_20181012_Q02_human.jpg,2018-10-12,ROCKY SHORE,COLOMBIA,GORGONA ISLAND,PLAYA VERDE,HIGHTIDE,60,,,,CANON G16,Edgardo,INTERTIDAL,NO,50 x 50,NO,Human
CO_GI_PV_HT_20181012_Q03_human.jpg,2018-10-12,ROCKY SHORE,COLOMBIA,GORGONA ISLAND,PLAYA VERDE,HIGHTIDE,60,,,,CANON G16,Edgardo,INTERTIDAL,NO,50 x 50,NO,Human
CO_GI_PV_HT_20181012_Q04_human.jpg,2018-10-12,ROCKY SHORE,COLOMBIA,GORGONA ISLAND,PLAYA VERDE,HIGHTIDE,60,,,,CANON G16,Edgardo,INTERTIDAL,NO,50 x 50,NO,Human
CO_GI_PV_HT_20181012_Q05_human.jpg,2018-10-12,ROCKY SHORE,COLOMBIA,GORGONA ISLAND,PLAYA VERDE,HIGHTIDE,60,,,,CANON G16,Edgardo,INTERTIDAL,NO,50 x 50,NO,Human
CO_GI_PV_HT_20181012_Q06_human.jpg,2018-10-12,ROCKY SHORE,COLOMBIA,GORGONA ISLAND,PLAYA VERDE,HIGHTIDE,60,,,,CANON G16,Edgardo,INTERTIDAL,NO,50 x 50,NO,Human
CO_GI_PV_HT_20181012_Q07_human.jpg,2018-10-12,ROCKY SHORE,COLOMBIA,GORGONA ISLAND,PLAYA VERDE,HIGHTIDE,60,,,,CANON G16,Edgardo,INTERTIDAL,NO,50 x 50,NO,Human
CO_GI_PV_HT_20181012_Q08_human.jpg,2018-10-12,ROCKY SHORE,COLOMBIA,GORGONA ISLAND,PLAYA VERDE,HIGHTIDE,60,,,,CANON G16,Edgardo,INTERTIDAL,NO,50 x 50,NO,Human
CO_GI_PV_HT_20181012_Q09_human.jpg,2018-10-12,ROCKY SHORE,COLOMBIA,GORGONA ISLAND,PLAYA VERDE,HIGHTIDE,60,,,,CANON G16,Edgardo,INTERTIDAL,NO,50 x 50,NO,Human
CO_GI_PV_HT_20181012_Q10_human.jpg,2018-10-12,ROCKY SHORE,COLOMBIA,GORGONA ISLAND,PLAYA VERDE,HIGHTIDE,60,,,,CANON G16,Edgardo,INTERTIDAL,NO,50 x 50,NO,Human
CO_GI_PV_LT_20181012_Q01_human.jpg,2018-10-12,ROCKY SHORE,COLOMBIA,GORGONA ISLAND,PLAYA VERDE,LOWTIDE,60,,,,CANON G16,Edgardo,INTERTIDAL,NO,50 x 50,NO,Human
CO_GI_PV_LT_20181012_Q02_human.jpg,2018-10-12,ROCKY SHORE,COLOMBIA,GORGONA ISLAND,PLAYA VERDE,LOWTIDE,60,,,,CANON G16,Edgardo,INTERTIDAL,NO,50 x 50,NO,Human
CO_GI_PV_LT_20181012_Q03_human.jpg,2018-10-12,ROCKY SHORE,COLOMBIA,GORGONA ISLAND,PLAYA VERDE,LOWTIDE,60,,,,CANON G16,Edgardo,INTERTIDAL,NO,50 x 50,NO,Human
CO_GI_PV_LT_20181012_Q04_human.jpg,2018-10-12,ROCKY SHORE,COLOMBIA,GORGONA ISLAND,PLAYA VERDE,LOWTIDE,60,,,,CANON G16,Edgardo,INTERTIDAL,NO,50 x 50,NO,Human
CO_GI_PV_LT_20181012_Q05_human.jpg,2018-10-12,ROCKY SHORE,COLOMBIA,GORGONA ISLAND,PLAYA VERDE,LOWTIDE,60,,,,CANON G16,Edgardo,INTERTIDAL,NO,50 x 50,NO,Human
CO_GI_PV_LT_20181012_Q06_human.jpg,2018-10-12,ROCKY SHORE,COLOMBIA,GORGONA ISLAND,PLAYA VERDE,LOWTIDE,60,,,,CANON G16,Edgardo,INTERTIDAL,NO,50 x 50,NO,Human
CO_GI_PV_LT_20181012_Q07_human.jpg,2018-10-12,ROCKY SHORE,COLOMBIA,GORGONA ISLAND,PLAYA VERDE,LOWTIDE,60,,,,CANON G16,Edgardo,INTERTIDAL,NO,50 x 50,NO,Human
CO_GI_PV_LT_20181012_Q08_human.jpg,2018-10-12,ROCKY SHORE,COLOMBIA,GORGONA ISLAND,PLAYA VERDE,LOWTIDE,60,,,,CANON G16,Edgardo,INTERTIDAL,NO,50 x 50,NO,Human
CO_GI_PV_LT_20181012_Q09_human.jpg,2018-10-12,ROCKY SHORE,COLOMBIA,GORGONA ISLAND,PLAYA VERDE,LOWTIDE,60,,,,CANON G16,Edgardo,INTERTIDAL,NO,50 x 50,NO,Human
CO_GI_PV_LT_20181012_Q10_human.jpg,2018-10-12,ROCKY SHORE,COLOMBIA,GORGONA ISLAND,PLAYA VERDE,LOWTIDE,60,,,,CANON G16,Edgardo,INTERTIDAL,NO,50 x 50,NO,Human
CO_GI_PV_MT_20181012_Q01_human.jpg,2018-10-12,ROCKY SHORE,COLOMBIA,GORGONA ISLAND,PLAYA VERDE,MIDTIDE,60,,,,CANON G16,Edgardo,INTERTIDAL,NO,50 x 50,NO,Human
CO_GI_PV_MT_20181012_Q02_human.jpg,2018-10-12,ROCKY SHORE,COLOMBIA,GORGONA ISLAND,PLAYA VERDE,MIDTIDE,60,,,,CANON G16,Edgardo,INTERTIDAL,NO,50 x 50,NO,Human
CO_GI_PV_MT_20181012_Q03_human.jpg,2018-10-12,ROCKY SHORE,COLOMBIA,GORGONA ISLAND,PLAYA VERDE,MIDTIDE,60,,,,CANON G16,Edgardo,INTERTIDAL,NO,50 x 50,NO,Human
CO_GI_PV_MT_20181012_Q04_human.jpg,2018-10-12,ROCKY SHORE,COLOMBIA,GORGONA ISLAND,PLAYA VERDE,MIDTIDE,60,,,,CANON G16,Edgardo,INTERTIDAL,NO,50 x 50,NO,Human
CO_GI_PV_MT_20181012_Q05_human.jpg,2018-10-12,ROCKY SHORE,COLOMBIA,GORGONA ISLAND,PLAYA VERDE,MIDTIDE,60,,,,CANON G16,Edgardo,INTERTIDAL,NO,50 x 50,NO,Human
CO_GI_PV_MT_20181012_Q06_human.jpg,2018-10-12,ROCKY SHORE,COLOMBIA,GORGONA ISLAND,PLAYA VERDE,MIDTIDE,60,,,,CANON G16,Edgardo,INTERTIDAL,NO,50 x 50,NO,Human
CO_GI_PV_MT_20181012_Q07_human.jpg,2018-10-12,ROCKY SHORE,COLOMBIA,GORGONA ISLAND,PLAYA VERDE,MIDTIDE,60,,,,CANON G16,Edgardo,INTERTIDAL,NO,50 x 50,NO,Human
CO_GI_PV_MT_20181012_Q08_human.jpg,2018-10-12,ROCKY SHORE,COLOMBIA,GORGONA ISLAND,PLAYA VERDE,MIDTIDE,60,,,,CANON G16,Edgardo,INTERTIDAL,NO,50 x 50,NO,Human
CO_GI_PV_MT_20181012_Q09_human.jpg,2018-10-12,ROCKY SHORE,COLOMBIA,GORGONA ISLAND,PLAYA VERDE,MIDTIDE,60,,,,CANON G16,Edgardo,INTERTIDAL,NO,50 x 50,NO,Human
CO_GI_PV_MT_20181012_Q10_human.jpg,2018-10-12,ROCKY SHORE,COLOMBIA,GORGONA ISLAND,PLAYA VERDE,MIDTIDE,60,,,,CANON G16,Edgardo,INTERTIDAL,NO,50 x 50,NO,Human
EC_SX_CD_HT_20190327_Q01_human.jpg,2019-03-27,ROCKY SHORE,ECUADOR,SANTA CRUZ,CHARLES DARWIN FOUNDATION,HIGHTIDE,60,,,,CANON S120,Nicolas,INTERTIDAL,NO,50 x 50,NO,Human
EC_SX_CD_HT_20190327_Q02_human.jpg,2019-03-27,ROCKY SHORE,ECUADOR,SANTA CRUZ,CHARLES DARWIN FOUNDATION,HIGHTIDE,60,,,,CANON S120,Nicolas,INTERTIDAL,NO,50 x 50,NO,Human
EC_SX_CD_HT_20190327_Q03_human.jpg,2019-03-27,ROCKY SHORE,ECUADOR,SANTA CRUZ,CHARLES DARWIN FOUNDATION,HIGHTIDE,60,,,,CANON S120,Nicolas,INTERTIDAL,NO,50 x 50,NO,Human
EC_SX_CD_HT_20190327_Q04_human.jpg,2019-03-27,ROCKY SHORE,ECUADOR,SANTA CRUZ,CHARLES DARWIN FOUNDATION,HIGHTIDE,60,,,,CANON S120,Nicolas,INTERTIDAL,NO,50 x 50,NO,Human
EC_SX_CD_HT_20190327_Q05_human.jpg,2019-03-27,ROCKY SHORE,ECUADOR,SANTA CRUZ,CHARLES DARWIN FOUNDATION,HIGHTIDE,60,,,,CANON S120,Nicolas,INTERTIDAL,NO,50 x 50,NO,Human
EC_SX_CD_HT_20190327_Q06_human.jpg,2019-03-27,ROCKY SHORE,ECUADOR,SANTA CRUZ,CHARLES DARWIN FOUNDATION,HIGHTIDE,60,,,,CANON S120,Nicolas,INTERTIDAL,NO,50 x 50,NO,Human
EC_SX_CD_HT_20190327_Q07_human.jpg,2019-03-27,ROCKY SHORE,ECUADOR,SANTA CRUZ,CHARLES DARWIN FOUNDATION,HIGHTIDE,60,,,,CANON S120,Nicolas,INTERTIDAL,NO,50 x 50,NO,Human
EC_SX_CD_HT_20190327_Q08_human.jpg,2019-03-27,ROCKY SHORE,ECUADOR,SANTA CRUZ,CHARLES DARWIN FOUNDATION,HIGHTIDE,60,,,,CANON S120,Nicolas,INTERTIDAL,NO,50 x 50,NO,Human
EC_SX_CD_HT_20190327_Q09_human.jpg,2019-03-27,ROCKY SHORE,ECUADOR,SANTA CRUZ,CHARLES DARWIN FOUNDATION,HIGHTIDE,60,,,,CANON S120,Nicolas,INTERTIDAL,NO,50 x 50,NO,Human
EC_SX_CD_HT_20190327_Q10_human.jpg,2019-03-27,ROCKY SHORE,ECUADOR,SANTA CRUZ,CHARLES DARWIN FOUNDATION,HIGHTIDE,60,,,,CANON S120,Nicolas,INTERTIDAL,NO,50 x 50,NO,Human
EC_SX_CD_LT_20190327_Q01_human.jpg,2019-03-27,ROCKY SHORE,ECUADOR,SANTA CRUZ,CHARLES DARWIN FOUNDATION,LOWTIDE,60,,,,CANON S120,Nicolas,INTERTIDAL,NO,50 x 50,NO,Human
EC_SX_CD_LT_20190327_Q02_human.jpg,2019-03-27,ROCKY SHORE,ECUADOR,SANTA CRUZ,CHARLES DARWIN FOUNDATION,LOWTIDE,60,,,,CANON S120,Nicolas,INTERTIDAL,NO,50 x 50,NO,Human
EC_SX_CD_LT_20190327_Q03_human.jpg,2019-03-27,ROCKY SHORE,ECUADOR,SANTA CRUZ,CHARLES DARWIN FOUNDATION,LOWTIDE,60,,,,CANON S120,Nicolas,INTERTIDAL,NO,50 x 50,NO,Human
EC_SX_CD_LT_20190327_Q04_human.jpg,2019-03-27,ROCKY SHORE,ECUADOR,SANTA CRUZ,CHARLES DARWIN FOUNDATION,LOWTIDE,60,,,,CANON S120,Nicolas,INTERTIDAL,NO,50 x 50,NO,Human
EC_SX_CD_LT_20190327_Q05_human.jpg,2019-03-27,ROCKY SHORE,ECUADOR,SANTA CRUZ,CHARLES DARWIN FOUNDATION,LOWTIDE,60,,,,CANON S120,Nicolas,INTERTIDAL,NO,50 x 50,NO,Human
EC_SX_CD_LT_20190327_Q06_human.jpg,2019-03-27,ROCKY SHORE,ECUADOR,SANTA CRUZ,CHARLES DARWIN FOUNDATION,LOWTIDE,60,,,,CANON S120,Nicolas,INTERTIDAL,NO,50 x 50,NO,Human
EC_SX_CD_LT_20190327_Q07_human.jpg,2019-03-27,ROCKY SHORE,ECUADOR,SANTA CRUZ,CHARLES DARWIN FOUNDATION,LOWTIDE,60,,,,CANON S120,Nicolas,INTERTIDAL,NO,50 x 50,NO,Human
EC_SX_CD_LT_20190327_Q08_human.jpg,2019-03-27,ROCKY SHORE,ECUADOR,SANTA CRUZ,CHARLES DARWIN FOUNDATION,LOWTIDE,60,,,,CANON S120,Nicolas,INTERTIDAL,NO,50 x 50,NO,Human
EC_SX_CD_LT_20190327_Q09_human.jpg,2019-03-27,ROCKY SHORE,ECUADOR,SANTA CRUZ,CHARLES DARWIN FOUNDATION,LOWTIDE,60,,,,CANON S120,Nicolas,INTERTIDAL,NO,50 x 50,NO,Human
EC_SX_CD_LT_20190327_Q10_human.jpg,2019-03-27,ROCKY SHORE,ECUADOR,SANTA CRUZ,CHARLES DARWIN FOUNDATION,LOWTIDE,60,,,,CANON S120,Nicolas,INTERTIDAL,NO,50 x 50,NO,Human
EC_SX_CD_MT_20190327_Q01_human.jpg,2019-03-27,ROCKY SHORE,ECUADOR,SANTA CRUZ,CHARLES DARWIN FOUNDATION,MIDTIDE,60,,,,CANON S120,Nicolas,INTERTIDAL,NO,50 x 50,NO,Human
EC_SX_CD_MT_20190327_Q02_human.jpg,2019-03-27,ROCKY SHORE,ECUADOR,SANTA CRUZ,CHARLES DARWIN FOUNDATION,MIDTIDE,60,,,,CANON S120,Nicolas,INTERTIDAL,NO,50 x 50,NO,Human
EC_SX_CD_MT_20190327_Q03_human.jpg,2019-03-27,ROCKY SHORE,ECUADOR,SANTA CRUZ,CHARLES DARWIN FOUNDATION,MIDTIDE,60,,,,CANON S120,Nicolas,INTERTIDAL,NO,50 x 50,NO,Human
EC_SX_CD_MT_20190327_Q04_human.jpg,2019-03-27,ROCKY SHORE,ECUADOR,SANTA CRUZ,CHARLES DARWIN FOUNDATION,MIDTIDE,60,,,,CANON S120,Nicolas,INTERTIDAL,NO,50 x 50,NO,Human
EC_SX_CD_MT_20190327_Q05_human.jpg,2019-03-27,ROCKY SHORE,ECUADOR,SANTA CRUZ,CHARLES DARWIN FOUNDATION,MIDTIDE,60,,,,CANON S120,Nicolas,INTERTIDAL,NO,50 x 50,NO,Human
EC_SX_CD_MT_20190327_Q06_human.jpg,2019-03-27,ROCKY SHORE,ECUADOR,SANTA CRUZ,CHARLES DARWIN FOUNDATION,MIDTIDE,60,,,,CANON S120,Nicolas,INTERTIDAL,NO,50 x 50,NO,Human
EC_SX_CD_MT_20190327_Q07_human.jpg,2019-03-27,ROCKY SHORE,ECUADOR,SANTA CRUZ,CHARLES DARWIN FOUNDATION,MIDTIDE,60,,,,CANON S120,Nicolas,INTERTIDAL,NO,50 x 50,NO,Human
EC_SX_CD_MT_20190327_Q08_human.jpg,2019-03-27,ROCKY SHORE,ECUADOR,SANTA CRUZ,CHARLES DARWIN FOUNDATION,MIDTIDE,60,,,,CANON S120,Nicolas,INTERTIDAL,NO,50 x 50,NO,Human
EC_SX_CD_MT_20190327_Q09_human.jpg,2019-03-27,ROCKY SHORE,ECUADOR,SANTA CRUZ,CHARLES DARWIN FOUNDATION,MIDTIDE,60,,,,CANON S120,Nicolas,INTERTIDAL,NO,50 x 50,NO,Human
EC_SX_CD_MT_20190327_Q10_human.jpg,2019-03-27,ROCKY SHORE,ECUADOR,SANTA CRUZ,CHARLES DARWIN FOUNDATION,MIDTIDE,60,,,,CANON S120,Nicolas,INTERTIDAL,NO,50 x 50,NO,Human
EC_SX_RA_HT_20190328_Q01_human.jpg,2019-03-28,ROCKY SHORE,ECUADOR,SANTA CRUZ,RATONERA,HIGHTIDE,60,,,,CANON S120,Nicolas,INTERTIDAL,NO,50 x 50,NO,Human
EC_SX_RA_HT_20190328_Q02_human.jpg,2019-03-28,ROCKY SHORE,ECUADOR,SANTA CRUZ,RATONERA,HIGHTIDE,60,,,,CANON S120,Nicolas,INTERTIDAL,NO,50 x 50,NO,Human
EC_SX_RA_HT_20190328_Q03_human.jpg,2019-03-28,ROCKY SHORE,ECUADOR,SANTA CRUZ,RATONERA,HIGHTIDE,60,,,,CANON S120,Nicolas,INTERTIDAL,NO,50 x 50,NO,Human
EC_SX_RA_HT_20190328_Q04_human.jpg,2019-03-28,ROCKY SHORE,ECUADOR,SANTA CRUZ,RATONERA,HIGHTIDE,60,,,,CANON S120,Nicolas,INTERTIDAL,NO,50 x 50,NO,Human
EC_SX_RA_HT_20190328_Q05_human.jpg,2019-03-28,ROCKY SHORE,ECUADOR,SANTA CRUZ,RATONERA,HIGHTIDE,60,,,,CANON S120,Nicolas,INTERTIDAL,NO,50 x 50,NO,Human
EC_SX_RA_HT_20190328_Q06_human.jpg,2019-03-28,ROCKY SHORE,ECUADOR,SANTA CRUZ,RATONERA,HIGHTIDE,60,,,,CANON S120,Nicolas,INTERTIDAL,NO,50 x 50,NO,Human
EC_SX_RA_HT_20190328_Q07_human.jpg,2019-03-28,ROCKY SHORE,ECUADOR,SANTA CRUZ,RATONERA,HIGHTIDE,60,,,,CANON S120,Nicolas,INTERTIDAL,NO,50 x 50,NO,Human
EC_SX_RA_HT_20190328_Q08_human.jpg,2019-03-28,ROCKY SHORE,ECUADOR,SANTA CRUZ,RATONERA,HIGHTIDE,60,,,,CANON S120,Nicolas,INTERTIDAL,NO,50 x 50,NO,Human
EC_SX_RA_HT_20190328_Q09_human.jpg,2019-03-28,ROCKY SHORE,ECUADOR,SANTA CRUZ,RATONERA,HIGHTIDE,60,,,,CANON S120,Nicolas,INTERTIDAL,NO,50 x 50,NO,Human
EC_SX_RA_HT_20190328_Q10_human.jpg,2019-03-28,ROCKY SHORE,ECUADOR,SANTA CRUZ,RATONERA,HIGHTIDE,60,,,,CANON S120,Nicolas,INTERTIDAL,NO,50 x 50,NO,Human
EC_SX_RA_LT_20190328_Q01_human.jpg,2019-03-28,ROCKY SHORE,ECUADOR,SANTA CRUZ,RATONERA,LOWTIDE,60,,,,CANON S120,Nicolas,INTERTIDAL,NO,50 x 50,NO,Human
EC_SX_RA_LT_20190328_Q02_human.jpg,2019-03-28,ROCKY SHORE,ECUADOR,SANTA CRUZ,RATONERA,LOWTIDE,60,,,,CANON S120,Nicolas,INTERTIDAL,NO,50 x 50,NO,Human
EC_SX_RA_LT_20190328_Q03_human.jpg,2019-03-28,ROCKY SHORE,ECUADOR,SANTA CRUZ,RATONERA,LOWTIDE,60,,,,CANON S120,Nicolas,INTERTIDAL,NO,50 x 50,NO,Human
EC_SX_RA_LT_20190328_Q04_human.jpg,2019-03-28,ROCKY SHORE,ECUADOR,SANTA CRUZ,RATONERA,LOWTIDE,60,,,,CANON S120,Nicolas,INTERTIDAL,NO,50 x 50,NO,Human
EC_SX_RA_LT_20190328_Q05_human.jpg,2019-03-28,ROCKY SHORE,ECUADOR,SANTA CRUZ,RATONERA,LOWTIDE,60,,,,CANON S120,Nicolas,INTERTIDAL,NO,50 x 50,NO,Human
EC_SX_RA_LT_20190328_Q06_human.jpg,2019-03-28,ROCKY SHORE,ECUADOR,SANTA CRUZ,RATONERA,LOWTIDE,60,,,,CANON S120,Nicolas,INTERTIDAL,NO,50 x 50,NO,Human
EC_SX_RA_LT_20190328_Q07_human.jpg,2019-03-28,ROCKY SHORE,ECUADOR,SANTA CRUZ,RATONERA,LOWTIDE,60,,,,CANON S120,Nicolas,INTERTIDAL,NO,50 x 50,NO,Human
EC_SX_RA_LT_20190328_Q08_human.jpg,2019-03-28,ROCKY SHORE,ECUADOR,SANTA CRUZ,RATONERA,LOWTIDE,60,,,,CANON S120,Nicolas,INTERTIDAL,NO,50 x 50,NO,Human
EC_SX_RA_LT_20190328_Q09_human.jpg,2019-03-28,ROCKY SHORE,ECUADOR,SANTA CRUZ,RATONERA,LOWTIDE,60,,,,CANON S120,Nicolas,INTERTIDAL,NO,50 x 50,NO,Human
EC_SX_RA_LT_20190328_Q10_human.jpg,2019-03-28,ROCKY SHORE,ECUADOR,SANTA CRUZ,RATONERA,LOWTIDE,60,,,,CANON S120,Nicolas,INTERTIDAL,NO,50 x 50,NO,Human
EC_SX_RA_MT_20190328_Q01_human.jpg,2019-03-28,ROCKY SHORE,ECUADOR,SANTA CRUZ,RATONERA,MIDTIDE,60,,,,CANON S120,Nicolas,INTERTIDAL,NO,50 x 50,NO,Human
EC_SX_RA_MT_20190328_Q02_human.jpg,2019-03-28,ROCKY SHORE,ECUADOR,SANTA CRUZ,RATONERA,MIDTIDE,60,,,,CANON S120,Nicolas,INTERTIDAL,NO,50 x 50,NO,Human
EC_SX_RA_MT_20190328_Q03_human.jpg,2019-03-28,ROCKY SHORE,ECUADOR,SANTA CRUZ,RATONERA,MIDTIDE,60,,,,CANON S120,Nicolas,INTERTIDAL,NO,50 x 50,NO,Human
EC_SX_RA_MT_20190328_Q04_human.jpg,2019-03-28,ROCKY SHORE,ECUADOR,SANTA CRUZ,RATONERA,MIDTIDE,60,,,,CANON S120,Nicolas,INTERTIDAL,NO,50 x 50,NO,Human
EC_SX_RA_MT_20190328_Q05_human.jpg,2019-03-28,ROCKY SHORE,ECUADOR,SANTA CRUZ,RATONERA,MIDTIDE,60,,,,CANON S120,Nicolas,INTERTIDAL,NO,50 x 50,NO,Human
EC_SX_RA_MT_20190328_Q06_human.jpg,2019-03-28,ROCKY SHORE,ECUADOR,SANTA CRUZ,RATONERA,MIDTIDE,60,,,,CANON S120,Nicolas,INTERTIDAL,NO,50 x 50,NO,Human
EC_SX_RA_MT_20190328_Q07_human.jpg,2019-03-28,ROCKY SHORE,ECUADOR,SANTA CRUZ,RATONERA,MIDTIDE,60,,,,CANON S120,Nicolas,INTERTIDAL,NO,50 x 50,NO,Human
EC_SX_RA_MT_20190328_Q08_human.jpg,2019-03-28,ROCKY SHORE,ECUADOR,SANTA CRUZ,RATONERA,MIDTIDE,60,,,,CANON S120,Nicolas,INTERTIDAL,NO,50 x 50,NO,Human
EC_SX_RA_MT_20190328_Q09_human.jpg,2019-03-28,ROCKY SHORE,ECUADOR,SANTA CRUZ,RATONERA,MIDTIDE,60,,,,CANON S120,Nicolas,INTERTIDAL,NO,50 x 50,NO,Human
EC_SX_RA_MT_20190328_Q10_human.jpg,2019-03-28,ROCKY SHORE,ECUADOR,SANTA CRUZ,RATONERA,MIDTIDE,60,,,,CANON S120,Nicolas,INTERTIDAL,NO,50 x 50,NO,Human
EC_SX_TO_HT_20190329_Q01_human.jpg,2019-03-29,ROCKY SHORE,ECUADOR,SANTA CRUZ,TORTUGA BAY,HIGHTIDE,60,,,,CANON S120,Nicolas,INTERTIDAL,NO,50 x 50,NO,Human
EC_SX_TO_HT_20190329_Q02_human.jpg,2019-03-29,ROCKY SHORE,ECUADOR,SANTA CRUZ,TORTUGA BAY,HIGHTIDE,60,,,,CANON S120,Nicolas,INTERTIDAL,NO,50 x 50,NO,Human
EC_SX_TO_HT_20190329_Q03_human.jpg,2019-03-29,ROCKY SHORE,ECUADOR,SANTA CRUZ,TORTUGA BAY,HIGHTIDE,60,,,,CANON S120,Nicolas,INTERTIDAL,NO,50 x 50,NO,Human
EC_SX_TO_HT_20190329_Q04_human.jpg,2019-03-29,ROCKY SHORE,ECUADOR,SANTA CRUZ,TORTUGA BAY,HIGHTIDE,60,,,,CANON S120,Nicolas,INTERTIDAL,NO,50 x 50,NO,Human
EC_SX_TO_HT_20190329_Q05_human.jpg,2019-03-29,ROCKY SHORE,ECUADOR,SANTA CRUZ,TORTUGA BAY,HIGHTIDE,60,,,,CANON S120,Nicolas,INTERTIDAL,NO,50 x 50,NO,Human
EC_SX_TO_HT_20190329_Q06_human.jpg,2019-03-29,ROCKY SHORE,ECUADOR,SANTA CRUZ,TORTUGA BAY,HIGHTIDE,60,,,,CANON S120,Nicolas,INTERTIDAL,NO,50 x 50,NO,Human
EC_SX_TO_HT_20190329_Q07_human.jpg,2019-03-29,ROCKY SHORE,ECUADOR,SANTA CRUZ,TORTUGA BAY,HIGHTIDE,60,,,,CANON S120,Nicolas,INTERTIDAL,NO,50 x 50,NO,Human
EC_SX_TO_HT_20190329_Q08_human.jpg,2019-03-29,ROCKY SHORE,ECUADOR,SANTA CRUZ,TORTUGA BAY,HIGHTIDE,60,,,,CANON S120,Nicolas,INTERTIDAL,NO,50 x 50,NO,Human
EC_SX_TO_HT_20190329_Q09_human.jpg,2019-03-29,ROCKY SHORE,ECUADOR,SANTA CRUZ,TORTUGA BAY,HIGHTIDE,60,,,,CANON S120,Nicolas,INTERTIDAL,NO,50 x 50,NO,Human
EC_SX_TO_HT_20190329_Q10_human.jpg,2019-03-29,ROCKY SHORE,ECUADOR,SANTA CRUZ,TORTUGA BAY,HIGHTIDE,60,,,,CANON S120,Nicolas,INTERTIDAL,NO,50 x 50,NO,Human
EC_SX_TO_LT_20190329_Q01_human.jpg,2019-03-29,ROCKY SHORE,ECUADOR,SANTA CRUZ,TORTUGA BAY,LOWTIDE,60,,,,CANON S120,Nicolas,INTERTIDAL,NO,50 x 50,NO,Human
EC_SX_TO_LT_20190329_Q02_human.jpg,2019-03-29,ROCKY SHORE,ECUADOR,SANTA CRUZ,TORTUGA BAY,LOWTIDE,60,,,,CANON S120,Nicolas,INTERTIDAL,NO,50 x 50,NO,Human
EC_SX_TO_LT_20190329_Q03_human.jpg,2019-03-29,ROCKY SHORE,ECUADOR,SANTA CRUZ,TORTUGA BAY,LOWTIDE,60,,,,CANON S120,Nicolas,INTERTIDAL,NO,50 x 50,NO,Human
EC_SX_TO_LT_20190329_Q04_human.jpg,2019-03-29,ROCKY SHORE,ECUADOR,SANTA CRUZ,TORTUGA BAY,LOWTIDE,60,,,,CANON S120,Nicolas,INTERTIDAL,NO,50 x 50,NO,Human
EC_SX_TO_LT_20190329_Q05_human.jpg,2019-03-29,ROCKY SHORE,ECUADOR,SANTA CRUZ,TORTUGA BAY,LOWTIDE,60,,,,CANON S120,Nicolas,INTERTIDAL,NO,50 x 50,NO,Human
EC_SX_TO_LT_20190329_Q06_human.jpg,2019-03-29,ROCKY SHORE,ECUADOR,SANTA CRUZ,TORTUGA BAY,LOWTIDE,60,,,,CANON S120,Nicolas,INTERTIDAL,NO,50 x 50,NO,Human
EC_SX_TO_LT_20190329_Q07_human.jpg,2019-03-29,ROCKY SHORE,ECUADOR,SANTA CRUZ,TORTUGA BAY,LOWTIDE,60,,,,CANON S120,Nicolas,INTERTIDAL,NO,50 x 50,NO,Human
EC_SX_TO_LT_20190329_Q08_human.jpg,2019-03-29,ROCKY SHORE,ECUADOR,SANTA CRUZ,TORTUGA BAY,LOWTIDE,60,,,,CANON S120,Nicolas,INTERTIDAL,NO,50 x 50,NO,Human
EC_SX_TO_LT_20190329_Q09_human.jpg,2019-03-29,ROCKY SHORE,ECUADOR,SANTA CRUZ,TORTUGA BAY,LOWTIDE,60,,,,CANON S120,Nicolas,INTERTIDAL,NO,50 x 50,NO,Human
EC_SX_TO_LT_20190329_Q10_human.jpg,2019-03-29,ROCKY SHORE,ECUADOR,SANTA CRUZ,TORTUGA BAY,LOWTIDE,60,,,,CANON S120,Nicolas,INTERTIDAL,NO,50 x 50,NO,Human
EC_SX_TO_MT_20190329_Q01_human.jpg,2019-03-29,ROCKY SHORE,ECUADOR,SANTA CRUZ,TORTUGA BAY,MIDTIDE,60,,,,CANON S120,Nicolas,INTERTIDAL,NO,50 x 50,NO,Human
EC_SX_TO_MT_20190329_Q02_human.jpg,2019-03-29,ROCKY SHORE,ECUADOR,SANTA CRUZ,TORTUGA BAY,MIDTIDE,60,,,,CANON S120,Nicolas,INTERTIDAL,NO,50 x 50,NO,Human
EC_SX_TO_MT_20190329_Q03_human.jpg,2019-03-29,ROCKY SHORE,ECUADOR,SANTA CRUZ,TORTUGA BAY,MIDTIDE,60,,,,CANON S120,Nicolas,INTERTIDAL,NO,50 x 50,NO,Human
EC_SX_TO_MT_20190329_Q04_human.jpg,2019-03-29,ROCKY SHORE,ECUADOR,SANTA CRUZ,TORTUGA BAY,MIDTIDE,60,,,,CANON S120,Nicolas,INTERTIDAL,NO,50 x 50,NO,Human
EC_SX_TO_MT_20190329_Q05_human.jpg,2019-03-29,ROCKY SHORE,ECUADOR,SANTA CRUZ,TORTUGA BAY,MIDTIDE,60,,,,CANON S120,Nicolas,INTERTIDAL,NO,50 x 50,NO,Human
EC_SX_TO_MT_20190329_Q06_human.jpg,2019-03-29,ROCKY SHORE,ECUADOR,SANTA CRUZ,TORTUGA BAY,MIDTIDE,60,,,,CANON S120,Nicolas,INTERTIDAL,NO,50 x 50,NO,Human
EC_SX_TO_MT_20190329_Q07_human.jpg,2019-03-29,ROCKY SHORE,ECUADOR,SANTA CRUZ,TORTUGA BAY,MIDTIDE,60,,,,CANON S120,Nicolas,INTERTIDAL,NO,50 x 50,NO,Human
EC_SX_TO_MT_20190329_Q08_human.jpg,2019-03-29,ROCKY SHORE,ECUADOR,SANTA CRUZ,TORTUGA BAY,MIDTIDE,60,,,,CANON S120,Nicolas,INTERTIDAL,NO,50 x 50,NO,Human
EC_SX_TO_MT_20190329_Q09_human.jpg,2019-03-29,ROCKY SHORE,ECUADOR,SANTA CRUZ,TORTUGA BAY,MIDTIDE,60,,,,CANON S120,Nicolas,INTERTIDAL,NO,50 x 50,NO,Human
EC_SX_TO_MT_20190329_Q10_human.jpg,2019-03-29,ROCKY SHORE,ECUADOR,SANTA CRUZ,TORTUGA BAY,MIDTIDE,60,,,,CANON S120,Nicolas,INTERTIDAL,NO,50 x 50,NO,Human
USMAMH201807_138_low_(2)_human.jpg,2018-07-17,Rocky shore,USA,MASSACHUSETTS,NORTHSHORE,MIDTIDE,25,42.507496,-70.84332,0,NIKON D5100,Helmuth,INTERTIDAL,NONE,25 X 25,,Human
USMAMH201807_139_low_(2)_human.jpg,2018-07-17,Rocky shore,USA,MASSACHUSETTS,NORTHSHORE,MIDTIDE,25,42.507496,-70.84332,0,NIKON D5100,Helmuth,INTERTIDAL,NONE,25 X 25,,Human
USMAMH201807_419_low_(2)_human.jpg,2018-07-17,Rocky shore,USA,MASSACHUSETTS,NORTHSHORE,MIDTIDE,25,42.507496,-70.84332,0,NIKON D5100,Helmuth,INTERTIDAL,NONE,25 X 25,,Human
USMAMH201807_445_high_(3)_human.jpg,2018-07-17,Rocky shore,USA,MASSACHUSETTS,NORTHSHORE,HIGHTIDE,25,42.507496,-70.84332,0,NIKON D5100,Helmuth,INTERTIDAL,NONE,25 X 25,,Human
USMAMH201807_503_high_(3)_human.jpg,2018-07-17,Rocky shore,USA,MASSACHUSETTS,NORTHSHORE,HIGHTIDE,25,42.507496,-70.84332,0,NIKON D5100,Helmuth,INTERTIDAL,NONE,25 X 25,,Human
USMAMH201807_518_low_(2)_human.jpg,2018-07-17,Rocky shore,USA,MASSACHUSETTS,NORTHSHORE,MIDTIDE,25,42.507496,-70.84332,0,NIKON D5100,Helmuth,INTERTIDAL,NONE,25 X 25,,Human
USMAMH201807_552_low_(2)_human.jpg,2018-07-17,Rocky shore,USA,MASSACHUSETTS,NORTHSHORE,MIDTIDE,25,42.507496,-70.84332,0,NIKON D5100,Helmuth,INTERTIDAL,NONE,25 X 25,,Human
USMAMH201807_592_low_(2)_human.jpg,2018-07-17,Rocky shore,USA,MASSACHUSETTS,NORTHSHORE,MIDTIDE,25,42.507496,-70.84332,0,NIKON D5100,Helmuth,INTERTIDAL,NONE,25 X 25,,Human
USMAMH201807_593_low_(2)_human.jpg,2018-07-17,Rocky shore,USA,MASSACHUSETTS,NORTHSHORE,MIDTIDE,25,42.507496,-70.84332,0,NIKON D5100,Helmuth,INTERTIDAL,NONE,25 X 25,,Human
USMAMH201807_594_low_(3)_human.jpg,2018-07-17,Rocky shore,USA,MASSACHUSETTS,NORTHSHORE,MIDTIDE,25,42.507496,-70.84332,0,NIKON D5100,Helmuth,INTERTIDAL,NONE,25 X 25,,Human
USMAMH201807_595_high_(3)_human.jpg,2018-07-17,Rocky shore,USA,MASSACHUSETTS,NORTHSHORE,HIGHTIDE,25,42.507496,-70.84332,0,NIKON D5100,Helmuth,INTERTIDAL,NONE,25 X 25,,Human
USMAMH201807_596_low_(2)_human.jpg,2018-07-17,Rocky shore,USA,MASSACHUSETTS,NORTHSHORE,MIDTIDE,25,42.507496,-70.84332,0,NIKON D5100,Helmuth,INTERTIDAL,NONE,25 X 25,,Human
USMAMH201807_598_high_(2)_human.jpg,2018-07-17,Rocky shore,USA,MASSACHUSETTS,NORTHSHORE,HIGHTIDE,25,42.507496,-70.84332,0,NIKON D5100,Helmuth,INTERTIDAL,NONE,25 X 25,,Human
USMAMH201807_599_high_(3)_human.jpg,2018-07-17,Rocky shore,USA,MASSACHUSETTS,NORTHSHORE,HIGHTIDE,25,42.507496,-70.84332,0,NIKON D5100,Helmuth,INTERTIDAL,NONE,25 X 25,,Human
USMAMH201807_600_high_(3)_human.jpg,2018-07-17,Rocky shore,USA,MASSACHUSETTS,NORTHSHORE,HIGHTIDE,25,42.507496,-70.84332,0,NIKON D5100,Helmuth,INTERTIDAL,NONE,25 X 25,,Human
USMAMH201905_139_low_(3)_human.jpg,2019-05-22,Rocky shore,USA,MASSACHUSETTS,NORTHSHORE,MIDTIDE,25,42.507496,-70.84332,0,NIKON D5100,Helmuth,INTERTIDAL,NONE,25 X 25,,Human
USMAMH201905_442_high_(2)_human.jpg,2019-05-21,Rocky shore,USA,MASSACHUSETTS,NORTHSHORE,HIGHTIDE,25,42.507496,-70.84332,0,NIKON D5100,Helmuth,INTERTIDAL,NONE,25 X 25,,Human
USMAMH201905_445_high_(3)_human.jpg,2019-05-21,Rocky shore,USA,MASSACHUSETTS,NORTHSHORE,HIGHTIDE,25,42.507496,-70.84332,0,NIKON D5100,Helmuth,INTERTIDAL,NONE,25 X 25,,Human
USMAMH201905_466_high_(2)_human.jpg,2019-05-21,Rocky shore,USA,MASSACHUSETTS,NORTHSHORE,HIGHTIDE,25,42.507496,-70.84332,0,NIKON D5100,Helmuth,INTERTIDAL,NONE,25 X 25,,Human
USMAMH201905_503_high_(2)_human.jpg,2019-05-21,Rocky shore,USA,MASSACHUSETTS,NORTHSHORE,HIGHTIDE,25,42.507496,-70.84332,0,NIKON D5100,Helmuth,INTERTIDAL,NONE,25 X 25,,Human
USMAMH201905_552_low_(5)_human.jpg,2019-05-22,Rocky shore,USA,MASSACHUSETTS,NORTHSHORE,MIDTIDE,25,42.507496,-70.84332,0,NIKON D5100,Helmuth,INTERTIDAL,NONE,25 X 25,,Human
USMAMH201905_596_low_(3)_human.jpg,2019-05-22,Rocky shore,USA,MASSACHUSETTS,NORTHSHORE,MIDTIDE,25,42.507496,-70.84332,0,NIKON D5100,Helmuth,INTERTIDAL,NONE,25 X 25,,Human
USMAMH201905_598_high_(3)_human.jpg,2019-05-21,Rocky shore,USA,MASSACHUSETTS,NORTHSHORE,HIGHTIDE,25,42.507496,-70.84332,0,NIKON D5100,Helmuth,INTERTIDAL,NONE,25 X 25,,Human
USMAMH201905_599_high_(3)_human.jpg,2019-05-21,Rocky shore,USA,MASSACHUSETTS,NORTHSHORE,HIGHTIDE,25,42.507496,-70.84332,0,NIKON D5100,Helmuth,INTERTIDAL,NONE,25 X 25,,Human
USMAMH201905_600_high_(2)_human.jpg,2019-05-21,Rocky shore,USA,MASSACHUSETTS,NORTHSHORE,HIGHTIDE,25,42.507496,-70.84332,0,NIKON D5100,Helmuth,INTERTIDAL,NONE,25 X 25,,Human
USMAPH201807_405_low_(4)_human.jpg,2018-07-16,Rocky shore,USA,MASSACHUSETTS,NORTHSHORE,MIDTIDE,25,42.417115,-70.906804,0,NIKON D5100,Helmuth,INTERTIDAL,NONE,25 X 25,,Human
USMAPH201807_422_high__human.jpg,2018-07-16,Rocky shore,USA,MASSACHUSETTS,NORTHSHORE,HIGHTIDE,25,42.417115,-70.906804,0,NIKON D5100,Helmuth,INTERTIDAL,NONE,25 X 25,,Human
USMAPH201807_426_high__human.jpg,2018-07-16,Rocky shore,USA,MASSACHUSETTS,NORTHSHORE,HIGHTIDE,25,42.417115,-70.906804,0,NIKON D5100,Helmuth,INTERTIDAL,NONE,25 X 25,,Human
USMAPH201807_428_high_(2)_human.jpg,2018-07-16,Rocky shore,USA,MASSACHUSETTS,NORTHSHORE,HIGHTIDE,25,42.417115,-70.906804,0,NIKON D5100,Helmuth,INTERTIDAL,NONE,25 X 25,,Human
USMAPH201807_441_low_(2)_human.jpg,2018-07-16,Rocky shore,USA,MASSACHUSETTS,NORTHSHORE,MIDTIDE,25,42.417115,-70.906804,0,NIKON D5100,Helmuth,INTERTIDAL,NONE,25 X 25,,Human
USMAPH201807_444_low_(2)_human.jpg,2018-07-16,Rocky shore,USA,MASSACHUSETTS,NORTHSHORE,MIDTIDE,25,42.417115,-70.906804,0,NIKON D5100,Helmuth,INTERTIDAL,NONE,25 X 25,,Human
USMAPH201807_450_low_(1)_human.jpg,2018-07-16,Rocky shore,USA,MASSACHUSETTS,NORTHSHORE,MIDTIDE,25,42.417115,-70.906804,0,NIKON D5100,Helmuth,INTERTIDAL,NONE,25 X 25,,Human
USMAPH201807_461_low_(2)_human.jpg,2018-07-16,Rocky shore,USA,MASSACHUSETTS,NORTHSHORE,MIDTIDE,25,42.417115,-70.906804,0,NIKON D5100,Helmuth,INTERTIDAL,NONE,25 X 25,,Human
USMAPH201807_483_high_(4)_human.jpg,2018-07-16,Rocky shore,USA,MASSACHUSETTS,NORTHSHORE,HIGHTIDE,25,42.417115,-70.906804,0,NIKON D5100,Helmuth,INTERTIDAL,NONE,25 X 25,,Human
USMAPH201807_494_low_(1)_human.jpg,2018-07-16,Rocky shore,USA,MASSACHUSETTS,NORTHSHORE,MIDTIDE,25,42.417115,-70.906804,0,NIKON D5100,Helmuth,INTERTIDAL,NONE,25 X 25,,Human
USMAPH201807_499_high__human.jpg,2018-07-16,Rocky shore,USA,MASSACHUSETTS,NORTHSHORE,HIGHTIDE,25,42.417115,-70.906804,0,NIKON D5100,Helmuth,INTERTIDAL,NONE,25 X 25,,Human
USMAPH201807_529_high__human.jpg,2018-07-16,Rocky shore,USA,MASSACHUSETTS,NORTHSHORE,HIGHTIDE,25,42.417115,-70.906804,0,NIKON D5100,Helmuth,INTERTIDAL,NONE,25 X 25,,Human
USMAPH201905_422_high_(2)_human.jpg,2019-05-20,Rocky shore,USA,MASSACHUSETTS,NORTHSHORE,HIGHTIDE,25,42.417115,-70.906804,0,NIKON D5100,Helmuth,INTERTIDAL,NONE,25 X 25,,Human
USMAPH201905_426_high_(2)_human.jpg,2019-05-20,Rocky shore,USA,MASSACHUSETTS,NORTHSHORE,HIGHTIDE,25,42.417115,-70.906804,0,NIKON D5100,Helmuth,INTERTIDAL,NONE,25 X 25,,Human
USMAPH201905_441_low_(2)_human.jpg,2019-05-20,Rocky shore,USA,MASSACHUSETTS,NORTHSHORE,MIDTIDE,25,42.417115,-70.906804,0,NIKON D5100,Helmuth,INTERTIDAL,NONE,25 X 25,,Human
USMAPH201905_450_low_(2)_human.jpg,2019-05-20,Rocky shore,USA,MASSACHUSETTS,NORTHSHORE,MIDTIDE,25,42.417115,-70.906804,0,NIKON D5100,Helmuth,INTERTIDAL,NONE,25 X 25,,Human
USMAPH201905_455_low_(2)_human.jpg,2019-05-20,Rocky shore,USA,MASSACHUSETTS,NORTHSHORE,MIDTIDE,25,42.417115,-70.906804,0,NIKON D5100,Helmuth,INTERTIDAL,NONE,25 X 25,,Human
USMAPH201905_461_low_(3)_human.jpg,2019-05-20,Rocky shore,USA,MASSACHUSETTS,NORTHSHORE,MIDTIDE,25,42.417115,-70.906804,0,NIKON D5100,Helmuth,INTERTIDAL,NONE,25 X 25,,Human
USMAPH201905_469_high_(2)_human.jpg,2019-05-20,Rocky shore,USA,MASSACHUSETTS,NORTHSHORE,HIGHTIDE,25,42.417115,-70.906804,0,NIKON D5100,Helmuth,INTERTIDAL,NONE,25 X 25,,Human
USMAPH201905_494_low_(2)_human.jpg,2019-05-20,Rocky shore,USA,MASSACHUSETTS,NORTHSHORE,MIDTIDE,25,42.417115,-70.906804,0,NIKON D5100,Helmuth,INTERTIDAL,NONE,25 X 25,,Human
USMAPH201905_499_high_(2)_human.jpg,2019-05-20,Rocky shore,USA,MASSACHUSETTS,NORTHSHORE,HIGHTIDE,25,42.417115,-70.906804,0,NIKON D5100,Helmuth,INTERTIDAL,NONE,25 X 25,,Human
USMECH201808_190_low_(2)_human.jpg,2018-08-15,Rocky shore,USA,MAINE,MIDCOAST,MIDTIDE,25,43.884718,-69.475504,0,NIKON D5100,Helmuth,INTERTIDAL,NONE,25 X 25,,Human
USMECH201808_191_low_(2)_human.jpg,2018-08-15,Rocky shore,USA,MAINE,MIDCOAST,MIDTIDE,25,43.884718,-69.475504,0,NIKON D5100,Helmuth,INTERTIDAL,NONE,25 X 25,,Human
USMECH201808_192_low_(2)_human.jpg,2018-08-15,Rocky shore,USA,MAINE,MIDCOAST,MIDTIDE,25,43.884718,-69.475504,0,NIKON D5100,Helmuth,INTERTIDAL,NONE,25 X 25,,Human
USMECH201808_195_low_(3)_human.jpg,2018-08-15,Rocky shore,USA,MAINE,MIDCOAST,MIDTIDE,25,43.884718,-69.475504,0,NIKON D5100,Helmuth,INTERTIDAL,NONE,25 X 25,,Human
USMECH201808_198_high_(2)_human.jpg,2018-08-15,Rocky shore,USA,MAINE,MIDCOAST,HIGHTIDE,25,43.884718,-69.475504,0,NIKON D5100,Helmuth,INTERTIDAL,NONE,25 X 25,,Human
USMECH201808_564_low_(3)_human.jpg,2018-08-15,Rocky shore,USA,MAINE,MIDCOAST,MIDTIDE,25,43.884718,-69.475504,0,NIKON D5100,Helmuth,INTERTIDAL,NONE,25 X 25,,Human
USMECH201905_190_low_(2)_human.jpg,2019-05-16,Rocky shore,USA,MAINE,MIDCOAST,MIDTIDE,25,43.884718,-69.475504,0,NIKON D5100,Helmuth,INTERTIDAL,NONE,25 X 25,,Human
USMECH201905_191_low_(2)_human.jpg,2019-05-16,Rocky shore,USA,MAINE,MIDCOAST,MIDTIDE,25,43.884718,-69.475504,0,NIKON D5100,Helmuth,INTERTIDAL,NONE,25 X 25,,Human
USMECH201905_192_low_(2)_human.jpg,2019-05-16,Rocky shore,USA,MAINE,MIDCOAST,MIDTIDE,25,43.884718,-69.475504,0,NIKON D5100,Helmuth,INTERTIDAL,NONE,25 X 25,,Human
USMECH201905_193_low_(3)_human.jpg,2019-05-16,Rocky shore,USA,MAINE,MIDCOAST,MIDTIDE,25,43.884718,-69.475504,0,NIKON D5100,Helmuth,INTERTIDAL,NONE,25 X 25,,Human
USMECH201905_194_low_(2)_human.jpg,2019-05-16,Rocky shore,USA,MAINE,MIDCOAST,MIDTIDE,25,43.884718,-69.475504,0,NIKON D5100,Helmuth,INTERTIDAL,NONE,25 X 25,,Human
USMECH201905_195_low_(2)_human.jpg,2019-05-16,Rocky shore,USA,MAINE,MIDCOAST,MIDTIDE,25,43.884718,-69.475504,0,NIKON D5100,Helmuth,INTERTIDAL,NONE,25 X 25,,Human
USMECH201905_196_high_(2)_human.jpg,2019-05-16,Rocky shore,USA,MAINE,MIDCOAST,HIGHTIDE,25,43.884718,-69.475504,0,NIKON D5100,Helmuth,INTERTIDAL,NONE,25 X 25,,Human
USMECH201905_198_high_(2)_human.jpg,2019-05-16,Rocky shore,USA,MAINE,MIDCOAST,HIGHTIDE,25,43.884718,-69.475504,0,NIKON D5100,Helmuth,INTERTIDAL,NONE,25 X 25,,Human
USMECH201905_199_high_(2)_human.jpg,2019-05-16,Rocky shore,USA,MAINE,MIDCOAST,HIGHTIDE,25,43.884718,-69.475504,0,NIKON D5100,Helmuth,INTERTIDAL,NONE,25 X 25,,Human
USMECH201905_200_high_(2)_human.jpg,2019-05-16,Rocky shore,USA,MAINE,MIDCOAST,HIGHTIDE,25,43.884718,-69.475504,0,NIKON D5100,Helmuth,INTERTIDAL,NONE,25 X 25,,Human
USMECH201905_564_low_(1)_human.jpg,2019-05-16,Rocky shore,USA,MAINE,MIDCOAST,MIDTIDE,25,43.884718,-69.475504,0,NIKON D5100,Helmuth,INTERTIDAL,NONE,25 X 25,,Human
USMEGS201807_107_low_(3)_human.jpg,2018-07-13,Rocky shore,USA,MAINE,MIDCOAST,MIDTIDE,25,44.371417,-68.092583,0,NIKON D5100,Helmuth,INTERTIDAL,NONE,25 X 25,,Human
USMEGS201807_133_low_(2)_human.jpg,2018-07-13,Rocky shore,USA,MAINE,MIDCOAST,HIGHTIDE,25,44.371417,-68.092583,0,NIKON D5100,Helmuth,INTERTIDAL,NONE,25 X 25,,Human
USMEGS201807_134_high_(3)_human.jpg,2018-07-13,Rocky shore,USA,MAINE,MIDCOAST,HIGHTIDE,25,44.371417,-68.092583,0,NIKON D5100,Helmuth,INTERTIDAL,NONE,25 X 25,,Human
USMEGS201807_135_high_(3)_human.jpg,2018-07-13,Rocky shore,USA,MAINE,MIDCOAST,HIGHTIDE,25,44.371417,-68.092583,0,NIKON D5100,Helmuth,INTERTIDAL,NONE,25 X 25,,Human
USMEGS201807_159_high_(2)_human.jpg,2018-07-13,Rocky shore,USA,MAINE,MIDCOAST,HIGHTIDE,25,44.371417,-68.092583,0,NIKON D5100,Helmuth,INTERTIDAL,NONE,25 X 25,,Human
USMEGS201807_160_high_(2)_human.jpg,2018-07-13,Rocky shore,USA,MAINE,MIDCOAST,HIGHTIDE,25,44.371417,-68.092583,0,NIKON D5100,Helmuth,INTERTIDAL,NONE,25 X 25,,Human
USMEGS201807_166_high_(2)_human.jpg,2018-07-13,Rocky shore,USA,MAINE,MIDCOAST,HIGHTIDE,25,44.371417,-68.092583,0,NIKON D5100,Helmuth,INTERTIDAL,NONE,25 X 25,,Human
USMEGS201807_186_high_(2)_human.jpg,2018-07-13,Rocky shore,USA,MAINE,MIDCOAST,HIGHTIDE,25,44.371417,-68.092583,0,NIKON D5100,Helmuth,INTERTIDAL,NONE,25 X 25,,Human
USMEGS201807_187_high_(2)_human.jpg,2018-07-13,Rocky shore,USA,MAINE,MIDCOAST,HIGHTIDE,25,44.371417,-68.092583,0,NIKON D5100,Helmuth,INTERTIDAL,NONE,25 X 25,,Human
USMEGS201807_94_low_(2)_human.jpg,2018-07-13,Rocky shore,USA,MAINE,MIDCOAST,MIDTIDE,25,44.371417,-68.092583,0,NIKON D5100,Helmuth,INTERTIDAL,NONE,25 X 25,,Human
USMEGS201807_98_low_(3)_human.jpg,2018-07-13,Rocky shore,USA,MAINE,MIDCOAST,MIDTIDE,25,44.371417,-68.092583,0,NIKON D5100,Helmuth,INTERTIDAL,NONE,25 X 25,,Human
USMEGS201807_99_low_(2)_human.jpg,2018-07-13,Rocky shore,USA,MAINE,MIDCOAST,MIDTIDE,25,44.371417,-68.092583,0,NIKON D5100,Helmuth,INTERTIDAL,NONE,25 X 25,,Human
USMEGS201808_107_low_(3)_human.jpg,2018-08-13,Rocky shore,USA,MAINE,MIDCOAST,MIDTIDE,25,44.371417,-68.092583,0,NIKON D5100,Helmuth,INTERTIDAL,NONE,25 X 25,,Human
USMEGS201808_133_low_(4)_human.jpg,2018-08-13,Rocky shore,USA,MAINE,MIDCOAST,MIDTIDE,25,44.371417,-68.092583,0,NIKON D5100,Helmuth,INTERTIDAL,NONE,25 X 25,,Human
USMEGS201808_134_high_(2)_human.jpg,2018-08-13,Rocky shore,USA,MAINE,MIDCOAST,HIGHTIDE,25,44.371417,-68.092583,0,NIKON D5100,Helmuth,INTERTIDAL,NONE,25 X 25,,Human
USMEGS201808_135_high_(2)_human.jpg,2018-08-13,Rocky shore,USA,MAINE,MIDCOAST,HIGHTIDE,25,44.371417,-68.092583,0,NIKON D5100,Helmuth,INTERTIDAL,NONE,25 X 25,,Human
USMEGS201808_159_high_(2)_human.jpg,2018-08-13,Rocky shore,USA,MAINE,MIDCOAST,HIGHTIDE,25,44.371417,-68.092583,0,NIKON D5100,Helmuth,INTERTIDAL,NONE,25 X 25,,Human
USMEGS201808_160_high_(2)_human.jpg,2018-08-13,Rocky shore,USA,MAINE,MIDCOAST,HIGHTIDE,25,44.371417,-68.092583,0,NIKON D5100,Helmuth,INTERTIDAL,NONE,25 X 25,,Human
USMEGS201808_165_high_(3)_human.jpg,2018-08-13,Rocky shore,USA,MAINE,MIDCOAST,HIGHTIDE,25,44.371417,-68.092583,0,NIKON D5100,Helmuth,INTERTIDAL,NONE,25 X 25,,Human
USMEGS201808_166_high_(2)_human.jpg,2018-08-13,Rocky shore,USA,MAINE,MIDCOAST,HIGHTIDE,25,44.371417,-68.092583,0,NIKON D5100,Helmuth,INTERTIDAL,NONE,25 X 25,,Human
USMEGS201808_186_high_(1)_human.jpg,2018-08-13,Rocky shore,USA,MAINE,MIDCOAST,HIGHTIDE,25,44.371417,-68.092583,0,NIKON D5100,Helmuth,INTERTIDAL,NONE,25 X 25,,Human
USMEGS201808_94_low_(2)_human.jpg,2018-08-13,Rocky shore,USA,MAINE,MIDCOAST,MIDTIDE,25,44.371417,-68.092583,0,NIKON D5100,Helmuth,INTERTIDAL,NONE,25 X 25,,Human
USMEGS201808_99_low_(3)_human.jpg,2018-08-13,Rocky shore,USA,MAINE,MIDCOAST,MIDTIDE,25,44.371417,-68.092583,0,NIKON D5100,Helmuth,INTERTIDAL,NONE,25 X 25,,Human
USMEGS201905_107_low_(2)_human.jpg,2019-05-15,Rocky shore,USA,MAINE,MIDCOAST,MIDTIDE,25,44.371417,-68.092583,0,NIKON D5100,Helmuth,INTERTIDAL,NONE,25 X 25,,Human
USMEGS201905_134_high_(3)_human.jpg,2019-05-15,Rocky shore,USA,MAINE,MIDCOAST,HIGHTIDE,25,44.371417,-68.092583,0,NIKON D5100,Helmuth,INTERTIDAL,NONE,25 X 25,,Human
USMEGS201905_160_high_(2)_human.jpg,2019-05-15,Rocky shore,USA,MAINE,MIDCOAST,HIGHTIDE,25,44.371417,-68.092583,0,NIKON D5100,Helmuth,INTERTIDAL,NONE,25 X 25,,Human
USMEGS201905_165_high_(2)_human.jpg,2019-05-15,Rocky shore,USA,MAINE,MIDCOAST,HIGHTIDE,25,44.371417,-68.092583,0,NIKON D5100,Helmuth,INTERTIDAL,NONE,25 X 25,,Human
USMEGS201905_187_high_(2)_human.jpg,2019-05-15,Rocky shore,USA,MAINE,MIDCOAST,HIGHTIDE,25,44.371417,-68.092583,0,NIKON D5100,Helmuth,INTERTIDAL,NONE,25 X 25,,Human
USMEGS201905_99_low_(2)_human.jpg,2019-05-15,Rocky shore,USA,MAINE,MIDCOAST,MIDTIDE,25,44.371417,-68.092583,0,NIKON D5100,Helmuth,INTERTIDAL,NONE,25 X 25,,Human
