"","Name","Date","habitat","country","locality","site","strata","Height..cm.","Latitude","Longitude","Depth","Camera","Photographer","Water.quality","Strobes","Framing.gear.used","White.balance.card","Comments","Annotation.status","Annotation.area","CRB","MOG","WPOT","SC","LICHEN","SHAD","Unc","MAA","MAEN","MAG","MALCB","MAF","MAEF","MALA","SP"
"1","CO_GI_LM_HT_20181014_Q01.jpg","2018-10-14","Rocky shore","COLOMBIA","GORGONA ISLAND","LA MANCORA","HIGHTIDE",NA,NA,NA,NA,"CANON G16","Edgardo","Manual",2018,"50 x 50",NA,NA,"Confirmed","X: 0 - 100% / Y: 0 - 100%",0,0,0,100,0,0,0,0,0,0,0,0,NA,NA,NA
"2","CO_GI_LM_HT_20181014_Q02.jpg","2018-10-14","Rocky shore","COLOMBIA","GORGONA ISLAND","LA MANCORA","HIGHTIDE",NA,NA,NA,NA,"CANON G16","Edgardo","Manual",2018,"50 x 50",NA,NA,"Confirmed","X: 0 - 100% / Y: 0 - 100%",0,0,0,100,0,0,0,0,0,0,0,0,NA,NA,NA
"3","CO_GI_LM_HT_20181014_Q03.jpg","2018-10-14","Rocky shore","COLOMBIA","GORGONA ISLAND","LA MANCORA","HIGHTIDE",NA,NA,NA,NA,"CANON G16","Edgardo","Manual",2018,"50 x 50",NA,NA,"Confirmed","X: 0 - 100% / Y: 0 - 100%",0,1,0,99,0,0,0,0,0,0,0,0,NA,NA,NA
"4","CO_GI_LM_HT_20181014_Q04.jpg","2018-10-14","Rocky shore","COLOMBIA","GORGONA ISLAND","LA MANCORA","HIGHTIDE",NA,NA,NA,NA,"CANON G16","Edgardo","Manual",2018,"50 x 50",NA,NA,"Confirmed","X: 0 - 100% / Y: 0 - 100%",0,1,0,99,0,0,0,0,0,0,0,0,NA,NA,NA
"5","CO_GI_LM_HT_20181014_Q05.jpg","2018-10-14","Rocky shore","COLOMBIA","GORGONA ISLAND","LA MANCORA","HIGHTIDE",NA,NA,NA,NA,"CANON G16","Edgardo","Manual",2018,"50 x 50",NA,NA,"Confirmed","X: 0 - 100% / Y: 0 - 100%",0,0,0,100,0,0,0,0,0,0,0,0,NA,NA,NA
"6","CO_GI_LM_HT_20181014_Q06.jpg","2018-10-14","Rocky shore","COLOMBIA","GORGONA ISLAND","LA MANCORA","HIGHTIDE",NA,NA,NA,NA,"CANON G16","Edgardo","Manual",2018,"50 x 50",NA,NA,"Confirmed","X: 0 - 100% / Y: 0 - 100%",0,0,0,99,0,1,0,0,0,0,0,0,NA,NA,NA
"7","CO_GI_LM_HT_20181014_Q07.jpg","2018-10-14","Rocky shore","COLOMBIA","GORGONA ISLAND","LA MANCORA","HIGHTIDE",NA,NA,NA,NA,"CANON G16","Edgardo","Manual",2018,"50 x 50",NA,NA,"Confirmed","X: 0 - 100% / Y: 0 - 100%",0,0,0,100,0,0,0,0,0,0,0,0,NA,NA,NA
"8","CO_GI_LM_HT_20181014_Q08.jpg","2018-10-14","Rocky shore","COLOMBIA","GORGONA ISLAND","LA MANCORA","HIGHTIDE",NA,NA,NA,NA,"CANON G16","Edgardo","Manual",2018,"50 x 50",NA,NA,"Confirmed","X: 0 - 100% / Y: 0 - 100%",0,0,0,100,0,0,0,0,0,0,0,0,NA,NA,NA
"9","CO_GI_LM_HT_20181014_Q09.jpg","2018-10-14","Rocky shore","COLOMBIA","GORGONA ISLAND","LA MANCORA","HIGHTIDE",NA,NA,NA,NA,"CANON G16","Edgardo","Manual",2018,"50 x 50",NA,NA,"Confirmed","X: 0 - 100% / Y: 0 - 100%",0,3,0,97,0,0,0,0,0,0,0,0,NA,NA,NA
"10","CO_GI_LM_HT_20181014_Q10.jpg","2018-10-14","Rocky shore","COLOMBIA","GORGONA ISLAND","LA MANCORA","HIGHTIDE",NA,NA,NA,NA,"CANON G16","Edgardo","Manual",2018,"50 x 50",NA,NA,"Confirmed","X: 0 - 100% / Y: 0 - 100%",0,1,0,99,0,0,0,0,0,0,0,0,NA,NA,NA
"11","CO_GI_LM_LT_20181014_Q01.jpg","2018-10-14","Rocky shore","COLOMBIA","GORGONA ISLAND","LA MANCORA","LOWTIDE",NA,NA,NA,NA,"CANON G16","Edgardo","Manual",2018,"50 x 50",NA,NA,"Confirmed","X: 0 - 100% / Y: 0 - 100%",0,1,0,98,0,0,0,0,1,0,0,0,NA,NA,NA
"12","CO_GI_LM_LT_20181014_Q02.jpg","2018-10-14","Rocky shore","COLOMBIA","GORGONA ISLAND","LA MANCORA","LOWTIDE",NA,NA,NA,NA,"CANON G16","Edgardo","Manual",2018,"50 x 50",NA,NA,"Confirmed","X: 0 - 100% / Y: 0 - 100%",0,0,0,92,0,0,0,0,2,0,6,0,NA,NA,NA
"13","CO_GI_LM_LT_20181014_Q03.jpg","2018-10-14","Rocky shore","COLOMBIA","GORGONA ISLAND","LA MANCORA","LOWTIDE",NA,NA,NA,NA,"CANON G16","Edgardo","Manual",2018,"50 x 50",NA,NA,"Confirmed","X: 0 - 100% / Y: 0 - 100%",0,0,0,74,5,0,0,0,6,0,0,15,NA,NA,NA
"14","CO_GI_LM_LT_20181014_Q04.jpg","2018-10-14","Rocky shore","COLOMBIA","GORGONA ISLAND","LA MANCORA","LOWTIDE",NA,NA,NA,NA,"CANON G16","Edgardo","Manual",2018,"50 x 50",NA,NA,"Confirmed","X: 0 - 100% / Y: 0 - 100%",0,0,0,98,0,0,0,0,0,0,0,2,NA,NA,NA
"15","CO_GI_LM_LT_20181014_Q05.jpg","2018-10-14","Rocky shore","COLOMBIA","GORGONA ISLAND","LA MANCORA","LOWTIDE",NA,NA,NA,NA,"CANON G16","Edgardo","Manual",2018,"50 x 50",NA,NA,"Confirmed","X: 0 - 100% / Y: 0 - 100%",0,1,0,68,31,0,0,0,0,0,0,0,NA,NA,NA
"16","CO_GI_LM_LT_20181014_Q06.jpg","2018-10-14","Rocky shore","COLOMBIA","GORGONA ISLAND","LA MANCORA","LOWTIDE",NA,NA,NA,NA,"CANON G16","Edgardo","Manual",2018,"50 x 50",NA,NA,"Confirmed","X: 0 - 100% / Y: 0 - 100%",0,0,0,80,18,0,0,0,2,0,0,0,NA,NA,NA
"17","CO_GI_LM_LT_20181014_Q07.jpg","2018-10-14","Rocky shore","COLOMBIA","GORGONA ISLAND","LA MANCORA","LOWTIDE",NA,NA,NA,NA,"CANON G16","Edgardo","Manual",2018,"50 x 50",NA,NA,"Confirmed","X: 0 - 100% / Y: 0 - 100%",0,0,0,73,10,1,0,0,14,0,0,2,NA,NA,NA
"18","CO_GI_LM_LT_20181014_Q08.jpg","2018-10-14","Rocky shore","COLOMBIA","GORGONA ISLAND","LA MANCORA","LOWTIDE",NA,NA,NA,NA,"CANON G16","Edgardo","Manual",2018,"50 x 50",NA,NA,"Confirmed","X: 0 - 100% / Y: 0 - 100%",0,0,0,70,24,0,0,0,6,0,0,0,NA,NA,NA
"19","CO_GI_LM_LT_20181014_Q09.jpg","2018-10-14","Rocky shore","COLOMBIA","GORGONA ISLAND","LA MANCORA","LOWTIDE",NA,NA,NA,NA,"CANON G16","Edgardo","Manual",2018,"50 x 50",NA,NA,"Confirmed","X: 0 - 100% / Y: 0 - 100%",0,0,0,100,0,0,0,0,0,0,0,0,NA,NA,NA
"20","CO_GI_LM_LT_20181014_Q10.jpg","2018-10-14","Rocky shore","COLOMBIA","GORGONA ISLAND","LA MANCORA","LOWTIDE",NA,NA,NA,NA,"CANON G16","Edgardo","Manual",2018,"50 x 50",NA,NA,"Confirmed","X: 0 - 100% / Y: 0 - 100%",0,0,0,64,28,0,0,0,6,0,0,2,NA,NA,NA
"21","CO_GI_LM_MT_20181014_Q01.jpg","2018-10-14","Rocky shore","COLOMBIA","GORGONA ISLAND","LA MANCORA","MIDTIDE",NA,NA,NA,NA,"CANON G16","Edgardo","Manual",2018,"50 x 50",NA,NA,"Confirmed","X: 0 - 100% / Y: 0 - 100%",0,0,0,100,0,0,0,0,0,0,0,0,NA,NA,NA
"22","CO_GI_LM_MT_20181014_Q02.jpg","2018-10-14","Rocky shore","COLOMBIA","GORGONA ISLAND","LA MANCORA","MIDTIDE",NA,NA,NA,NA,"CANON G16","Edgardo","Manual",2018,"50 x 50",NA,NA,"Confirmed","X: 0 - 100% / Y: 0 - 100%",0,1,0,98,0,0,0,0,1,0,0,0,NA,NA,NA
"23","CO_GI_LM_MT_20181014_Q03.jpg","2018-10-14","Rocky shore","COLOMBIA","GORGONA ISLAND","LA MANCORA","MIDTIDE",NA,NA,NA,NA,"CANON G16","Edgardo","Manual",2018,"50 x 50",NA,NA,"Confirmed","X: 0 - 100% / Y: 0 - 100%",0,0,0,93,7,0,0,0,0,0,0,0,NA,NA,NA
"24","CO_GI_LM_MT_20181014_Q04.jpg","2018-10-14","Rocky shore","COLOMBIA","GORGONA ISLAND","LA MANCORA","MIDTIDE",NA,NA,NA,NA,"CANON G16","Edgardo","Manual",2018,"50 x 50",NA,NA,"Confirmed","X: 0 - 100% / Y: 0 - 100%",0,0,0,97,1,0,0,0,2,0,0,0,NA,NA,NA
"25","CO_GI_LM_MT_20181014_Q05.jpg","2018-10-14","Rocky shore","COLOMBIA","GORGONA ISLAND","LA MANCORA","MIDTIDE",NA,NA,NA,NA,"CANON G16","Edgardo","Manual",2018,"50 x 50",NA,NA,"Confirmed","X: 0 - 100% / Y: 0 - 100%",0,0,0,100,0,0,0,0,0,0,0,0,NA,NA,NA
"26","CO_GI_LM_MT_20181014_Q06.jpg","2018-10-14","Rocky shore","COLOMBIA","GORGONA ISLAND","LA MANCORA","MIDTIDE",NA,NA,NA,NA,"CANON G16","Edgardo","Manual",2018,"50 x 50",NA,NA,"Confirmed","X: 0 - 100% / Y: 0 - 100%",0,0,0,98,2,0,0,0,0,0,0,0,NA,NA,NA
"27","CO_GI_LM_MT_20181014_Q07.jpg","2018-10-14","Rocky shore","COLOMBIA","GORGONA ISLAND","LA MANCORA","MIDTIDE",NA,NA,NA,NA,"CANON G16","Edgardo","Manual",2018,"50 x 50",NA,NA,"Confirmed","X: 0 - 100% / Y: 0 - 100%",0,0,0,86,13,0,0,0,0,0,0,1,NA,NA,NA
"28","CO_GI_LM_MT_20181014_Q08.jpg","2018-10-14","Rocky shore","COLOMBIA","GORGONA ISLAND","LA MANCORA","MIDTIDE",NA,NA,NA,NA,"CANON G16","Edgardo","Manual",2018,"50 x 50",NA,NA,"Confirmed","X: 0 - 100% / Y: 0 - 100%",0,0,0,84,0,0,0,0,16,0,0,0,NA,NA,NA
"29","CO_GI_LM_MT_20181014_Q09.jpg","2018-10-14","Rocky shore","COLOMBIA","GORGONA ISLAND","LA MANCORA","MIDTIDE",NA,NA,NA,NA,"CANON G16","Edgardo","Manual",2018,"50 x 50",NA,NA,"Confirmed","X: 0 - 100% / Y: 0 - 100%",0,0,0,77,18,0,0,0,5,0,0,0,NA,NA,NA
"30","CO_GI_LM_MT_20181014_Q10.jpg","2018-10-14","Rocky shore","COLOMBIA","GORGONA ISLAND","LA MANCORA","MIDTIDE",NA,NA,NA,NA,"CANON G16","Edgardo","Manual",2018,"50 x 50",NA,NA,"Confirmed","X: 0 - 100% / Y: 0 - 100%",0,0,0,54,1,0,0,0,39,0,0,6,NA,NA,NA
"31","CO_GI_LV_HT_20181010_Q01.jpg","2018-10-10","Rocky shore","COLOMBIA","GORGONA ISLAND","LA VENTANA","HIGHTIDE",NA,NA,NA,NA,"CANON G16","Edgardo","Manual",2018,"50 x 50",NA,NA,"Confirmed","X: 0 - 100% / Y: 0 - 100%",0,0,0,98,0,0,0,0,2,0,0,0,NA,NA,NA
"32","CO_GI_LV_HT_20181010_Q02.jpg","2018-10-10","Rocky shore","COLOMBIA","GORGONA ISLAND","LA VENTANA","HIGHTIDE",NA,NA,NA,NA,"CANON G16","Edgardo","Manual",2018,"50 x 50",NA,NA,"Confirmed","X: 0 - 100% / Y: 0 - 100%",0,0,0,100,0,0,0,0,0,0,0,0,NA,NA,NA
"33","CO_GI_LV_HT_20181010_Q03.jpg","2018-10-10","Rocky shore","COLOMBIA","GORGONA ISLAND","LA VENTANA","HIGHTIDE",NA,NA,NA,NA,"CANON G16","Edgardo","Manual",2018,"50 x 50",NA,NA,"Confirmed","X: 0 - 100% / Y: 0 - 100%",0,4,0,96,0,0,0,0,0,0,0,0,NA,NA,NA
"34","CO_GI_LV_HT_20181010_Q04.jpg","2018-10-10","Rocky shore","COLOMBIA","GORGONA ISLAND","LA VENTANA","HIGHTIDE",NA,NA,NA,NA,"CANON G16","Edgardo","Manual",2018,"50 x 50",NA,NA,"Confirmed","X: 0 - 100% / Y: 0 - 100%",0,3,0,88,0,9,0,0,0,0,0,0,NA,NA,NA
"35","CO_GI_LV_HT_20181010_Q05.jpg","2018-10-10","Rocky shore","COLOMBIA","GORGONA ISLAND","LA VENTANA","HIGHTIDE",NA,NA,NA,NA,"CANON G16","Edgardo","Manual",2018,"50 x 50",NA,NA,"Confirmed","X: 0 - 100% / Y: 0 - 100%",0,0,0,100,0,0,0,0,0,0,0,0,NA,NA,NA
"36","CO_GI_LV_HT_20181010_Q06.jpg","2018-10-10","Rocky shore","COLOMBIA","GORGONA ISLAND","LA VENTANA","HIGHTIDE",NA,NA,NA,NA,"CANON G16","Edgardo","Manual",2018,"50 x 50",NA,NA,"Confirmed","X: 0 - 100% / Y: 0 - 100%",0,3,0,97,0,0,0,0,0,0,0,0,NA,NA,NA
"37","CO_GI_LV_HT_20181010_Q07.jpg","2018-10-10","Rocky shore","COLOMBIA","GORGONA ISLAND","LA VENTANA","HIGHTIDE",NA,NA,NA,NA,"CANON G16","Edgardo","Manual",2018,"50 x 50",NA,NA,"Confirmed","X: 0 - 100% / Y: 0 - 100%",0,1,0,99,0,0,0,0,0,0,0,0,NA,NA,NA
"38","CO_GI_LV_HT_20181010_Q08.jpg","2018-10-10","Rocky shore","COLOMBIA","GORGONA ISLAND","LA VENTANA","HIGHTIDE",NA,NA,NA,NA,"CANON G16","Edgardo","Manual",2018,"50 x 50",NA,NA,"Confirmed","X: 0 - 100% / Y: 0 - 100%",0,1,0,99,0,0,0,0,0,0,0,0,NA,NA,NA
"39","CO_GI_LV_HT_20181010_Q09.jpg","2018-10-10","Rocky shore","COLOMBIA","GORGONA ISLAND","LA VENTANA","HIGHTIDE",NA,NA,NA,NA,"CANON G16","Edgardo","Manual",2018,"50 x 50",NA,NA,"Confirmed","X: 0 - 100% / Y: 0 - 100%",0,0,0,100,0,0,0,0,0,0,0,0,NA,NA,NA
"40","CO_GI_LV_HT_20181010_Q10.jpg","2018-10-10","Rocky shore","COLOMBIA","GORGONA ISLAND","LA VENTANA","HIGHTIDE",NA,NA,NA,NA,"CANON G16","Edgardo","Manual",2018,"50 x 50",NA,NA,"Confirmed","X: 0 - 100% / Y: 0 - 100%",0,1,0,99,0,0,0,0,0,0,0,0,NA,NA,NA
"41","CO_GI_LV_LT_20181011_Q01.jpg","2018-10-10","Rocky shore","COLOMBIA","GORGONA ISLAND","LA VENTANA","LOWTIDE",NA,NA,NA,NA,"CANON G16","Edgardo","Manual",2018,"50 x 50",NA,NA,"Confirmed","X: 0 - 100% / Y: 0 - 100%",0,0,0,24,0,0,0,0,0,0,0,76,NA,NA,NA
"42","CO_GI_LV_LT_20181011_Q02.jpg","2018-10-10","Rocky shore","COLOMBIA","GORGONA ISLAND","LA VENTANA","LOWTIDE",NA,NA,NA,NA,"CANON G16","Edgardo","Manual",2018,"50 x 50",NA,NA,"Confirmed","X: 0 - 100% / Y: 0 - 100%",0,0,0,48,50,0,0,0,2,0,0,0,NA,NA,NA
"43","CO_GI_LV_LT_20181011_Q03.jpg","2018-10-10","Rocky shore","COLOMBIA","GORGONA ISLAND","LA VENTANA","LOWTIDE",NA,NA,NA,NA,"CANON G16","Edgardo","Manual",2018,"50 x 50",NA,NA,"Confirmed","X: 0 - 100% / Y: 0 - 100%",0,0,0,19,9,0,0,0,4,0,0,68,NA,NA,NA
"44","CO_GI_LV_LT_20181011_Q04.jpg","2018-10-10","Rocky shore","COLOMBIA","GORGONA ISLAND","LA VENTANA","LOWTIDE",NA,NA,NA,NA,"CANON G16","Edgardo","Manual",2018,"50 x 50",NA,NA,"Confirmed","X: 0 - 100% / Y: 0 - 100%",0,0,0,21,0,0,0,3,3,0,0,73,NA,NA,NA
"45","CO_GI_LV_LT_20181011_Q05.jpg","2018-10-10","Rocky shore","COLOMBIA","GORGONA ISLAND","LA VENTANA","LOWTIDE",NA,NA,NA,NA,"CANON G16","Edgardo","Manual",2018,"50 x 50",NA,NA,"Confirmed","X: 0 - 100% / Y: 0 - 100%",0,0,0,20,24,0,0,0,0,0,0,56,NA,NA,NA
"46","CO_GI_LV_LT_20181011_Q06.jpg","2018-10-10","Rocky shore","COLOMBIA","GORGONA ISLAND","LA VENTANA","LOWTIDE",NA,NA,NA,NA,"CANON G16","Edgardo","Manual",2018,"50 x 50",NA,NA,"Confirmed","X: 0 - 100% / Y: 0 - 100%",0,0,0,2,16,0,1,26,4,1,0,50,NA,NA,NA
"47","CO_GI_LV_LT_20181011_Q07.jpg","2018-10-10","Rocky shore","COLOMBIA","GORGONA ISLAND","LA VENTANA","LOWTIDE",NA,NA,NA,NA,"CANON G16","Edgardo","Manual",2018,"50 x 50",NA,NA,"Confirmed","X: 0 - 100% / Y: 0 - 100%",0,0,0,3,71,0,0,8,3,0,0,15,NA,NA,NA
"48","CO_GI_LV_LT_20181011_Q08.jpg","2018-10-10","Rocky shore","COLOMBIA","GORGONA ISLAND","LA VENTANA","LOWTIDE",NA,NA,NA,NA,"CANON G16","Edgardo","Manual",2018,"50 x 50",NA,NA,"Confirmed","X: 0 - 100% / Y: 0 - 100%",0,0,0,18,1,0,0,3,4,0,0,74,NA,NA,NA
"49","CO_GI_LV_LT_20181011_Q09.jpg","2018-10-10","Rocky shore","COLOMBIA","GORGONA ISLAND","LA VENTANA","LOWTIDE",NA,NA,NA,NA,"CANON G16","Edgardo","Manual",2018,"50 x 50",NA,NA,"Confirmed","X: 0 - 100% / Y: 0 - 100%",0,0,0,39,0,0,0,2,3,3,0,53,NA,NA,NA
"50","CO_GI_LV_LT_20181011_Q10.jpg","2018-10-10","Rocky shore","COLOMBIA","GORGONA ISLAND","LA VENTANA","LOWTIDE",NA,NA,NA,NA,"CANON G16","Edgardo","Manual",2018,"50 x 50",NA,NA,"Confirmed","X: 0 - 100% / Y: 0 - 100%",0,0,0,0,64,0,0,35,1,0,0,0,NA,NA,NA
"51","CO_GI_LV_MT_20181010_Q01.jpg","2018-10-10","Rocky shore","COLOMBIA","GORGONA ISLAND","LA VENTANA","MIDTIDE",NA,NA,NA,NA,"CANON G16","Edgardo","Manual",2018,"50 x 50",NA,NA,"Confirmed","X: 0 - 100% / Y: 0 - 100%",1,1,0,91,0,0,0,0,7,0,0,0,NA,NA,NA
"52","CO_GI_LV_MT_20181010_Q02.jpg","2018-10-10","Rocky shore","COLOMBIA","GORGONA ISLAND","LA VENTANA","MIDTIDE",NA,NA,NA,NA,"CANON G16","Edgardo","Manual",2018,"50 x 50",NA,NA,"Confirmed","X: 0 - 100% / Y: 0 - 100%",4,0,0,60,36,0,0,0,0,0,0,0,NA,NA,NA
"53","CO_GI_LV_MT_20181010_Q03.jpg","2018-10-10","Rocky shore","COLOMBIA","GORGONA ISLAND","LA VENTANA","MIDTIDE",NA,NA,NA,NA,"CANON G16","Edgardo","Manual",2018,"50 x 50",NA,NA,"Confirmed","X: 0 - 100% / Y: 0 - 100%",0,0,0,23,53,0,0,0,2,0,0,22,NA,NA,NA
"54","CO_GI_LV_MT_20181010_Q04.jpg","2018-10-10","Rocky shore","COLOMBIA","GORGONA ISLAND","LA VENTANA","MIDTIDE",NA,NA,NA,NA,"CANON G16","Edgardo","Manual",2018,"50 x 50",NA,NA,"Confirmed","X: 0 - 100% / Y: 0 - 100%",0,0,0,61,38,0,0,0,1,0,0,0,NA,NA,NA
"55","CO_GI_LV_MT_20181010_Q05.jpg","2018-10-10","Rocky shore","COLOMBIA","GORGONA ISLAND","LA VENTANA","MIDTIDE",NA,NA,NA,NA,"CANON G16","Edgardo","Manual",2018,"50 x 50",NA,NA,"Confirmed","X: 0 - 100% / Y: 0 - 100%",0,0,0,53,16,0,0,2,3,0,0,26,NA,NA,NA
"56","CO_GI_LV_MT_20181010_Q06.jpg","2018-10-10","Rocky shore","COLOMBIA","GORGONA ISLAND","LA VENTANA","MIDTIDE",NA,NA,NA,NA,"CANON G16","Edgardo","Manual",2018,"50 x 50",NA,NA,"Confirmed","X: 0 - 100% / Y: 0 - 100%",0,0,0,68,30,0,0,0,2,0,0,0,NA,NA,NA
"57","CO_GI_LV_MT_20181010_Q07.jpg","2018-10-10","Rocky shore","COLOMBIA","GORGONA ISLAND","LA VENTANA","MIDTIDE",NA,NA,NA,NA,"CANON G16","Edgardo","Manual",2018,"50 x 50",NA,NA,"Confirmed","X: 0 - 100% / Y: 0 - 100%",0,0,0,79,21,0,0,0,0,0,0,0,NA,NA,NA
"58","CO_GI_LV_MT_20181010_Q08.jpg","2018-10-10","Rocky shore","COLOMBIA","GORGONA ISLAND","LA VENTANA","MIDTIDE",NA,NA,NA,NA,"CANON G16","Edgardo","Manual",2018,"50 x 50",NA,NA,"Confirmed","X: 0 - 100% / Y: 0 - 100%",0,0,0,76,20,0,0,0,3,0,0,1,NA,NA,NA
"59","CO_GI_LV_MT_20181010_Q09.jpg","2018-10-10","Rocky shore","COLOMBIA","GORGONA ISLAND","LA VENTANA","MIDTIDE",NA,NA,NA,NA,"CANON G16","Edgardo","Manual",2018,"50 x 50",NA,NA,"Confirmed","X: 0 - 100% / Y: 0 - 100%",0,0,0,92,8,0,0,0,0,0,0,0,NA,NA,NA
"60","CO_GI_LV_MT_20181010_Q10.jpg","2018-10-10","Rocky shore","COLOMBIA","GORGONA ISLAND","LA VENTANA","MIDTIDE",NA,NA,NA,NA,"CANON G16","Edgardo","Manual",2018,"50 x 50",NA,NA,"Confirmed","X: 0 - 100% / Y: 0 - 100%",0,6,0,76,15,0,0,0,3,0,0,0,NA,NA,NA
"61","CO_GI_PV_HT_20181012_Q01.jpg","2018-10-12","Rocky shore","COLOMBIA","GORGONA ISLAND","PLAYA VERDE","HIGHTIDE",NA,NA,NA,NA,"CANON G16","Edgardo","Manual",2018,"50 x 50",NA,NA,"Confirmed","X: 0 - 100% / Y: 0 - 100%",0,0,0,100,0,0,0,0,0,0,0,0,NA,NA,NA
"62","CO_GI_PV_HT_20181012_Q02.jpg","2018-10-12","Rocky shore","COLOMBIA","GORGONA ISLAND","PLAYA VERDE","HIGHTIDE",NA,NA,NA,NA,"CANON G16","Edgardo","Manual",2018,"50 x 50",NA,NA,"Confirmed","X: 0 - 100% / Y: 0 - 100%",0,0,0,100,0,0,0,0,0,0,0,0,NA,NA,NA
"63","CO_GI_PV_HT_20181012_Q03.jpg","2018-10-12","Rocky shore","COLOMBIA","GORGONA ISLAND","PLAYA VERDE","HIGHTIDE",NA,NA,NA,NA,"CANON G16","Edgardo","Manual",2018,"50 x 50",NA,NA,"Confirmed","X: 0 - 100% / Y: 0 - 100%",0,2,0,98,0,0,0,0,0,0,0,0,NA,NA,NA
"64","CO_GI_PV_HT_20181012_Q04.jpg","2018-10-12","Rocky shore","COLOMBIA","GORGONA ISLAND","PLAYA VERDE","HIGHTIDE",NA,NA,NA,NA,"CANON G16","Edgardo","Manual",2018,"50 x 50",NA,NA,"Confirmed","X: 0 - 100% / Y: 0 - 100%",0,0,0,100,0,0,0,0,0,0,0,0,NA,NA,NA
"65","CO_GI_PV_HT_20181012_Q05.jpg","2018-10-12","Rocky shore","COLOMBIA","GORGONA ISLAND","PLAYA VERDE","HIGHTIDE",NA,NA,NA,NA,"CANON G16","Edgardo","Manual",2018,"50 x 50",NA,NA,"Confirmed","X: 0 - 100% / Y: 0 - 100%",0,1,0,99,0,0,0,0,0,0,0,0,NA,NA,NA
"66","CO_GI_PV_HT_20181012_Q06.jpg","2018-10-12","Rocky shore","COLOMBIA","GORGONA ISLAND","PLAYA VERDE","HIGHTIDE",NA,NA,NA,NA,"CANON G16","Edgardo","Manual",2018,"50 x 50",NA,NA,"Confirmed","X: 0 - 100% / Y: 0 - 100%",0,1,0,99,0,0,0,0,0,0,0,0,NA,NA,NA
"67","CO_GI_PV_HT_20181012_Q07.jpg","2018-10-12","Rocky shore","COLOMBIA","GORGONA ISLAND","PLAYA VERDE","HIGHTIDE",NA,NA,NA,NA,"CANON G16","Edgardo","Manual",2018,"50 x 50",NA,NA,"Confirmed","X: 0 - 100% / Y: 0 - 100%",0,1,0,99,0,0,0,0,0,0,0,0,NA,NA,NA
"68","CO_GI_PV_HT_20181012_Q08.jpg","2018-10-12","Rocky shore","COLOMBIA","GORGONA ISLAND","PLAYA VERDE","HIGHTIDE",NA,NA,NA,NA,"CANON G16","Edgardo","Manual",2018,"50 x 50",NA,NA,"Confirmed","X: 0 - 100% / Y: 0 - 100%",0,0,0,99,0,0,1,0,0,0,0,0,NA,NA,NA
"69","CO_GI_PV_HT_20181012_Q09.jpg","2018-10-12","Rocky shore","COLOMBIA","GORGONA ISLAND","PLAYA VERDE","HIGHTIDE",NA,NA,NA,NA,"CANON G16","Edgardo","Manual",2018,"50 x 50",NA,NA,"Confirmed","X: 0 - 100% / Y: 0 - 100%",0,0,0,100,0,0,0,0,0,0,0,0,NA,NA,NA
"70","CO_GI_PV_HT_20181012_Q10.jpg","2018-10-12","Rocky shore","COLOMBIA","GORGONA ISLAND","PLAYA VERDE","HIGHTIDE",NA,NA,NA,NA,"CANON G16","Edgardo","Manual",2018,"50 x 50",NA,NA,"Confirmed","X: 0 - 100% / Y: 0 - 100%",0,0,0,100,0,0,0,0,0,0,0,0,NA,NA,NA
"71","CO_GI_PV_LT_20181012_Q01.jpg","2018-10-12","Rocky shore","COLOMBIA","GORGONA ISLAND","PLAYA VERDE","LOWTIDE",NA,NA,NA,NA,"CANON G16","Edgardo","Manual",2018,"50 x 50",NA,NA,"Confirmed","X: 0 - 100% / Y: 0 - 100%",0,0,6,84,8,0,0,0,2,0,0,0,NA,NA,NA
"72","CO_GI_PV_LT_20181012_Q02.jpg","2018-10-12","Rocky shore","COLOMBIA","GORGONA ISLAND","PLAYA VERDE","LOWTIDE",NA,NA,NA,NA,"CANON G16","Edgardo","Manual",2018,"50 x 50",NA,NA,"Confirmed","X: 0 - 100% / Y: 0 - 100%",0,0,0,89,11,0,0,0,0,0,0,0,NA,NA,NA
"73","CO_GI_PV_LT_20181012_Q03.jpg","2018-10-12","Rocky shore","COLOMBIA","GORGONA ISLAND","PLAYA VERDE","LOWTIDE",NA,NA,NA,NA,"CANON G16","Edgardo","Manual",2018,"50 x 50",NA,NA,"Confirmed","X: 0 - 100% / Y: 0 - 100%",0,0,0,99,0,0,0,0,0,0,0,1,NA,NA,NA
"74","CO_GI_PV_LT_20181012_Q04.jpg","2018-10-12","Rocky shore","COLOMBIA","GORGONA ISLAND","PLAYA VERDE","LOWTIDE",NA,NA,NA,NA,"CANON G16","Edgardo","Manual",2018,"50 x 50",NA,NA,"Confirmed","X: 0 - 100% / Y: 0 - 100%",0,0,0,85,1,0,0,0,8,0,0,6,NA,NA,NA
"75","CO_GI_PV_LT_20181012_Q05.jpg","2018-10-12","Rocky shore","COLOMBIA","GORGONA ISLAND","PLAYA VERDE","LOWTIDE",NA,NA,NA,NA,"CANON G16","Edgardo","Manual",2018,"50 x 50",NA,NA,"Confirmed","X: 0 - 100% / Y: 0 - 100%",1,0,0,75,22,0,0,0,2,0,0,0,NA,NA,NA
"76","CO_GI_PV_LT_20181012_Q06.jpg","2018-10-12","Rocky shore","COLOMBIA","GORGONA ISLAND","PLAYA VERDE","LOWTIDE",NA,NA,NA,NA,"CANON G16","Edgardo","Manual",2018,"50 x 50",NA,NA,"Confirmed","X: 0 - 100% / Y: 0 - 100%",0,0,0,88,0,0,0,0,5,0,0,7,NA,NA,NA
"77","CO_GI_PV_LT_20181012_Q07.jpg","2018-10-12","Rocky shore","COLOMBIA","GORGONA ISLAND","PLAYA VERDE","LOWTIDE",NA,NA,NA,NA,"CANON G16","Edgardo","Manual",2018,"50 x 50",NA,NA,"Confirmed","X: 0 - 100% / Y: 0 - 100%",0,0,0,60,36,0,0,0,3,0,1,0,NA,NA,NA
"78","CO_GI_PV_LT_20181012_Q08.jpg","2018-10-12","Rocky shore","COLOMBIA","GORGONA ISLAND","PLAYA VERDE","LOWTIDE",NA,NA,NA,NA,"CANON G16","Edgardo","Manual",2018,"50 x 50",NA,NA,"Confirmed","X: 0 - 100% / Y: 0 - 100%",0,0,0,71,27,0,0,0,2,0,0,0,NA,NA,NA
"79","CO_GI_PV_LT_20181012_Q09.jpg","2018-10-12","Rocky shore","COLOMBIA","GORGONA ISLAND","PLAYA VERDE","LOWTIDE",NA,NA,NA,NA,"CANON G16","Edgardo","Manual",2018,"50 x 50",NA,NA,"Confirmed","X: 0 - 100% / Y: 0 - 100%",0,0,0,68,32,0,0,0,0,0,0,0,NA,NA,NA
"80","CO_GI_PV_LT_20181012_Q10.jpg","2018-10-12","Rocky shore","COLOMBIA","GORGONA ISLAND","PLAYA VERDE","LOWTIDE",NA,NA,NA,NA,"CANON G16","Edgardo","Manual",2018,"50 x 50",NA,NA,"Confirmed","X: 0 - 100% / Y: 0 - 100%",0,0,0,41,58,0,0,0,1,0,0,0,NA,NA,NA
"81","CO_GI_PV_MT_20181012_Q01.jpg","2018-10-12","Rocky shore","COLOMBIA","GORGONA ISLAND","PLAYA VERDE","MIDTIDE",NA,NA,NA,NA,"CANON G16","Edgardo","Manual",2018,"50 x 50",NA,NA,"Confirmed","X: 0 - 100% / Y: 0 - 100%",0,0,41,59,0,0,0,0,0,0,0,0,NA,NA,NA
"82","CO_GI_PV_MT_20181012_Q02.jpg","2018-10-12","Rocky shore","COLOMBIA","GORGONA ISLAND","PLAYA VERDE","MIDTIDE",NA,NA,NA,NA,"CANON G16","Edgardo","Manual",2018,"50 x 50",NA,NA,"Confirmed","X: 0 - 100% / Y: 0 - 100%",0,0,0,100,0,0,0,0,0,0,0,0,NA,NA,NA
"83","CO_GI_PV_MT_20181012_Q03.jpg","2018-10-12","Rocky shore","COLOMBIA","GORGONA ISLAND","PLAYA VERDE","MIDTIDE",NA,NA,NA,NA,"CANON G16","Edgardo","Manual",2018,"50 x 50",NA,NA,"Confirmed","X: 0 - 100% / Y: 0 - 100%",0,0,68,25,4,0,0,0,3,0,0,0,NA,NA,NA
"84","CO_GI_PV_MT_20181012_Q04.jpg","2018-10-12","Rocky shore","COLOMBIA","GORGONA ISLAND","PLAYA VERDE","MIDTIDE",NA,NA,NA,NA,"CANON G16","Edgardo","Manual",2018,"50 x 50",NA,NA,"Confirmed","X: 0 - 100% / Y: 0 - 100%",0,0,8,56,12,0,0,0,22,0,0,2,NA,NA,NA
"85","CO_GI_PV_MT_20181012_Q05.jpg","2018-10-12","Rocky shore","COLOMBIA","GORGONA ISLAND","PLAYA VERDE","MIDTIDE",NA,NA,NA,NA,"CANON G16","Edgardo","Manual",2018,"50 x 50",NA,NA,"Confirmed","X: 0 - 100% / Y: 0 - 100%",0,0,6,82,4,0,0,0,8,0,0,0,NA,NA,NA
"86","CO_GI_PV_MT_20181012_Q06.jpg","2018-10-12","Rocky shore","COLOMBIA","GORGONA ISLAND","PLAYA VERDE","MIDTIDE",NA,NA,NA,NA,"CANON G16","Edgardo","Manual",2018,"50 x 50",NA,NA,"Confirmed","X: 0 - 100% / Y: 0 - 100%",0,0,0,100,0,0,0,0,0,0,0,0,NA,NA,NA
"87","CO_GI_PV_MT_20181012_Q07.jpg","2018-10-12","Rocky shore","COLOMBIA","GORGONA ISLAND","PLAYA VERDE","MIDTIDE",NA,NA,NA,NA,"CANON G16","Edgardo","Manual",2018,"50 x 50",NA,NA,"Confirmed","X: 0 - 100% / Y: 0 - 100%",0,0,17,50,9,0,0,0,22,0,0,2,NA,NA,NA
"88","CO_GI_PV_MT_20181012_Q08.jpg","2018-10-12","Rocky shore","COLOMBIA","GORGONA ISLAND","PLAYA VERDE","MIDTIDE",NA,NA,NA,NA,"CANON G16","Edgardo","Manual",2018,"50 x 50",NA,NA,"Confirmed","X: 0 - 100% / Y: 0 - 100%",0,0,20,51,18,0,0,0,11,0,0,0,NA,NA,NA
"89","CO_GI_PV_MT_20181012_Q09.jpg","2018-10-12","Rocky shore","COLOMBIA","GORGONA ISLAND","PLAYA VERDE","MIDTIDE",NA,NA,NA,NA,"CANON G16","Edgardo","Manual",2018,"50 x 50",NA,NA,"Confirmed","X: 0 - 100% / Y: 0 - 100%",0,0,25,59,1,1,0,0,14,0,0,0,NA,NA,NA
"90","CO_GI_PV_MT_20181012_Q10.jpg","2018-10-12","Rocky shore","COLOMBIA","GORGONA ISLAND","PLAYA VERDE","MIDTIDE",NA,NA,NA,NA,"CANON G16","Edgardo","Manual",2018,"50 x 50",NA,NA,"Confirmed","X: 0 - 100% / Y: 0 - 100%",0,0,13,79,4,0,0,0,4,0,0,0,NA,NA,NA
"91","CO_GI_LM_HT_20181014_Q01.jpg","10/14/2018","Rocky shore","COLOMBIA","GORGONA ISLAND","LA MANCORA","HIGHTIDE",NA,NA,NA,NA,"CANON G16",NA,NA,NA,"50 x 50 ",NA,NA,"Visual","X: 0 - 100% / Y: 0 - 100%",NA,NA,0,100,0,NA,NA,0,0,0,NA,0,0,0,0
"92","CO_GI_LM_HT_20181014_Q02.jpg","10/14/2018","Rocky shore","COLOMBIA","GORGONA ISLAND","LA MANCORA","HIGHTIDE",NA,NA,NA,NA,"CANON G16",NA,NA,NA,"50 x 50 ",NA,NA,"Visual","X: 0 - 100% / Y: 0 - 100%",NA,NA,0,100,0,NA,NA,0,0,0,NA,0,0,0,0
"93","CO_GI_LM_HT_20181014_Q03.jpg","10/14/2018","Rocky shore","COLOMBIA","GORGONA ISLAND","LA MANCORA","HIGHTIDE",NA,NA,NA,NA,"CANON G16",NA,NA,NA,"50 x 50 ",NA,NA,"Visual","X: 0 - 100% / Y: 0 - 100%",NA,NA,0,100,0,NA,NA,0,0,0,NA,0,0,0,0
"94","CO_GI_LM_HT_20181014_Q04.jpg","10/14/2018","Rocky shore","COLOMBIA","GORGONA ISLAND","LA MANCORA","HIGHTIDE",NA,NA,NA,NA,"CANON G16",NA,NA,NA,"50 x 50 ",NA,NA,"Visual","X: 0 - 100% / Y: 0 - 100%",NA,NA,0,100,0,NA,NA,0,0,0,NA,0,0,0,0
"95","CO_GI_LM_HT_20181014_Q05.jpg","10/14/2018","Rocky shore","COLOMBIA","GORGONA ISLAND","LA MANCORA","HIGHTIDE",NA,NA,NA,NA,"CANON G16",NA,NA,NA,"50 x 50 ",NA,NA,"Visual","X: 0 - 100% / Y: 0 - 100%",NA,NA,0,100,0,NA,NA,0,0,0,NA,0,0,0,0
"96","CO_GI_LM_HT_20181014_Q06.jpg","10/14/2018","Rocky shore","COLOMBIA","GORGONA ISLAND","LA MANCORA","HIGHTIDE",NA,NA,NA,NA,"CANON G16",NA,NA,NA,"50 x 50 ",NA,NA,"Visual","X: 0 - 100% / Y: 0 - 100%",NA,NA,0,100,0,NA,NA,0,0,0,NA,0,0,0,0
"97","CO_GI_LM_HT_20181014_Q07.jpg","10/14/2018","Rocky shore","COLOMBIA","GORGONA ISLAND","LA MANCORA","HIGHTIDE",NA,NA,NA,NA,"CANON G16",NA,NA,NA,"50 x 50 ",NA,NA,"Visual","X: 0 - 100% / Y: 0 - 100%",NA,NA,0,100,0,NA,NA,0,0,0,NA,0,0,0,0
"98","CO_GI_LM_HT_20181014_Q08.jpg","10/14/2018","Rocky shore","COLOMBIA","GORGONA ISLAND","LA MANCORA","HIGHTIDE",NA,NA,NA,NA,"CANON G16",NA,NA,NA,"50 x 50 ",NA,NA,"Visual","X: 0 - 100% / Y: 0 - 100%",NA,NA,0,100,0,NA,NA,0,0,0,NA,0,0,0,0
"99","CO_GI_LM_HT_20181014_Q09.jpg","10/14/2018","Rocky shore","COLOMBIA","GORGONA ISLAND","LA MANCORA","HIGHTIDE",NA,NA,NA,NA,"CANON G16",NA,NA,NA,"50 x 50 ",NA,NA,"Visual","X: 0 - 100% / Y: 0 - 100%",NA,NA,0,100,0,NA,NA,0,0,0,NA,0,0,0,0
"100","CO_GI_LM_HT_20181014_Q10.jpg","10/14/2018","Rocky shore","COLOMBIA","GORGONA ISLAND","LA MANCORA","HIGHTIDE",NA,NA,NA,NA,"CANON G16",NA,NA,NA,"50 x 50 ",NA,NA,"Visual","X: 0 - 100% / Y: 0 - 100%",NA,NA,0,100,0,NA,NA,0,0,0,NA,0,0,0,0
"101","CO_GI_LM_LT_20181014_Q01.jpg","10/14/2018","Rocky shore","COLOMBIA","GORGONA ISLAND","LA MANCORA","LOWTIDE",NA,NA,NA,NA,"CANON G16",NA,NA,NA,"50 x 50 ",NA,NA,"Visual","X: 0 - 100% / Y: 0 - 100%",NA,NA,0,15,85,NA,NA,0,0,0,NA,0,0,0,0
"102","CO_GI_LM_LT_20181014_Q02.jpg","10/14/2018","Rocky shore","COLOMBIA","GORGONA ISLAND","LA MANCORA","LOWTIDE",NA,NA,NA,NA,"CANON G16",NA,NA,NA,"50 x 50 ",NA,NA,"Visual","X: 0 - 100% / Y: 0 - 100%",NA,NA,0,84,0,NA,NA,0,0,16,NA,0,0,0,0
"103","CO_GI_LM_LT_20181014_Q03.jpg","10/14/2018","Rocky shore","COLOMBIA","GORGONA ISLAND","LA MANCORA","LOWTIDE",NA,NA,NA,NA,"CANON G16",NA,NA,NA,"50 x 50 ",NA,NA,"Visual","X: 0 - 100% / Y: 0 - 100%",NA,NA,0,68,2,NA,NA,1,5,23,NA,1,0,0,0
"104","CO_GI_LM_LT_20181014_Q04.jpg","10/14/2018","Rocky shore","COLOMBIA","GORGONA ISLAND","LA MANCORA","LOWTIDE",NA,NA,NA,NA,"CANON G16",NA,NA,NA,"50 x 50 ",NA,NA,"Visual","X: 0 - 100% / Y: 0 - 100%",NA,NA,0,88,3,NA,NA,0,0,9,NA,0,0,0,0
"105","CO_GI_LM_LT_20181014_Q05.jpg","10/14/2018","Rocky shore","COLOMBIA","GORGONA ISLAND","LA MANCORA","LOWTIDE",NA,NA,NA,NA,"CANON G16",NA,NA,NA,"50 x 50 ",NA,NA,"Visual","X: 0 - 100% / Y: 0 - 100%",NA,NA,0,50,50,NA,NA,0,0,0,NA,0,0,0,0
"106","CO_GI_LM_LT_20181014_Q06.jpg","10/14/2018","Rocky shore","COLOMBIA","GORGONA ISLAND","LA MANCORA","LOWTIDE",NA,NA,NA,NA,"CANON G16",NA,NA,NA,"50 x 50 ",NA,NA,"Visual","X: 0 - 100% / Y: 0 - 100%",NA,NA,0,66,32,NA,NA,2,0,0,NA,0,0,0,0
"107","CO_GI_LM_LT_20181014_Q07.jpg","10/14/2018","Rocky shore","COLOMBIA","GORGONA ISLAND","LA MANCORA","LOWTIDE",NA,NA,NA,NA,"CANON G16",NA,NA,NA,"50 x 50 ",NA,NA,"Visual","X: 0 - 100% / Y: 0 - 100%",NA,NA,0,85,3,NA,NA,0,12,0,NA,0,0,0,0
"108","CO_GI_LM_LT_20181014_Q08.jpg","10/14/2018","Rocky shore","COLOMBIA","GORGONA ISLAND","LA MANCORA","LOWTIDE",NA,NA,NA,NA,"CANON G16",NA,NA,NA,"50 x 50 ",NA,NA,"Visual","X: 0 - 100% / Y: 0 - 100%",NA,NA,0,95,3,NA,NA,0,2,0,NA,0,0,0,0
"109","CO_GI_LM_LT_20181014_Q09.jpg","10/14/2018","Rocky shore","COLOMBIA","GORGONA ISLAND","LA MANCORA","LOWTIDE",NA,NA,NA,NA,"CANON G16",NA,NA,NA,"50 x 50 ",NA,NA,"Visual","X: 0 - 100% / Y: 0 - 100%",NA,NA,0,78,0,NA,NA,11,0,11,NA,0,0,0,0
"110","CO_GI_LM_LT_20181014_Q10.jpg","10/14/2018","Rocky shore","COLOMBIA","GORGONA ISLAND","LA MANCORA","LOWTIDE",NA,NA,NA,NA,"CANON G16",NA,NA,NA,"50 x 50 ",NA,NA,"Visual","X: 0 - 100% / Y: 0 - 100%",NA,NA,0,35,65,NA,NA,0,0,0,NA,0,0,0,0
"111","CO_GI_LM_MT_20181014_Q01.jpg","10/14/2018","Rocky shore","COLOMBIA","GORGONA ISLAND","LA MANCORA","MIDTIDE",NA,NA,NA,NA,"CANON G16",NA,NA,NA,"50 x 50 ",NA,NA,"Visual","X: 0 - 100% / Y: 0 - 100%",NA,NA,0,98,1,NA,NA,0,1,0,NA,0,0,0,0
"112","CO_GI_LM_MT_20181014_Q02.jpg","10/14/2018","Rocky shore","COLOMBIA","GORGONA ISLAND","LA MANCORA","MIDTIDE",NA,NA,NA,NA,"CANON G16",NA,NA,NA,"50 x 50 ",NA,NA,"Visual","X: 0 - 100% / Y: 0 - 100%",NA,NA,0,100,0,NA,NA,0,0,0,NA,0,0,0,0
"113","CO_GI_LM_MT_20181014_Q03.jpg","10/14/2018","Rocky shore","COLOMBIA","GORGONA ISLAND","LA MANCORA","MIDTIDE",NA,NA,NA,NA,"CANON G16",NA,NA,NA,"50 x 50 ",NA,NA,"Visual","X: 0 - 100% / Y: 0 - 100%",NA,NA,0,95,4,NA,NA,0,1,0,NA,0,0,0,0
"114","CO_GI_LM_MT_20181014_Q04.jpg","10/14/2018","Rocky shore","COLOMBIA","GORGONA ISLAND","LA MANCORA","MIDTIDE",NA,NA,NA,NA,"CANON G16",NA,NA,NA,"50 x 50 ",NA,NA,"Visual","X: 0 - 100% / Y: 0 - 100%",NA,NA,0,97,1,NA,NA,0,2,0,NA,0,0,0,0
"115","CO_GI_LM_MT_20181014_Q05.jpg","10/14/2018","Rocky shore","COLOMBIA","GORGONA ISLAND","LA MANCORA","MIDTIDE",NA,NA,NA,NA,"CANON G16",NA,NA,NA,"50 x 50 ",NA,NA,"Visual","X: 0 - 100% / Y: 0 - 100%",NA,NA,0,98,1,NA,NA,0,1,0,NA,0,0,0,0
"116","CO_GI_LM_MT_20181014_Q06.jpg","10/14/2018","Rocky shore","COLOMBIA","GORGONA ISLAND","LA MANCORA","MIDTIDE",NA,NA,NA,NA,"CANON G16",NA,NA,NA,"50 x 50 ",NA,NA,"Visual","X: 0 - 100% / Y: 0 - 100%",NA,NA,0,99,1,NA,NA,0,0,0,NA,0,0,0,0
"117","CO_GI_LM_MT_20181014_Q07.jpg","10/14/2018","Rocky shore","COLOMBIA","GORGONA ISLAND","LA MANCORA","MIDTIDE",NA,NA,NA,NA,"CANON G16",NA,NA,NA,"50 x 50 ",NA,NA,"Visual","X: 0 - 100% / Y: 0 - 100%",NA,NA,0,80,20,NA,NA,0,0,0,NA,0,0,0,0
"118","CO_GI_LM_MT_20181014_Q08.jpg","10/14/2018","Rocky shore","COLOMBIA","GORGONA ISLAND","LA MANCORA","MIDTIDE",NA,NA,NA,NA,"CANON G16",NA,NA,NA,"50 x 50 ",NA,NA,"Visual","X: 0 - 100% / Y: 0 - 100%",NA,NA,0,75,1,NA,NA,0,24,0,NA,0,0,0,0
"119","CO_GI_LM_MT_20181014_Q09.jpg","10/14/2018","Rocky shore","COLOMBIA","GORGONA ISLAND","LA MANCORA","MIDTIDE",NA,NA,NA,NA,"CANON G16",NA,NA,NA,"50 x 50 ",NA,NA,"Visual","X: 0 - 100% / Y: 0 - 100%",NA,NA,0,93,4,NA,NA,0,3,0,NA,0,0,0,0
"120","CO_GI_LM_MT_20181014_Q10.jpg","10/14/2018","Rocky shore","COLOMBIA","GORGONA ISLAND","LA MANCORA","MIDTIDE",NA,NA,NA,NA,"CANON G16",NA,NA,NA,"50 x 50 ",NA,NA,"Visual","X: 0 - 100% / Y: 0 - 100%",NA,NA,0,41,5,NA,NA,0,45,9,NA,0,0,0,0
"121","CO_GI_LV_HT_20181010_Q01.jpg","10/10/2018","Rocky shore","COLOMBIA","GORGONA ISLAND","LA VENTANA","HIGHTIDE",NA,NA,NA,NA,"CANON G16",NA,NA,NA,"50 x 50 ",NA,NA,"Visual","X: 0 - 100% / Y: 0 - 100%",NA,NA,0,100,0,NA,NA,0,0,0,NA,0,0,0,0
"122","CO_GI_LV_HT_20181010_Q02.jpg","10/10/2018","Rocky shore","COLOMBIA","GORGONA ISLAND","LA VENTANA","HIGHTIDE",NA,NA,NA,NA,"CANON G16",NA,NA,NA,"50 x 50 ",NA,NA,"Visual","X: 0 - 100% / Y: 0 - 100%",NA,NA,0,98,0,NA,NA,0,0,2,NA,0,0,0,0
"123","CO_GI_LV_HT_20181010_Q03.jpg","10/10/2018","Rocky shore","COLOMBIA","GORGONA ISLAND","LA VENTANA","HIGHTIDE",NA,NA,NA,NA,"CANON G16",NA,NA,NA,"50 x 50 ",NA,NA,"Visual","X: 0 - 100% / Y: 0 - 100%",NA,NA,0,100,0,NA,NA,0,0,0,NA,0,0,0,0
"124","CO_GI_LV_HT_20181010_Q04.jpg","10/10/2018","Rocky shore","COLOMBIA","GORGONA ISLAND","LA VENTANA","HIGHTIDE",NA,NA,NA,NA,"CANON G16",NA,NA,NA,"50 x 50 ",NA,NA,"Visual","X: 0 - 100% / Y: 0 - 100%",NA,NA,0,100,0,NA,NA,0,0,0,NA,0,0,0,0
"125","CO_GI_LV_HT_20181010_Q05.jpg","10/10/2018","Rocky shore","COLOMBIA","GORGONA ISLAND","LA VENTANA","HIGHTIDE",NA,NA,NA,NA,"CANON G16",NA,NA,NA,"50 x 50 ",NA,NA,"Visual","X: 0 - 100% / Y: 0 - 100%",NA,NA,0,100,0,NA,NA,0,0,0,NA,0,0,0,0
"126","CO_GI_LV_HT_20181010_Q06.jpg","10/10/2018","Rocky shore","COLOMBIA","GORGONA ISLAND","LA VENTANA","HIGHTIDE",NA,NA,NA,NA,"CANON G16",NA,NA,NA,"50 x 50 ",NA,NA,"Visual","X: 0 - 100% / Y: 0 - 100%",NA,NA,0,100,0,NA,NA,0,0,0,NA,0,0,0,0
"127","CO_GI_LV_HT_20181010_Q07.jpg","10/10/2018","Rocky shore","COLOMBIA","GORGONA ISLAND","LA VENTANA","HIGHTIDE",NA,NA,NA,NA,"CANON G16",NA,NA,NA,"50 x 50 ",NA,NA,"Visual","X: 0 - 100% / Y: 0 - 100%",NA,NA,0,100,0,NA,NA,0,0,0,NA,0,0,0,0
"128","CO_GI_LV_HT_20181010_Q08.jpg","10/10/2018","Rocky shore","COLOMBIA","GORGONA ISLAND","LA VENTANA","HIGHTIDE",NA,NA,NA,NA,"CANON G16",NA,NA,NA,"50 x 50 ",NA,NA,"Visual","X: 0 - 100% / Y: 0 - 100%",NA,NA,0,99,0,NA,NA,0,0,1,NA,0,0,0,0
"129","CO_GI_LV_HT_20181010_Q09.jpg","10/10/2018","Rocky shore","COLOMBIA","GORGONA ISLAND","LA VENTANA","HIGHTIDE",NA,NA,NA,NA,"CANON G16",NA,NA,NA,"50 x 50 ",NA,NA,"Visual","X: 0 - 100% / Y: 0 - 100%",NA,NA,0,100,0,NA,NA,0,0,0,NA,0,0,0,0
"130","CO_GI_LV_HT_20181010_Q10.jpg","10/10/2018","Rocky shore","COLOMBIA","GORGONA ISLAND","LA VENTANA","HIGHTIDE",NA,NA,NA,NA,"CANON G16",NA,NA,NA,"50 x 50 ",NA,NA,"Visual","X: 0 - 100% / Y: 0 - 100%",NA,NA,0,100,0,NA,NA,0,0,0,NA,0,0,0,0
"131","CO_GI_LV_LT_20181011_Q01.jpg","10/10/2018","Rocky shore","COLOMBIA","GORGONA ISLAND","LA VENTANA","LOWTIDE",NA,NA,NA,NA,"CANON G16",NA,NA,NA,"50 x 50 ",NA,NA,"Visual","X: 0 - 100% / Y: 0 - 100%",NA,NA,0,15,1,NA,NA,0,1,82,NA,0,1,15,0
"132","CO_GI_LV_LT_20181011_Q02.jpg","10/10/2018","Rocky shore","COLOMBIA","GORGONA ISLAND","LA VENTANA","LOWTIDE",NA,NA,NA,NA,"CANON G16",NA,NA,NA,"50 x 50 ",NA,NA,"Visual","X: 0 - 100% / Y: 0 - 100%",NA,NA,0,53,40,NA,NA,0,7,0,NA,0,0,0,0
"133","CO_GI_LV_LT_20181011_Q03.jpg","10/10/2018","Rocky shore","COLOMBIA","GORGONA ISLAND","LA VENTANA","LOWTIDE",NA,NA,NA,NA,"CANON G16",NA,NA,NA,"50 x 50 ",NA,NA,"Visual","X: 0 - 100% / Y: 0 - 100%",NA,NA,0,26,0,NA,NA,2,1,71,NA,0,0,0,0
"134","CO_GI_LV_LT_20181011_Q04.jpg","10/10/2018","Rocky shore","COLOMBIA","GORGONA ISLAND","LA VENTANA","LOWTIDE",NA,NA,NA,NA,"CANON G16",NA,NA,NA,"50 x 50 ",NA,NA,"Visual","X: 0 - 100% / Y: 0 - 100%",NA,NA,0,12,3,NA,NA,3,1,80,NA,1,0,0,0
"135","CO_GI_LV_LT_20181011_Q05.jpg","10/10/2018","Rocky shore","COLOMBIA","GORGONA ISLAND","LA VENTANA","LOWTIDE",NA,NA,NA,NA,"CANON G16",NA,NA,NA,"50 x 50 ",NA,NA,"Visual","X: 0 - 100% / Y: 0 - 100%",NA,NA,0,10,32,NA,NA,0,0,57,NA,1,0,0,0
"136","CO_GI_LV_LT_20181011_Q06.jpg","10/10/2018","Rocky shore","COLOMBIA","GORGONA ISLAND","LA VENTANA","LOWTIDE",NA,NA,NA,NA,"CANON G16",NA,NA,NA,"50 x 50 ",NA,NA,"Visual","X: 0 - 100% / Y: 0 - 100%",NA,NA,0,1,27,NA,NA,8,0,62,NA,1,2,0,0
"137","CO_GI_LV_LT_20181011_Q07.jpg","10/10/2018","Rocky shore","COLOMBIA","GORGONA ISLAND","LA VENTANA","LOWTIDE",NA,NA,NA,NA,"CANON G16",NA,NA,NA,"50 x 50 ",NA,NA,"Visual","X: 0 - 100% / Y: 0 - 100%",NA,NA,0,11,62,NA,NA,2,0,24,NA,1,0,0,0
"138","CO_GI_LV_LT_20181011_Q08.jpg","10/10/2018","Rocky shore","COLOMBIA","GORGONA ISLAND","LA VENTANA","LOWTIDE",NA,NA,NA,NA,"CANON G16",NA,NA,NA,"50 x 50 ",NA,NA,"Visual","X: 0 - 100% / Y: 0 - 100%",NA,NA,0,15,2,NA,NA,0,1,82,NA,0,0,0,0
"139","CO_GI_LV_LT_20181011_Q09.jpg","10/10/2018","Rocky shore","COLOMBIA","GORGONA ISLAND","LA VENTANA","LOWTIDE",NA,NA,NA,NA,"CANON G16",NA,NA,NA,"50 x 50 ",NA,NA,"Visual","X: 0 - 100% / Y: 0 - 100%",NA,NA,0,46,1,NA,NA,0,1,51,NA,0,0,0,1
"140","CO_GI_LV_LT_20181011_Q10.jpg","10/10/2018","Rocky shore","COLOMBIA","GORGONA ISLAND","LA VENTANA","LOWTIDE",NA,NA,NA,NA,"CANON G16",NA,NA,NA,"50 x 50 ",NA,NA,"Visual","X: 0 - 100% / Y: 0 - 100%",NA,NA,0,3,65,NA,NA,0,0,32,NA,0,0,0,0
"141","CO_GI_LV_MT_20181010_Q01.jpg","10/10/2018","Rocky shore","COLOMBIA","GORGONA ISLAND","LA VENTANA","MIDTIDE",NA,NA,NA,NA,"CANON G16",NA,NA,NA,"50 x 50 ",NA,NA,"Visual","X: 0 - 100% / Y: 0 - 100%",NA,NA,0,87,2,NA,NA,0,11,0,NA,0,0,0,0
"142","CO_GI_LV_MT_20181010_Q02.jpg","10/10/2018","Rocky shore","COLOMBIA","GORGONA ISLAND","LA VENTANA","MIDTIDE",NA,NA,NA,NA,"CANON G16",NA,NA,NA,"50 x 50 ",NA,NA,"Visual","X: 0 - 100% / Y: 0 - 100%",NA,NA,0,62,38,NA,NA,0,0,0,NA,0,0,0,0
"143","CO_GI_LV_MT_20181010_Q03.jpg","10/10/2018","Rocky shore","COLOMBIA","GORGONA ISLAND","LA VENTANA","MIDTIDE",NA,NA,NA,NA,"CANON G16",NA,NA,NA,"50 x 50 ",NA,NA,"Visual","X: 0 - 100% / Y: 0 - 100%",NA,NA,0,21,65,NA,NA,0,0,14,NA,0,0,0,0
"144","CO_GI_LV_MT_20181010_Q04.jpg","10/10/2018","Rocky shore","COLOMBIA","GORGONA ISLAND","LA VENTANA","MIDTIDE",NA,NA,NA,NA,"CANON G16",NA,NA,NA,"50 x 50 ",NA,NA,"Visual","X: 0 - 100% / Y: 0 - 100%",NA,NA,0,60,39,NA,NA,0,1,0,NA,0,0,0,0
"145","CO_GI_LV_MT_20181010_Q05.jpg","10/10/2018","Rocky shore","COLOMBIA","GORGONA ISLAND","LA VENTANA","MIDTIDE",NA,NA,NA,NA,"CANON G16",NA,NA,NA,"50 x 50 ",NA,NA,"Visual","X: 0 - 100% / Y: 0 - 100%",NA,NA,0,73,0,NA,NA,0,0,27,NA,0,0,0,0
"146","CO_GI_LV_MT_20181010_Q06.jpg","10/10/2018","Rocky shore","COLOMBIA","GORGONA ISLAND","LA VENTANA","MIDTIDE",NA,NA,NA,NA,"CANON G16",NA,NA,NA,"50 x 50 ",NA,NA,"Visual","X: 0 - 100% / Y: 0 - 100%",NA,NA,0,85,15,NA,NA,0,0,0,NA,0,0,0,0
"147","CO_GI_LV_MT_20181010_Q07.jpg","10/10/2018","Rocky shore","COLOMBIA","GORGONA ISLAND","LA VENTANA","MIDTIDE",NA,NA,NA,NA,"CANON G16",NA,NA,NA,"50 x 50 ",NA,NA,"Visual","X: 0 - 100% / Y: 0 - 100%",NA,NA,0,95,5,NA,NA,0,0,0,NA,0,0,0,0
"148","CO_GI_LV_MT_20181010_Q08.jpg","10/10/2018","Rocky shore","COLOMBIA","GORGONA ISLAND","LA VENTANA","MIDTIDE",NA,NA,NA,NA,"CANON G16",NA,NA,NA,"50 x 50 ",NA,NA,"Visual","X: 0 - 100% / Y: 0 - 100%",NA,NA,0,94,4,NA,NA,0,0,2,NA,0,0,0,0
"149","CO_GI_LV_MT_20181010_Q09.jpg","10/10/2018","Rocky shore","COLOMBIA","GORGONA ISLAND","LA VENTANA","MIDTIDE",NA,NA,NA,NA,"CANON G16",NA,NA,NA,"50 x 50 ",NA,NA,"Visual","X: 0 - 100% / Y: 0 - 100%",NA,NA,0,94,6,NA,NA,0,0,0,NA,0,0,0,0
"150","CO_GI_LV_MT_20181010_Q10.jpg","10/10/2018","Rocky shore","COLOMBIA","GORGONA ISLAND","LA VENTANA","MIDTIDE",NA,NA,NA,NA,"CANON G16",NA,NA,NA,"50 x 50 ",NA,NA,"Visual","X: 0 - 100% / Y: 0 - 100%",NA,NA,0,82,15,NA,NA,0,3,0,NA,0,0,0,0
"151","CO_GI_PV_HT_20181012_Q01.jpg","10/12/2018","Rocky shore","COLOMBIA","GORGONA ISLAND","PLAYA VERDE","HIGHTIDE",NA,NA,NA,NA,"CANON G16",NA,NA,NA,"50 x 50 ",NA,NA,"Visual","X: 0 - 100% / Y: 0 - 100%",NA,NA,0,100,0,NA,NA,0,0,0,NA,0,0,0,0
"152","CO_GI_PV_HT_20181012_Q02.jpg","10/12/2018","Rocky shore","COLOMBIA","GORGONA ISLAND","PLAYA VERDE","HIGHTIDE",NA,NA,NA,NA,"CANON G16",NA,NA,NA,"50 x 50 ",NA,NA,"Visual","X: 0 - 100% / Y: 0 - 100%",NA,NA,0,100,0,NA,NA,0,0,0,NA,0,0,0,0
"153","CO_GI_PV_HT_20181012_Q03.jpg","10/12/2018","Rocky shore","COLOMBIA","GORGONA ISLAND","PLAYA VERDE","HIGHTIDE",NA,NA,NA,NA,"CANON G16",NA,NA,NA,"50 x 50 ",NA,NA,"Visual","X: 0 - 100% / Y: 0 - 100%",NA,NA,0,100,0,NA,NA,0,0,0,NA,0,0,0,0
"154","CO_GI_PV_HT_20181012_Q04.jpg","10/12/2018","Rocky shore","COLOMBIA","GORGONA ISLAND","PLAYA VERDE","HIGHTIDE",NA,NA,NA,NA,"CANON G16",NA,NA,NA,"50 x 50 ",NA,NA,"Visual","X: 0 - 100% / Y: 0 - 100%",NA,NA,0,100,0,NA,NA,0,0,0,NA,0,0,0,0
"155","CO_GI_PV_HT_20181012_Q05.jpg","10/12/2018","Rocky shore","COLOMBIA","GORGONA ISLAND","PLAYA VERDE","HIGHTIDE",NA,NA,NA,NA,"CANON G16",NA,NA,NA,"50 x 50 ",NA,NA,"Visual","X: 0 - 100% / Y: 0 - 100%",NA,NA,0,100,0,NA,NA,0,0,0,NA,0,0,0,0
"156","CO_GI_PV_HT_20181012_Q06.jpg","10/12/2018","Rocky shore","COLOMBIA","GORGONA ISLAND","PLAYA VERDE","HIGHTIDE",NA,NA,NA,NA,"CANON G16",NA,NA,NA,"50 x 50 ",NA,NA,"Visual","X: 0 - 100% / Y: 0 - 100%",NA,NA,0,100,0,NA,NA,0,0,0,NA,0,0,0,0
"157","CO_GI_PV_HT_20181012_Q07.jpg","10/12/2018","Rocky shore","COLOMBIA","GORGONA ISLAND","PLAYA VERDE","HIGHTIDE",NA,NA,NA,NA,"CANON G16",NA,NA,NA,"50 x 50 ",NA,NA,"Visual","X: 0 - 100% / Y: 0 - 100%",NA,NA,0,100,0,NA,NA,0,0,0,NA,0,0,0,0
"158","CO_GI_PV_HT_20181012_Q08.jpg","10/12/2018","Rocky shore","COLOMBIA","GORGONA ISLAND","PLAYA VERDE","HIGHTIDE",NA,NA,NA,NA,"CANON G16",NA,NA,NA,"50 x 50 ",NA,NA,"Visual","X: 0 - 100% / Y: 0 - 100%",NA,NA,0,98,0,NA,NA,0,0,2,NA,0,0,0,0
"159","CO_GI_PV_HT_20181012_Q09.jpg","10/12/2018","Rocky shore","COLOMBIA","GORGONA ISLAND","PLAYA VERDE","HIGHTIDE",NA,NA,NA,NA,"CANON G16",NA,NA,NA,"50 x 50 ",NA,NA,"Visual","X: 0 - 100% / Y: 0 - 100%",NA,NA,0,100,0,NA,NA,0,0,0,NA,0,0,0,0
"160","CO_GI_PV_HT_20181012_Q10.jpg","10/12/2018","Rocky shore","COLOMBIA","GORGONA ISLAND","PLAYA VERDE","HIGHTIDE",NA,NA,NA,NA,"CANON G16",NA,NA,NA,"50 x 50 ",NA,NA,"Visual","X: 0 - 100% / Y: 0 - 100%",NA,NA,0,100,0,NA,NA,0,0,0,NA,0,0,0,0
"161","CO_GI_PV_LT_20181012_Q01.jpg","10/12/2018","Rocky shore","COLOMBIA","GORGONA ISLAND","PLAYA VERDE","LOWTIDE",NA,NA,NA,NA,"CANON G16",NA,NA,NA,"50 x 50 ",NA,NA,"Visual","X: 0 - 100% / Y: 0 - 100%",NA,NA,0,77,20,NA,NA,0,3,0,NA,0,0,0,0
"162","CO_GI_PV_LT_20181012_Q02.jpg","10/12/2018","Rocky shore","COLOMBIA","GORGONA ISLAND","PLAYA VERDE","LOWTIDE",NA,NA,NA,NA,"CANON G16",NA,NA,NA,"50 x 50 ",NA,NA,"Visual","X: 0 - 100% / Y: 0 - 100%",NA,NA,1,64,35,NA,NA,0,0,0,NA,0,0,0,0
"163","CO_GI_PV_LT_20181012_Q03.jpg","10/12/2018","Rocky shore","COLOMBIA","GORGONA ISLAND","PLAYA VERDE","LOWTIDE",NA,NA,NA,NA,"CANON G16",NA,NA,NA,"50 x 50 ",NA,NA,"Visual","X: 0 - 100% / Y: 0 - 100%",NA,NA,0,59,40,NA,NA,0,1,0,NA,0,0,0,0
"164","CO_GI_PV_LT_20181012_Q04.jpg","10/12/2018","Rocky shore","COLOMBIA","GORGONA ISLAND","PLAYA VERDE","LOWTIDE",NA,NA,NA,NA,"CANON G16",NA,NA,NA,"50 x 50 ",NA,NA,"Visual","X: 0 - 100% / Y: 0 - 100%",NA,NA,0,72,16,NA,NA,11,1,0,NA,0,0,0,0
"165","CO_GI_PV_LT_20181012_Q05.jpg","10/12/2018","Rocky shore","COLOMBIA","GORGONA ISLAND","PLAYA VERDE","LOWTIDE",NA,NA,NA,NA,"CANON G16",NA,NA,NA,"50 x 50 ",NA,NA,"Visual","X: 0 - 100% / Y: 0 - 100%",NA,NA,1,87,3,NA,NA,4,5,0,NA,0,0,0,0
"166","CO_GI_PV_LT_20181012_Q06.jpg","10/12/2018","Rocky shore","COLOMBIA","GORGONA ISLAND","PLAYA VERDE","LOWTIDE",NA,NA,NA,NA,"CANON G16",NA,NA,NA,"50 x 50 ",NA,NA,"Visual","X: 0 - 100% / Y: 0 - 100%",NA,NA,0,79,13,NA,NA,1,7,0,NA,0,0,0,0
"167","CO_GI_PV_LT_20181012_Q07.jpg","10/12/2018","Rocky shore","COLOMBIA","GORGONA ISLAND","PLAYA VERDE","LOWTIDE",NA,NA,NA,NA,"CANON G16",NA,NA,NA,"50 x 50 ",NA,NA,"Visual","X: 0 - 100% / Y: 0 - 100%",NA,NA,0,39,59,NA,NA,0,2,0,NA,0,0,0,0
"168","CO_GI_PV_LT_20181012_Q08.jpg","10/12/2018","Rocky shore","COLOMBIA","GORGONA ISLAND","PLAYA VERDE","LOWTIDE",NA,NA,NA,NA,"CANON G16",NA,NA,NA,"50 x 50 ",NA,NA,"Visual","X: 0 - 100% / Y: 0 - 100%",NA,NA,0,37,58,NA,NA,0,5,0,NA,0,0,0,0
"169","CO_GI_PV_LT_20181012_Q09.jpg","10/12/2018","Rocky shore","COLOMBIA","GORGONA ISLAND","PLAYA VERDE","LOWTIDE",NA,NA,NA,NA,"CANON G16",NA,NA,NA,"50 x 50 ",NA,NA,"Visual","X: 0 - 100% / Y: 0 - 100%",NA,NA,0,21,78,NA,NA,0,1,0,NA,0,0,0,0
"170","CO_GI_PV_LT_20181012_Q10.jpg","10/12/2018","Rocky shore","COLOMBIA","GORGONA ISLAND","PLAYA VERDE","LOWTIDE",NA,NA,NA,NA,"CANON G16",NA,NA,NA,"50 x 50 ",NA,NA,"Visual","X: 0 - 100% / Y: 0 - 100%",NA,NA,0,34,64,NA,NA,0,2,0,NA,0,0,0,0
"171","CO_GI_PV_MT_20181012_Q01.jpg","10/12/2018","Rocky shore","COLOMBIA","GORGONA ISLAND","PLAYA VERDE","MIDTIDE",NA,NA,NA,NA,"CANON G16",NA,NA,NA,"50 x 50 ",NA,NA,"Visual","X: 0 - 100% / Y: 0 - 100%",NA,NA,48,50,0,NA,NA,0,2,0,NA,0,0,0,0
"172","CO_GI_PV_MT_20181012_Q02.jpg","10/12/2018","Rocky shore","COLOMBIA","GORGONA ISLAND","PLAYA VERDE","MIDTIDE",NA,NA,NA,NA,"CANON G16",NA,NA,NA,"50 x 50 ",NA,NA,"Visual","X: 0 - 100% / Y: 0 - 100%",NA,NA,2,98,0,NA,NA,0,0,0,NA,0,0,0,0
"173","CO_GI_PV_MT_20181012_Q03.jpg","10/12/2018","Rocky shore","COLOMBIA","GORGONA ISLAND","PLAYA VERDE","MIDTIDE",NA,NA,NA,NA,"CANON G16",NA,NA,NA,"50 x 50 ",NA,NA,"Visual","X: 0 - 100% / Y: 0 - 100%",NA,NA,86,14,0,NA,NA,0,0,0,NA,0,0,0,0
"174","CO_GI_PV_MT_20181012_Q04.jpg","10/12/2018","Rocky shore","COLOMBIA","GORGONA ISLAND","PLAYA VERDE","MIDTIDE",NA,NA,NA,NA,"CANON G16",NA,NA,NA,"50 x 50 ",NA,NA,"Visual","X: 0 - 100% / Y: 0 - 100%",NA,NA,6,39,8,NA,NA,0,26,21,NA,0,0,0,0
"175","CO_GI_PV_MT_20181012_Q05.jpg","10/12/2018","Rocky shore","COLOMBIA","GORGONA ISLAND","PLAYA VERDE","MIDTIDE",NA,NA,NA,NA,"CANON G16",NA,NA,NA,"50 x 50 ",NA,NA,"Visual","X: 0 - 100% / Y: 0 - 100%",NA,NA,5,82,6,NA,NA,0,7,0,NA,0,0,0,0
"176","CO_GI_PV_MT_20181012_Q06.jpg","10/12/2018","Rocky shore","COLOMBIA","GORGONA ISLAND","PLAYA VERDE","MIDTIDE",NA,NA,NA,NA,"CANON G16",NA,NA,NA,"50 x 50 ",NA,NA,"Visual","X: 0 - 100% / Y: 0 - 100%",NA,NA,0,99,1,NA,NA,0,0,0,NA,0,0,0,0
"177","CO_GI_PV_MT_20181012_Q07.jpg","10/12/2018","Rocky shore","COLOMBIA","GORGONA ISLAND","PLAYA VERDE","MIDTIDE",NA,NA,NA,NA,"CANON G16",NA,NA,NA,"50 x 50 ",NA,NA,"Visual","X: 0 - 100% / Y: 0 - 100%",NA,NA,8,76,4,NA,NA,0,12,0,NA,0,0,0,0
"178","CO_GI_PV_MT_20181012_Q08.jpg","10/12/2018","Rocky shore","COLOMBIA","GORGONA ISLAND","PLAYA VERDE","MIDTIDE",NA,NA,NA,NA,"CANON G16",NA,NA,NA,"50 x 50 ",NA,NA,"Visual","X: 0 - 100% / Y: 0 - 100%",NA,NA,25,50,19,NA,NA,0,6,0,NA,0,0,0,0
"179","CO_GI_PV_MT_20181012_Q09.jpg","10/12/2018","Rocky shore","COLOMBIA","GORGONA ISLAND","PLAYA VERDE","MIDTIDE",NA,NA,NA,NA,"CANON G16",NA,NA,NA,"50 x 50 ",NA,NA,"Visual","X: 0 - 100% / Y: 0 - 100%",NA,NA,28,65,2,NA,NA,0,5,0,NA,0,0,0,0
"180","CO_GI_PV_MT_20181012_Q10.jpg","10/12/2018","Rocky shore","COLOMBIA","GORGONA ISLAND","PLAYA VERDE","MIDTIDE",NA,NA,NA,NA,"CANON G16",NA,NA,NA,"50 x 50 ",NA,NA,"Visual","X: 0 - 100% / Y: 0 - 100%",NA,NA,16,65,14,NA,NA,0,5,0,NA,0,0,0,0
